n_seated,n_standing,speed_kmh,radius_m,is_wet,gradient_deg,dist_to_curve_m,risk_score,stopping_dist
38.0,27.0,32.033879575284196,48.59924806609394,0.0,0.09750411613767218,120.96005401969947,0.03162537009227696,22.20944202879874
51.0,11.0,32.92155697127651,184.72464969007297,1.0,-1.3201509306229209,80.09320955968866,0.011807871011662838,29.497513033486022
28.0,37.0,37.512030622183985,183.8370613363563,0.0,0.346667548928824,119.08909128524309,0.011944189234223716,27.191301675406464
14.0,35.0,30.365439096865238,197.9449912295582,1.0,-0.7746664511502321,41.38198195755157,0.016369311819934524,25.959711399016918
42.0,4.0,42.761935892251195,176.07074699640597,1.0,-2.1577414936245756,76.20409733307312,0.021114181757894562,44.40638203746336
7.0,12.0,74.65005361938523,199.5790336858123,1.0,4.0410790545763575,84.6035690403273,0.0528785501664176,89.4250742113057
20.0,22.0,56.920870437714456,56.490375743421794,0.0,-3.152350115786431,141.4662101580198,0.07354033491374581,49.878313976333814
38.0,29.0,44.71679291673582,170.0274211878545,1.0,1.8136557558055966,39.98963652456259,0.041631021279448135,42.962567082150855
18.0,36.0,76.06464767427289,166.37537867119525,1.0,4.246447125824141,140.5032358927342,0.04688177747601529,91.66622207882088
22.0,24.0,22.907853948549338,53.87866825193941,1.0,0.38669959685433075,120.72883731985738,0.014433384838129754,17.238904775935175
10.0,26.0,32.616570674111685,28.703134310188247,0.0,3.7640848857948206,109.63410811300429,0.05987485406964251,22.153315413879852
10.0,13.0,53.95331630610554,196.08989759874393,0.0,-3.7514852156671563,118.03054037776877,0.021432149309884387,46.56507820782423
23.0,35.0,56.93315739159075,66.24466478891597,1.0,-0.06211229743591895,90.81375688200855,0.09528481097359297,65.0012941909024
52.0,38.0,22.373450393756787,175.46944018888314,0.0,-0.4297471951906062,36.61200156937288,0.010967728446491128,14.250728503237724
35.0,15.0,44.18232547442793,10.78415938817474,1.0,-4.918811929630051,28.42424532597791,0.7588704847504226,51.17753515030425
39.0,21.0,58.94923788985236,13.99471337172442,0.0,-0.5674265864066552,129.95121537755858,0.34333643886105497,50.82507354320278
23.0,20.0,61.884232784204094,98.51554865230999,1.0,-1.3097024361740217,108.77091038937498,0.06211887825298839,76.98111009244302
2.0,20.0,58.28839415097616,55.355789947662075,0.0,1.6979872777461535,31.98064241414236,0.24126206005359127,48.80397442946482
21.0,7.0,39.23379346165547,141.0698438528332,1.0,4.383297785765185,92.26400488116023,0.019003285377234315,33.80558423411346
52.0,15.0,25.61120741587457,117.45722185791132,0.0,-4.142089117379635,67.13197221213358,0.013084590336489144,17.271857811084637
1.0,30.0,45.626746785160044,24.722301515593376,0.0,-1.725236132853769,23.79827549446409,0.4075833681906147,36.02108228336452
23.0,9.0,27.72526624208333,40.899376299986244,1.0,-0.559352626057481,79.77856640357466,0.03718140826644913,22.747802695744852
43.0,31.0,76.85741951124002,83.72936131109871,1.0,-0.44814621965616697,42.22786386996259,0.2422360628722986,106.32018391774545
29.0,33.0,48.510251961357696,45.2647721515323,0.0,2.7480972084225375,14.436618623635733,0.3240255646238013,37.51402720492311
37.0,8.0,39.03555046141206,160.52224597634643,1.0,-0.5660433416655919,70.04374478181163,0.020881978230264425,37.136885885703634
1.0,16.0,65.978244267134,89.0533447551232,1.0,-4.728386985463466,88.51628281403427,0.0904972922510501,97.03938807675564
20.0,10.0,49.876915554935835,27.75205470007486,1.0,2.101040945928313,7.035961557172577,0.6560677941766695,50.239367135234176
32.0,31.0,38.602041440747,102.02515143170372,1.0,3.8482969514567165,60.313912411649525,0.03881709268906038,33.34541076527042
11.0,9.0,68.71806454344811,27.25925440166869,0.0,0.13904712549672849,38.649287975502794,0.5788547627755392,62.8236933918721
21.0,21.0,72.02912906006732,34.49808802976526,1.0,0.8110852169850535,4.597588606084862,1.2617644483648378,92.04494821317908
43.0,16.0,60.38048997732062,55.52586808535901,0.0,-3.370635610309539,18.849382441725872,0.34519894262161793,54.44661671149317
24.0,3.0,22.81786534446004,173.31026399702307,0.0,-2.7935405532104296,20.85512382275663,0.014157044411094194,14.814767224008975
48.0,24.0,53.97937280999193,185.67638114326468,1.0,-2.6482976087538823,27.43113721769567,0.06935174187161874,64.71577237943302
26.0,20.0,65.7976947198369,166.98896857309313,1.0,-0.6925802511870471,120.50663571568818,0.038001908077208206,83.28535334943273
41.0,36.0,28.19018072501493,73.47467130939097,0.0,4.281452208956421,65.92377997172088,0.027254854324493802,18.406652841298943
27.0,37.0,33.7202450830762,61.76482381067801,1.0,0.2178476671488605,22.06289884055803,0.0949894966043417,29.49924550512327
15.0,0.0,72.94970630408818,114.33958125014544,1.0,-3.0790235479864734,15.044545039183388,0.25024318025737324,107.13014242037265
14.0,24.0,21.207303311184443,147.15210050129133,0.0,-2.339122641310504,44.69106880935586,0.009834474502319375,13.507281686518704
46.0,35.0,65.16362826955856,198.74082975043322,0.0,-1.1598497027281574,119.70232780566785,0.03303365364081888,59.099495597593744
50.0,16.0,48.426397550865374,34.99843525699598,0.0,1.2325897569279942,54.66897719094652,0.18367552574877985,37.94741599656223
43.0,23.0,46.80632953037641,19.365479814522843,1.0,-0.5996684699599464,23.984604044090712,0.5370491922759393,48.77913336000303
54.0,1.0,20.42579194969323,141.92761890910148,1.0,-1.0755515582307507,60.61742723192399,0.0070990718736102165,15.166594157499974
51.0,39.0,69.16389385798956,168.12289886574206,0.0,0.6472860039899475,83.29673359305862,0.06009852091224189,63.03034523647647
2.0,14.0,41.58949403819399,170.8062681746204,0.0,-2.5816500504553455,4.437627545702077,0.08257633466820727,32.0400627105009
36.0,31.0,52.445937878032574,138.90807432466053,1.0,-4.210967274154179,94.14627021602597,0.037042145926859046,65.36338571576118
50.0,38.0,60.63804118013957,191.26300278264554,1.0,-4.755856851777779,59.265112952218395,0.05278801641097509,84.51846481349926
6.0,5.0,62.15777458627495,107.09090507347152,1.0,-2.4874083653287293,1.4588812696791575,0.322187523028239,80.64358934973795
20.0,0.0,77.35880352956434,183.62481168388038,0.0,-4.0840796585553125,101.08340984195713,0.05094324997562365,79.35540379747547
8.0,22.0,51.88039719419655,193.88430602838937,1.0,-1.6365936147923321,106.85814533439722,0.02257878279770048,58.872227901939745
38.0,38.0,43.98317305846565,170.95991683059046,1.0,2.729335403597556,94.32596828380242,0.02154144675319469,41.122871791300156
17.0,16.0,77.22221758950248,68.85412701913792,0.0,2.1629433048683833,51.28953263976334,0.24583186073033517,72.70984630565161
3.0,33.0,58.526614101531266,47.2809737223561,1.0,1.1092762278802881,79.44072810989417,0.15604988909080805,65.73445848773333
24.0,28.0,37.889021376593334,114.1428123465455,0.0,3.525002438794788,58.073655920015305,0.03404379690164878,26.87840557297124
13.0,8.0,27.587854724214267,96.0728025722358,1.0,-2.179323754557233,105.09325952395416,0.01237199774609001,23.389114507815304
49.0,12.0,70.55327008791087,176.77408501661927,0.0,3.8505375302996567,87.5370279350533,0.05288478306736767,62.56803901725744
8.0,5.0,41.73089616764909,29.006017502759207,0.0,-1.0076083033082084,12.269867074117464,0.35712545668988543,31.695018865931083
25.0,5.0,59.62818328186587,58.970611649188534,0.0,-0.9910668173337345,96.46403373284961,0.10061478428713506,51.914520518526714
52.0,19.0,48.24898516195389,152.84179945855462,1.0,-0.9464838637447848,103.08576215067023,0.02557801570720035,51.57836188463183
1.0,2.0,31.935786787702302,28.047462545689303,1.0,-4.019056337590186,55.60532709220491,0.09033255188172802,30.30621385651237
19.0,16.0,56.101196517227905,70.94523866412304,1.0,4.754904983310557,131.36786714395566,0.0593538798790193,56.624664999025875
27.0,11.0,23.640984137040938,83.5595248702568,1.0,-3.614932221748408,126.4521532267444,0.009105960398393936,19.483726196187206
46.0,0.0,44.800547592271535,128.2928213469111,0.0,-1.5911427553081547,26.274978584960678,0.06524774677638003,35.08605313562799
6.0,16.0,52.79689637982026,40.04520268667927,1.0,-1.8069967967324285,135.63994627288028,0.09006717115894071,60.82309472104248
43.0,2.0,46.162818447114745,173.51485316644482,1.0,-4.253205671832903,66.13085572426162,0.027687097533167747,53.4869490440757
7.0,25.0,64.92033051505945,95.0330247385921,0.0,-3.4773986988812333,108.562447895144,0.0719389901746149,60.59019216108931
46.0,14.0,69.67549727271874,184.23412525730572,0.0,-4.551416638146142,122.11455104508539,0.03765835154653544,68.30963784637137
34.0,35.0,66.27458444199068,98.89528359044701,0.0,-2.0759550643948654,75.76686316045348,0.1001249105542097,61.28202842828607
13.0,31.0,22.328776868708125,62.25764919873934,0.0,3.666569240289065,59.86529090562236,0.021361110263740598,13.910247615622957
16.0,31.0,31.647726226758333,36.947477450658226,1.0,-1.6055779426261552,137.31770529226475,0.03672090818303758,28.057780920286717
35.0,3.0,52.19645055582646,10.711567995144115,0.0,-3.763081679326208,34.62803294031348,0.9031823727876733,44.43809049490791
49.0,17.0,76.08932242662807,111.10992214711877,1.0,1.4569386838391796,38.54551165787167,0.18269399066766803,98.69175457961
39.0,18.0,70.097406503127,30.35977241611545,1.0,4.9660091205491055,54.24304710201556,0.4476469274805138,79.27971725940498
3.0,34.0,70.5520705011081,84.42827508992386,0.0,-2.6767621046807246,128.91986669558483,0.08507430430963032,67.72642146747589
1.0,39.0,38.192491625580494,121.96163463504647,0.0,-2.2042899462943053,140.81823963196138,0.016233245154472217,28.477247282849383
5.0,13.0,45.766873824722154,62.380320411513054,0.0,4.718470542807886,33.01015721322928,0.12588513830352732,34.128643268853935
53.0,32.0,48.24235683895624,43.2926155495619,0.0,-3.212237124495129,129.5805221446868,0.07705242718712077,39.53308863488412
41.0,13.0,29.442295000994626,157.1971082957749,0.0,0.11214067459163868,38.730443920285396,0.018971277378656712,19.950166400813927
3.0,33.0,21.86408781466738,189.8903227335079,1.0,-2.603478669839051,145.5961870124832,0.0032562439433342014,17.105515546201953
53.0,3.0,76.814173967631,29.08367939377354,0.0,4.323518979012438,89.61118379723735,0.3628329440960728,70.38716644616979
28.0,23.0,34.4427551398104,39.56216163315149,1.0,4.81521014576294,1.0629701171073591,0.2963132356877598,27.965284725965343
17.0,28.0,34.39693422341788,192.40240487801654,0.0,3.146978461200154,5.119485610676683,0.05167873435282308,23.798686980321445
25.0,18.0,25.002743226125574,17.17900214432679,1.0,-1.8521618418718944,22.122679620706272,0.1766290003859508,20.240739425759383
43.0,5.0,75.71046511662671,195.75014394458972,1.0,-0.9651252471949501,28.135973672813506,0.11950633022412353,105.52007286887769
33.0,32.0,54.78422689638632,10.882451786147866,1.0,-2.5769431633357867,115.1428684239895,0.4368924487530849,66.0926047091068
9.0,39.0,60.022211427521235,175.99704457375296,0.0,3.9075796700899144,33.41488146254248,0.08364261382455102,49.73580747938021
35.0,18.0,74.69461323578315,68.39178438767242,0.0,4.145582776881581,145.37124300747897,0.10117865326735971,67.71755715285161
13.0,0.0,40.73721013404737,188.33188305368634,0.0,-0.8112933775395281,95.41680858044074,0.014358397809420574,30.632948764277586
30.0,4.0,57.29043866828505,70.21960484076124,1.0,1.5653306990300186,103.87762638802766,0.07326196209462503,62.854381528265606
47.0,26.0,22.327967283733248,134.31820109147063,1.0,-3.3444682022530614,32.672477892781124,0.014853683571421463,17.88854558998998
14.0,15.0,31.20635169386776,25.206188255527962,0.0,-0.6506409963659099,133.90594711426272,0.05053338080178894,21.600028404293447
7.0,5.0,69.87474830539655,56.04266417621041,0.0,1.3149910667349762,100.17218592298971,0.13904460811118155,63.47057633107809
13.0,39.0,66.00610138030014,156.99907583105764,1.0,-1.1459688148198044,129.66084365127958,0.04046847890342478,84.92547391290553
22.0,12.0,41.038561487428815,110.45031219897574,1.0,-1.4240047431354008,143.47216458468404,0.018625302327967084,40.89008156998274
39.0,34.0,42.60863766645275,186.3141217395385,0.0,-4.990010077330574,18.846146566439465,0.05402064408719421,33.99323100986371
20.0,18.0,52.01326601321477,91.46276758485732,0.0,3.0429346377711406,14.48808454034185,0.1750543667834219,41.13773541641142
15.0,11.0,20.01446028110807,175.2643495046454,0.0,3.8933761202144823,120.51117398844536,0.0032230963170208947,12.201170573607834
44.0,15.0,34.47466016228167,95.30153312086513,1.0,4.694635295458322,129.91890886412554,0.01693964121318354,28.053933579204767
17.0,9.0,32.493908516492866,196.0571729533772,1.0,2.1927138506921553,87.56421313169785,0.009848608412815133,26.941074709599597
46.0,24.0,35.02897680498581,192.3685324657866,0.0,0.4879231236988457,54.90008216257809,0.01784465930519471,24.842472542878525
52.0,19.0,68.35435055200648,72.53597405565526,0.0,-2.3071548019129064,97.89444541128356,0.1129343291182037,64.31448272682275
23.0,30.0,36.78043139278659,178.3254973791926,0.0,4.992994759634985,45.8496108888686,0.024494036416640337,25.60539021043418
25.0,3.0,31.49127932300889,171.04616110097336,0.0,0.8975285453210557,35.75785382302023,0.02003407223679043,21.60459458583457
24.0,22.0,50.25580764758189,50.029275492236934,0.0,1.8115407233044623,73.22178142908982,0.11223372805655916,39.699970746352406
44.0,1.0,71.93870218236391,128.61517614882123,1.0,1.8240616195531767,32.423074140956956,0.14853878803157716,89.26996586447038
40.0,21.0,34.48098223024999,23.809639962064825,0.0,3.4525179575718146,72.55554124727594,0.11188810879283877,23.823047377496515
28.0,36.0,24.71217456756792,168.9750369108577,1.0,-4.903274611530808,143.4909758195358,0.004784642717597437,21.44611231029147
14.0,7.0,41.38428415097988,43.16371786566434,1.0,-2.7975305956862817,125.96760534260856,0.05290343201138498,43.05903162715969
44.0,6.0,64.85910947389867,23.454793263295258,1.0,1.6553400017001396,141.24463792500336,0.21945268218408148,76.09262786810226
0.0,13.0,53.041432681687674,86.04162815237413,1.0,3.951457368245678,120.94934622710379,0.045970761708410635,52.92255820380218
24.0,2.0,69.00760217446084,119.61520633393226,1.0,1.8533878192135622,53.212640391941505,0.10422397684893599,83.48377443768356
6.0,15.0,77.57552885655403,172.4342221263565,1.0,-0.8650870850631986,121.80678578273387,0.049356629868103845,109.45694142589186
8.0,18.0,67.55974860509703,195.10607984912994,1.0,-1.384445041297384,138.4373615329821,0.03000189267760808,88.87054778919315
23.0,17.0,56.2281847306252,93.5035773882741,1.0,2.3794800828332043,142.05536817555816,0.04247698268516769,59.86914522610154
0.0,15.0,49.60049528314283,21.48491536720134,0.0,2.4123769713719345,102.47967760274956,0.1869197355819748,38.779408077712695
43.0,7.0,22.404145180896002,152.33196001491544,0.0,1.0705799250569037,31.704996572266975,0.01261376875770398,14.1541630712724
7.0,32.0,79.05931872884247,117.38291868254811,0.0,-2.0853297590266298,5.959373004703627,0.4380923648928584,79.59097774622984
23.0,11.0,43.00886735450255,95.099355520448,0.0,4.251548183905436,22.080034224023365,0.09197931025932976,31.547574064322603
10.0,10.0,29.13369283501201,68.76108697051603,0.0,0.5187994211863911,144.8320376840918,0.014731918433912443,19.63168264139816
50.0,4.0,60.0025313237874,105.45572029027177,1.0,2.904923562483306,69.31452362891541,0.07509108110798818,65.3332595061501
16.0,26.0,37.05729734572756,74.34912484683588,1.0,-2.8569173783816835,128.24790222480863,0.026123673410716912,36.52494950205117
7.0,11.0,55.14669625586286,153.83225487199846,1.0,-1.5595921138527213,69.75662303374367,0.043440673313671456,64.62754878804444
34.0,16.0,55.206074470675475,113.33980233360181,1.0,3.7457951638734244,99.12263751897592,0.045969867530978106,56.452007132426026
34.0,5.0,46.74378925417215,176.60107708928126,1.0,-4.498929700600316,3.621116568350047,0.10237361296758445,55.04325201554836
32.0,32.0,70.16711693270256,113.273343783394,0.0,0.12315311256662076,37.47974140790502,0.16187256567566152,64.77396476139988
4.0,4.0,35.89802369332658,55.2698585345867,0.0,-0.1829452015599098,65.4403920063884,0.05194442182106176,25.784433428326
41.0,27.0,46.91795549706405,171.70745762410746,1.0,2.5123018890808213,94.59465707312448,0.023629432134347546,45.43831361174274
38.0,13.0,52.261527715458286,115.87161853670834,0.0,-2.1810622940066757,25.728178207976775,0.10403185431960661,43.684484413121254
40.0,4.0,59.81748324603798,49.299797247276636,0.0,-2.8093317814040053,114.68271964057351,0.10527828825935424,53.32564207372944
27.0,32.0,67.03831103033536,128.4664838916822,0.0,4.261328387732338,54.660705920435596,0.10026135338844866,57.91392680952606
6.0,18.0,43.688436972695364,77.96618533906124,0.0,0.7170965195846479,122.61529038508266,0.03485047947558224,33.174283720647544
8.0,21.0,58.76281664579576,170.4370663354925,0.0,-3.9531043171634552,14.695363559260095,0.12003226401630886,52.75917914504929
7.0,4.0,29.03665718411115,96.12695034284313,1.0,-3.0696383778567893,101.96348815235578,0.013724952951135926,25.706266025455484
11.0,1.0,75.95888603254872,148.02385804040918,0.0,4.988260595142483,43.99924998097653,0.11490870663463841,68.75595626618947
33.0,29.0,42.983528385260215,28.151879450885062,0.0,-3.043910037478076,119.30747611839269,0.09998481538207916,33.66634600302684
32.0,38.0,63.77128531858631,85.24462579744578,1.0,1.1047551135367872,60.325564056361586,0.12925913108311538,75.1954089334408
47.0,3.0,21.22046491293066,196.81587292975576,1.0,-0.798719210043819,99.80244483953497,0.0037315150189293433,15.879988253895146
54.0,32.0,32.31122857428842,163.60745500065818,1.0,3.8559909484983534,140.14579029547102,0.008543492042715753,25.99230244655344
22.0,12.0,49.22495265941468,40.38875244971644,1.0,2.5516859229532773,3.0939948020646533,0.5187294984765398,48.764208543401864
23.0,19.0,72.69514806394079,62.775169400678465,1.0,0.9695139626181581,1.6675173501560447,0.7966575093380099,92.98873110603611
36.0,6.0,51.635308997040624,72.6650036827086,1.0,-4.892610182020175,115.54188782650702,0.053180906845221185,65.47545543844618
34.0,14.0,75.79222893763274,133.56945649413467,1.0,3.7979520749345963,96.95895772621172,0.07435978943821873,92.15255438109924
43.0,22.0,49.027813794967784,153.82900430303457,1.0,-0.5533252916128373,43.9469580756649,0.05086776541600862,52.28960967031567
39.0,13.0,49.42694580415699,152.41005567350285,0.0,4.315776530185765,74.15950541613935,0.03437008021186638,37.95706234113592
21.0,22.0,27.184807310031914,106.87607069821654,1.0,-0.04460987145798789,6.290349839830311,0.054466512151136855,21.914785748681656
26.0,18.0,68.15937464913318,164.05590218924874,1.0,1.942244891827255,28.86684080418612,0.11851942121463808,81.66971988690756
34.0,28.0,34.81792474802375,93.04483572392026,0.0,-4.3070735053335785,63.67445617907512,0.03295363945202711,25.70501589725284
0.0,19.0,73.97674936233891,33.53730740615676,1.0,2.4515165352678583,125.10666243322234,0.2286689725079986,91.77826724371957
34.0,28.0,74.64945321982377,117.24394991422453,1.0,-1.620039686880771,71.95007742901272,0.10939400299600195,105.44472965174873
36.0,23.0,76.59860671244898,190.93726307421028,1.0,-1.4864098566821915,87.95437567889681,0.059350712422961506,109.50648390937758
46.0,17.0,51.2138293461854,160.66879376457715,1.0,-3.8134415529061005,131.06306879906705,0.02216356112078124,62.01147645481673
13.0,9.0,60.625627087018664,119.95312306152606,0.0,-3.5314285135979775,46.32283703832679,0.09065553138571986,54.88361910882949
2.0,7.0,66.71095280369981,132.8930754663284,0.0,-3.1424094379378986,105.10489816530838,0.05163694065367862,62.765858044755305
0.0,25.0,27.860877119027936,186.8067851367588,1.0,-1.7179383142857763,129.250088801738,0.0057958187859754075,23.469939094823715
4.0,28.0,56.057431699849836,91.38513094264249,0.0,3.9196991277560542,30.39235510442651,0.1437307703062549,45.22855496440893
25.0,9.0,22.0578740781987,72.9648863991011,0.0,-1.3173976176991953,53.47172477217487,0.017934992730049483,14.080720170851297
54.0,16.0,49.85396500332355,195.6758973500853,0.0,2.243627065632184,146.97152608340326,0.015588147858922308,39.10983392672857
13.0,1.0,29.290560897213645,174.05419536696334,0.0,-4.172524961101286,147.48278471943166,0.005562943754191222,20.492379058873848
38.0,5.0,30.975375557725084,71.37828107753445,0.0,0.910987992719926,33.484489544090685,0.04923625573671558,21.15424707284358
26.0,4.0,41.90285400155609,98.11831349857533,0.0,-0.18108768729560465,9.966875833894218,0.1156391085395474,31.6268902187428
8.0,27.0,45.94623000299018,88.86484451148182,1.0,4.7795794695450455,40.63824169650793,0.08229382363713741,42.11977507210693
14.0,4.0,57.390345471931234,38.32817894757245,1.0,3.4620776987896296,59.65979359555309,0.20706854296769545,60.24974580449871
14.0,17.0,24.46570510631094,191.98567152451923,0.0,-0.4517022756135025,66.15084013967456,0.007342407622562309,15.898898294480592
25.0,25.0,50.22150567424668,86.81936193175417,0.0,2.7514276404533877,92.82094609956354,0.053910295692573176,39.32041275834686
41.0,19.0,30.957507815186066,176.3125257012025,0.0,-3.069612587062225,134.92541401973196,0.007232031141506561,21.798642105728295
12.0,26.0,54.43851050190452,45.97768325932636,1.0,0.6233632739177808,49.55220178607437,0.19415698374102652,59.51501038071556
50.0,11.0,58.24427673567101,114.09545402107176,1.0,-4.253809444312918,127.49768032488127,0.040590880798979004,77.52725762004891
31.0,6.0,53.402555393171234,14.552663173611265,1.0,-1.5191096774831692,14.021838138994037,1.1283450502826853,61.372744059486536
38.0,2.0,64.29773062869846,155.2018919300386,1.0,-2.7413781837782967,6.281204845982208,0.19618545791194877,85.96488510842188
48.0,9.0,40.13655465445408,120.3736406667929,1.0,2.189098153252109,75.60677746851918,0.027970431873348526,36.38722071205824
51.0,33.0,65.90639549798786,128.86202085925302,1.0,-0.0990930878563856,8.949333499590734,0.2502542346399378,82.00268021019414
31.0,24.0,45.96602490249162,19.826967685384158,0.0,2.510704788480105,58.87347018513452,0.28230558970749264,34.95883815140753
3.0,34.0,49.05106989935581,50.097282739636924,1.0,0.15295437631445585,134.51671753038516,0.06679235550628879,51.3558012974467
29.0,15.0,58.88612763566429,24.12286574718023,1.0,-4.135155578483615,36.222455431121006,0.5178959658708738,78.54995433860717
36.0,1.0,21.10150303995344,64.89372000272424,1.0,2.3536764973252677,105.89636626873548,0.010491595986168957,15.02821605396786
22.0,23.0,59.2396532852149,129.2134114596087,0.0,3.332292639878056,45.35480885851003,0.08637406779234699,49.107036905907975
38.0,9.0,57.11510894432692,117.57533702030129,1.0,4.035312259127926,6.7380082863203405,0.2064135532093423,59.06348907463669
44.0,37.0,38.59082700519679,126.30846610654415,0.0,0.7199194530670816,83.5035872115464,0.024730197449804127,28.135067492484268
14.0,21.0,25.147657093969368,114.35774156179991,0.0,2.535853589994951,125.22802358051275,0.00784209604153229,16.156041900105258
42.0,25.0,25.45612699478247,61.87547117841328,1.0,2.5204433688262706,61.420267251392914,0.027013657237127373,19.195975669745962
28.0,38.0,75.39342481911372,56.45642449544079,1.0,-3.4425024020105566,92.59407396871306,0.19460915768106576,114.8221664279454
35.0,26.0,61.356759273550225,36.04133987195044,1.0,-3.3577931254042923,135.0035396486589,0.1417834656217194,81.4987928687261
12.0,28.0,27.626156826244422,171.3234662316635,0.0,-4.291144941908739,118.45417691054817,0.006786631332377697,19.033378863364554
31.0,37.0,41.40339015853438,127.13107812283646,1.0,-1.8008636485969853,29.081459908922895,0.059630058760697234,41.86475226712909
6.0,19.0,55.54897963409579,45.43709237577136,0.0,-0.26491412258935476,110.00759390475086,0.10647418372964723,46.57783528005922
50.0,26.0,70.13430230543892,43.66978216603551,0.0,4.97897852754217,75.2839537740228,0.24928943047134253,61.31050689071823
21.0,19.0,22.61965572278051,175.87676428996596,1.0,-0.6900665793183047,111.89502118291271,0.004519735698111538,17.263823041469195
27.0,18.0,34.19798788820053,151.11886411503068,1.0,2.262425885073709,74.17733257833272,0.016812133509685672,28.907133687056408
1.0,19.0,73.3849394177228,135.28582518202057,1.0,1.9339702627253463,19.19372461624543,0.20661207762443032,91.8801675797191
41.0,34.0,20.54993301102899,87.30418043246696,0.0,-2.9551804974942044,85.48641700338587,0.009876221889491462,13.050472856704062
44.0,1.0,32.08394616763324,59.77535721291833,1.0,-4.414928485505635,73.82009885960099,0.03552113809862116,30.882173742867387
52.0,29.0,77.54145055837796,196.0956449914365,0.0,0.46006751533587464,77.68826004621627,0.06675667936336335,74.7057735396665
5.0,33.0,56.80411079133027,161.47551925433203,1.0,2.003055923144761,131.83536804688055,0.02819447544276811,61.36484322769719
27.0,21.0,35.70028199825039,67.33805239589253,0.0,4.982517901862559,134.2255570059377,0.025368413299053136,24.6494539080169
27.0,2.0,24.019465663750857,171.03731129291398,1.0,-1.4138894771882926,68.03056601485775,0.007360763180211705,18.984257823380453
43.0,5.0,21.69148042683333,154.19707023678947,1.0,3.963645620810967,68.35980619201325,0.0067841968794986615,15.259011969020754
43.0,14.0,34.68470477821563,66.44530447681969,0.0,-1.1806754413081355,77.2780438308924,0.03776221296362932,24.859479249292
19.0,26.0,72.88914917533462,91.04504230591154,0.0,1.894117084305128,77.93839175013854,0.1250036368697808,67.0329312963618
29.0,9.0,44.954819257850566,45.33115462429507,1.0,0.9825293051705197,142.5580716268669,0.05431040713770096,44.12476828300343
10.0,8.0,63.22000214995958,31.099964431840775,0.0,-4.470212066974031,97.41007010662402,0.21340604988632628,59.098094070348665
54.0,32.0,75.09710212279747,147.3247862395424,0.0,-4.216115730297415,41.618549233191594,0.1332005937582772,76.03496550245649
27.0,31.0,44.482427696169,60.82725289723466,0.0,-4.79235910275539,79.7305195430985,0.06958907371915107,35.98581933841216
24.0,5.0,31.476642262243825,165.81127949178818,0.0,-1.2916591540601052,94.08353743619743,0.010172742133377025,21.94832620632685
38.0,35.0,51.02707585141517,199.16565518774095,1.0,2.458010487660107,95.96575815209468,0.024342456453851535,51.57422143368062
32.0,1.0,74.48502122359126,24.55776464663325,0.0,-3.272446060092773,87.7881339357274,0.40232807287385614,74.0476908078482
0.0,28.0,68.26246484826204,99.87667376590305,1.0,1.058529683838958,26.660423193230603,0.21044943708433592,83.86480120423337
26.0,3.0,23.94979060178923,162.39188626905258,1.0,-2.111722199689221,5.038978361926122,0.027198281518527632,19.178986483960255
51.0,0.0,61.55436800465491,159.90067034283436,1.0,2.969926239790721,50.67645785502816,0.06490905737168642,67.85513882588238
12.0,18.0,54.31385134753722,154.39946008288402,0.0,2.9839614900299094,64.12832318403804,0.0462185215543776,43.680403599279416
40.0,25.0,74.44779058078552,76.30903770736307,1.0,2.7541451496642355,9.27063593641299,0.520951664719416,91.97601596881915
2.0,24.0,27.348885011017835,96.23211858015993,1.0,0.24833513801376772,122.24510070297691,0.011338663769741894,21.976047403012878
38.0,9.0,52.042166792279396,123.04398789487935,1.0,-2.154332899201483,51.61161562654107,0.06114322571159354,60.11843436634565
5.0,14.0,72.76776161071353,195.04871087891885,1.0,3.0944404387863456,137.0449119267757,0.0345036854835627,87.92185746381583
7.0,21.0,44.60142720450458,72.23398147831365,1.0,-3.138994380607585,23.161516176339774,0.13111265454073465,48.80627367360805
26.0,20.0,48.91969506397202,185.39733866620298,0.0,-2.10240397971344,8.540243540597015,0.09314830931160041,39.80594110009571
8.0,21.0,24.2276406600175,61.17781445429388,1.0,-3.160522938393784,72.34741565794826,0.021356585805237558,19.94480936138413
36.0,35.0,36.68861842693465,197.92414844000388,0.0,1.742101603876477,28.369400523855997,0.030357544502821607,26.124405487179363
32.0,33.0,39.47039895013684,137.35010049724244,1.0,1.8623602811581808,140.60989133667917,0.015160842343387335,35.75251320119587
50.0,29.0,76.70734692469321,98.06718126812468,1.0,1.5250999278675303,1.5455097680608432,0.5921619052215067,99.79514069177475
41.0,24.0,36.96004163246954,126.54418133208493,0.0,-0.8439853313533219,61.89295125885524,0.027596428089478826,26.93677099689647
43.0,27.0,47.65212411617912,61.78092211763929,0.0,-3.9982899279856676,139.01216570177525,0.04883486078083668,39.220196588754796
23.0,0.0,60.278265413856786,62.093032927178655,1.0,4.111695845150212,57.662731009465254,0.14297583554909918,64.00968654244569
14.0,3.0,29.731002344472643,31.57536333026383,1.0,0.07730964012238162,13.966392090069114,0.1574530046110934,24.759594315619314
53.0,6.0,49.18654322851247,31.669556564025765,1.0,-0.9302780508890851,45.43424142926806,0.2313516393908162,53.1002708660277
31.0,8.0,64.31234236855445,76.05763087909315,1.0,0.8882489324829324,74.70155907516502,0.11339030138516636,76.65948853301614
31.0,35.0,72.01131278162396,154.9425408003106,1.0,-3.072095641808942,27.772753101499966,0.15122952918648405,104.82670445310693
23.0,18.0,57.5755564797456,125.51452184365087,0.0,-3.6745122089512563,69.98425577148929,0.05996863116536847,51.0433135624359
40.0,0.0,60.14321091901687,29.491066462893954,1.0,-0.9447477854205644,125.45147936787562,0.162096791652423,72.7257215992341
51.0,9.0,27.57700835507414,171.92493974542307,1.0,-2.727793059000895,130.89269552949196,0.005865109916323438,23.68025353604712
48.0,35.0,76.74658983478083,124.25984912811262,0.0,-2.5570970546283545,7.389110206609817,0.37383269625775445,76.63941055726126
48.0,8.0,27.95444464906894,192.56255958910816,0.0,3.925114877785294,24.135503707886024,0.01830840183857038,18.25385876536882
51.0,31.0,66.4803762309079,137.33523880812945,1.0,0.3075917718582488,41.293520365020626,0.11225535694392925,82.15089658814276
11.0,31.0,35.88897930669913,43.28322410379439,0.0,-0.16530935676648872,89.22987763314028,0.058023782505029625,25.772238399855482
38.0,5.0,76.0155886220751,100.01883883848623,0.0,1.8947959372859735,54.14921381887007,0.1526380342804485,71.27590737816298
1.0,37.0,63.19757236216877,133.2145435339688,0.0,4.515481136767397,126.60613701691132,0.044362937323732615,53.1456961362231
2.0,16.0,65.22882277870214,15.370293199495762,1.0,-3.878014355294359,107.50078024244064,0.4363920160314374,91.9068189782978
48.0,9.0,33.143550383593,12.8329501894135,1.0,3.335345671092572,15.068403467026231,0.48774701835626244,27.15303619324752
36.0,26.0,46.58239859810965,34.5865701137279,1.0,0.8401917986784591,93.68362537681368,0.11613221142970762,46.69279175401927
48.0,34.0,57.06879167535718,57.816242658639446,0.0,-3.5383464618816274,16.951893802046765,0.3284418658692018,50.31118001062411
16.0,20.0,66.19841709239606,91.61433346892835,1.0,-2.0285068131100834,38.25535044546901,0.16859353098447286,87.88382302039722
48.0,24.0,26.237562554743374,102.61369001435979,1.0,-0.17638583535260488,26.680595030134207,0.030125009413253315,20.922682849289362
1.0,27.0,77.7419189872717,36.22524569820039,0.0,1.9117714457742296,25.95929238010574,0.7614656110575605,73.65218014305687
1.0,14.0,73.41324023327336,137.94440003200785,1.0,-2.573929830465478,92.45932871652889,0.06919267989250565,106.18971510436555
27.0,3.0,36.22091542973506,123.26623172234162,0.0,0.34878815467589863,84.54073838312422,0.019643345267604757,25.974630113418343
53.0,28.0,69.36561458193992,65.94817877982044,0.0,1.8467162741586174,26.404222918159032,0.33353287739880233,62.41892918012407
22.0,8.0,51.09943538238941,12.595377852705482,0.0,-0.512592491524938,148.52592081276475,0.24167817405871456,41.56866728246397
36.0,26.0,47.70838889372112,24.75310391712524,0.0,3.630259611201758,63.27550985524407,0.2323576355239155,36.400765658704174
31.0,25.0,38.86604634868432,84.42200734705949,1.0,3.694591028404044,14.560399223240495,0.10851938883374865,33.76270152922843
32.0,18.0,54.85811519789555,39.25512672147995,1.0,-0.29308782359554253,18.08535254326727,0.4124812426295592,61.745633486752936
0.0,27.0,63.793347062215865,81.59572516811446,1.0,4.729257104088997,87.5840570589892,0.0972226351572885,68.88210592348443
18.0,16.0,44.655974297765496,129.35469485696748,0.0,-4.244149075945527,146.86041050752092,0.018702953946202507,35.94842701637851
1.0,19.0,57.75315158049752,113.97511129706388,1.0,-4.966376216770634,85.79266524287968,0.05627253116292816,78.7331186537723
52.0,39.0,61.958775269318224,53.92341779610491,1.0,-1.1933173619608095,142.35622149249556,0.09566975761465059,76.8444333854076
43.0,38.0,62.66730902091715,75.32627333916295,0.0,1.010970613725093,66.61992761370402,0.1309984279524748,54.466627347586844
25.0,22.0,23.117965887870817,126.66592770524362,0.0,1.2920015744966085,65.3761655478018,0.010244855174901544,14.684115136640772
31.0,31.0,71.58486834110401,173.56245532825525,1.0,-0.2355426370617142,75.00110389738234,0.06633111238393088,94.05662615541851
5.0,32.0,47.49519888590287,153.1105533603867,0.0,-3.7511668675935383,104.61381872333328,0.025246210602646004,38.92713188062497
31.0,4.0,35.74496490177287,115.14600509834884,1.0,-3.2950247821210574,55.1423949676999,0.02869077718940773,35.05582137613658
54.0,33.0,34.5058704487809,78.83566968013238,0.0,3.521479838520092,129.58290490184356,0.02170420711033875,23.83380515131802
3.0,39.0,48.98084677063703,79.35974273294303,0.0,3.6791113173926124,4.392207715221935,0.2705201858206767,37.6993434131593
54.0,10.0,73.20989236813756,177.08928895023524,1.0,1.7389853786072018,65.96462925426636,0.07076373125411944,92.02160033065725
10.0,2.0,42.70085490095882,17.456279447703817,0.0,1.6421797227888235,76.64877749698768,0.20474908686608603,31.91643545188099
16.0,32.0,64.98354480701259,197.71670243984957,0.0,0.9768212802780751,91.05483573946442,0.04111209113813912,57.38860751421943
37.0,10.0,25.809123859233118,136.23132806179683,0.0,-2.970741142980118,41.41078685487949,0.015889546184041398,17.284476239751328
23.0,15.0,48.563402129063704,139.4161628237542,1.0,-0.7174929974009681,64.1219956478753,0.040637169549157644,51.76509547681235
4.0,17.0,79.50116842356414,17.21958908790101,1.0,1.958946514633787,72.6806625321085,0.8001077554038902,104.44723819655687
51.0,29.0,66.22626816754021,125.05056222934171,1.0,0.37252272003338693,103.03649680248199,0.060622419263694986,81.496356172211
33.0,9.0,32.63170930643678,102.10783141718493,0.0,-4.814196659449008,116.03162771037209,0.015212637246884762,23.717520792834478
5.0,17.0,50.08648842187464,30.09799230987273,0.0,4.535568067200984,110.67409910156807,0.12892023903922462,38.57067286172373
21.0,37.0,34.01748581891399,62.805182046178224,0.0,3.448160525721434,51.237457843437795,0.05612947165436141,23.41621047479862
10.0,18.0,44.573655635750555,179.15974668059374,0.0,-2.3945498589026215,149.91757844879453,0.01327160928434042,35.134318683918366
47.0,35.0,66.80504142409788,114.49779901453105,1.0,1.1645893516629613,127.29979676807692,0.05715728629337043,80.79692606569502
15.0,12.0,66.27348891742422,88.54914928304265,1.0,4.232393837281877,39.00350597174534,0.16726787153332648,73.87532121053864
32.0,2.0,33.68602267414311,23.80960960975408,0.0,-4.0398898788634865,29.26587085092413,0.18649683561589653,24.54560187334073
8.0,9.0,75.3333990892916,145.68309020643807,1.0,0.030294807967006232,47.10318758750857,0.11354647129618771,101.3385520251892
5.0,37.0,55.55409096588961,143.5416564452462,1.0,-0.43756974153705497,67.85172794994673,0.05309618201658551,63.229106914332775
15.0,0.0,42.79545745772087,126.66828532478708,1.0,-0.8979499471646768,127.61990674794207,0.018455027921647358,42.94143881139726
28.0,26.0,50.11613484685164,106.94990278192336,0.0,3.3558860889292497,116.75433956918016,0.036087734283513626,38.99690293633623
2.0,7.0,56.30427520626462,92.41903641940081,1.0,-1.1935385330254267,127.68691852588141,0.04480455432390817,66.02813008776286
19.0,16.0,53.59343191074713,122.72150766771854,1.0,-4.363366667589924,40.79356723654927,0.0779662486012895,68.06805766691627
35.0,8.0,49.18430213217069,54.345135828397275,1.0,-4.341622578356975,89.01918336777543,0.08079565440221763,59.303638432677474
18.0,5.0,50.29596824536401,188.83922219375307,1.0,-4.57255393475391,42.487359341606165,0.04146488334066476,61.99140506145213
25.0,24.0,30.584714625673172,121.87096054424362,1.0,-0.9085457812596276,16.353474107923972,0.044060386132685536,26.302029058737475
2.0,38.0,68.76397425828077,69.12656442733154,0.0,2.1840627769835996,102.6296615212021,0.1213830977472662,61.4055539129878
18.0,27.0,52.50561919646092,95.43917166817988,1.0,-2.962775380694845,21.449632679315815,0.1466615249054168,62.60548025233071
19.0,32.0,27.864791702282186,163.08010988660953,1.0,1.4646852043154945,100.15466425597072,0.008472942973369271,22.062903950430602
31.0,36.0,65.96942609496668,40.70705153875652,0.0,1.8708847210370416,97.19464573581136,0.19746465719930195,58.05584574024873
6.0,8.0,75.94663870264105,65.63876826744948,1.0,-2.4479787598440206,121.53726666360255,0.12070628043345646,111.80165271275686
51.0,17.0,76.83841395421773,139.10652431994552,0.0,1.0055765606062927,20.933190684534658,0.2129594148274107,73.2022362188336
40.0,20.0,42.141063944670364,69.94294923162253,0.0,1.8486834002684738,117.52202227632164,0.038168270831594145,31.306911394126487
32.0,1.0,28.13101241364524,160.57531955367853,0.0,-0.33386377197874295,149.89147889193555,0.0055682992181090366,18.89680905334322
39.0,37.0,51.103977597983906,34.786162563698554,0.0,-1.6328340271990494,127.65636728788533,0.11037394496290351,42.078017264609166
38.0,39.0,26.756553760953242,154.91037238637563,1.0,1.1915155157432733,112.77181144914994,0.007595103730190703,20.971356398483003
17.0,35.0,76.03924511075704,22.986825821607585,1.0,4.778470873280569,99.32480320420615,0.454762541527469,90.46272436607077
39.0,36.0,31.01477764130876,12.392596406824008,0.0,-0.7315859063102192,63.267222702814415,0.2018261331928902,21.44397303034958
0.0,14.0,35.16595159706984,180.6624685781108,1.0,-1.0826490371487896,109.57502518374034,0.010515336570343222,32.27152800724262
10.0,27.0,44.39819161309823,120.45445121713674,0.0,-0.3573309757388665,108.62670527106798,0.026735550294616994,34.24114318846095
27.0,17.0,42.989868113547544,76.84711044649418,1.0,-4.237816065549518,94.72474240309323,0.042736615523321524,47.8385248448119
24.0,33.0,67.67977354387334,54.19298102313158,1.0,0.5316327967139001,119.44175674467427,0.13005342130585104,83.97961146927983
49.0,21.0,47.379009233057744,127.20829881955507,0.0,-1.713026127827364,67.3145832640252,0.04199805297014561,37.92625978449453
22.0,10.0,30.246095600200213,106.71041487198026,1.0,-3.7857787766873754,18.187906819858597,0.044469761202092534,27.79890392544842
30.0,12.0,36.03259372916445,198.4035773506972,0.0,-0.33743258882626637,83.86015914138561,0.012628035300549598,25.94362041551713
29.0,3.0,50.54680311125132,196.8110374642117,1.0,-4.9661601342602255,39.756529306701395,0.0419742492904712,63.46359848461834
41.0,21.0,28.847235045568095,130.65466756690583,1.0,-0.9821475483724107,57.66496461437253,0.01701138539402158,24.255738030739437
34.0,6.0,56.69934053876084,94.1453961601192,1.0,-3.942647320735495,2.6122355911839037,0.296336683025037,73.33010021008148
6.0,23.0,53.94483839306876,103.31678413558579,0.0,-4.757072966002197,57.4185881876825,0.07529996168571103,47.16443401968981
15.0,3.0,62.88213898293546,139.67102258500378,0.0,3.2447504624450207,121.32016592031819,0.038302672041848757,53.44601567402775
25.0,27.0,76.26227692276206,29.29916340472246,0.0,4.162488032826348,81.40835504073823,0.4124396916552331,69.77657452740638
47.0,14.0,74.73527366606933,72.38689402403645,1.0,-2.9232535164089333,1.4700790400956565,0.7301537011707111,110.8477934693496
51.0,0.0,76.76453708412988,24.30172579068473,0.0,0.3929826383426127,70.4765730359771,0.5188724604400473,73.66361454189234
48.0,2.0,34.682935821422056,23.938544308214716,0.0,-2.2204184286901505,43.717747146811114,0.15358922591624544,25.081186800442133
1.0,13.0,27.893918398361276,47.20945595990441,0.0,-0.06422561327817822,71.63259830957567,0.03566320783911119,18.662714854715734
0.0,37.0,38.13660202978691,102.19811837271311,1.0,-0.6336867910583976,60.70390821718156,0.038252562706436906,35.94383937319944
47.0,0.0,73.70511036597888,159.10712102092998,1.0,-2.3094894491951434,139.79688293360724,0.041263263255579975,105.84350407647426
11.0,37.0,78.3232084774093,102.24421932151579,1.0,2.0039357963529767,6.176594844452371,0.49732471606662315,101.8270305120502
4.0,37.0,71.55949706422857,73.74055600656526,1.0,-3.7350904067974575,102.53820169228983,0.1229439635016434,106.51173014377352
36.0,20.0,26.601063267652616,25.647068163984045,0.0,-4.469272178286329,127.65398944526122,0.03859023892795193,18.16708013815295
31.0,28.0,76.8456798835876,114.55614940479462,1.0,2.676754330372791,143.88578769757132,0.06653998067634279,96.95783311864724
54.0,4.0,45.401481641047155,61.54103143180358,0.0,1.6593003122067984,26.645433981644384,0.1413517743824197,34.64025114356927
8.0,9.0,20.55861744574122,126.83749380425802,1.0,-0.014738758536020358,79.69572029492909,0.006537541427297246,15.03195040781959
40.0,27.0,46.54362444489161,195.66567043515948,0.0,-0.32210229527458445,6.5384365975817875,0.08810437763010451,36.493154807330754
34.0,20.0,22.764150180528056,31.14972108073453,0.0,-0.0258862050857378,74.87752866826328,0.036192490739654394,14.51960226260273
18.0,6.0,52.632675269667054,50.30382575716858,1.0,-0.6297592390132711,18.818713431147287,0.27561779673833237,58.4526989825833
47.0,2.0,40.31324164622308,99.8879622388812,0.0,-1.0710770416882087,125.68450120480702,0.021737109059260584,30.280638555056143
15.0,19.0,48.40609601564292,194.0366249157266,0.0,-0.003093971138796725,17.080500390804726,0.06659964708860343,38.38117415008604
2.0,18.0,56.79022164458702,156.64385749129917,0.0,0.28515171159760433,76.9932540579743,0.04302384421813261,47.760095354685845
19.0,34.0,72.12806574906922,180.66354670093773,0.0,1.919023140836209,78.16441034891307,0.0631046478936751,65.99786796383529
23.0,3.0,59.71409458831572,73.40582121040066,1.0,2.1120716073402255,145.74757468974082,0.05638337082161528,66.10422480881326
53.0,4.0,46.04293210869084,198.48731001793297,1.0,-1.2237091985985538,98.24710410583322,0.017771240567448204,48.390436571164834
32.0,0.0,69.16567122022191,29.538235052189904,0.0,-0.8645947725651126,43.176043961520286,0.4899478747653426,64.21516692705403
23.0,3.0,74.33492825438793,20.064852148759158,1.0,-1.2630283026377698,36.11989649072077,0.9440783635301956,103.43044980630674
51.0,11.0,27.18559798593183,172.56449914026535,0.0,0.36535773625710366,19.237230846759733,0.021987118177347397,18.020931068550937
10.0,26.0,51.915978653167485,186.1803253393274,0.0,-0.46646462085804696,113.47720860735893,0.022713165777853612,42.472237421433476
48.0,22.0,37.07071758454665,27.211217933759333,1.0,3.8959646313619354,103.61349842735079,0.08513620708609386,31.461691121442897
7.0,24.0,22.823671872616845,31.551211081709884,0.0,1.963612669164726,91.48156909621589,0.03077349080518365,14.40568602154438
35.0,20.0,60.11280170683912,16.303089973597025,1.0,3.9865638375444554,6.126066442498251,1.7516135792809138,63.917426550357135
37.0,23.0,71.76624664755353,29.85643690211758,0.0,2.091369915594256,114.42432995914417,0.2676274629972901,65.3873912585196
39.0,24.0,29.774159268643643,49.789765192053366,1.0,4.709921485238141,96.28313657227189,0.03204324380203907,22.95014295155918
19.0,31.0,68.74481945743403,194.31455759290017,1.0,1.3573677825526909,144.58333021657324,0.03150077407098103,84.1070172034834
34.0,31.0,71.2037440122165,136.89344222553927,0.0,4.635501381630547,88.08031948152181,0.07315739091518415,62.87504795505641
47.0,4.0,74.86042655998901,157.925074848523,1.0,-3.418301095905739,45.59278599925622,0.10610708019087718,113.35798839429762
24.0,35.0,35.917105345163144,157.46648670138921,0.0,-4.475223191705961,57.22808282839804,0.022892654228893475,26.83225984514731
34.0,38.0,74.23718391139336,111.66401245805078,1.0,0.7912518520385925,26.376105806734873,0.2316169266539084,96.69349620091045
24.0,15.0,39.239765284185935,161.52290576547327,0.0,4.834932057997748,108.43712733020777,0.015004857642039028,27.863274398191095
28.0,32.0,53.14028080733017,123.20343115409423,1.0,-0.8239475269760321,106.1582490032588,0.038879001821875765,59.66022733056694
17.0,20.0,23.030448249936928,69.76375854463795,1.0,-2.879566378070404,30.097502321651437,0.031170416394965393,18.47530727856516
45.0,8.0,22.632865302124618,116.61092066599613,1.0,0.21541449193513973,23.77339847734179,0.019954672236489127,17.011078283649194
17.0,5.0,63.22239276393218,111.36663136555755,0.0,1.487986245788886,11.550739980329189,0.21986848757601957,54.865669902822134
1.0,34.0,46.668798678667464,166.4560802142709,1.0,-1.8482130448411105,136.7963615522638,0.0179297519002568,50.29248797205311
53.0,38.0,35.37754252215306,196.5281713025152,0.0,2.147693584992595,34.96047505422767,0.02521982797261159,24.84818436142426
34.0,21.0,31.42480976149461,88.0980874299768,1.0,4.751145070457258,51.624529012770594,0.03240912555702677,24.679243901537514
15.0,4.0,60.197209451553086,155.04422890385834,1.0,3.9696312171061687,42.075676256623595,0.07232843486852121,64.07883275802484
40.0,22.0,20.024092641520394,28.954970767245374,0.0,-2.084146264878047,62.043690391618654,0.035113371691720165,12.58191040416532
35.0,16.0,68.35347015181125,157.59796019517484,1.0,-1.7327631685540168,107.1073199073725,0.047514281675147166,91.64244983718471
32.0,11.0,24.754976367795727,80.5692132787141,0.0,-1.284587755504114,130.58934505894265,0.010094151771110081,16.217696031125172
3.0,22.0,31.489376894487165,17.484130949040466,0.0,-1.0544722160635467,27.389812429281022,0.24653307103097225,21.918966672410427
32.0,15.0,43.174183717945375,79.01677392681367,0.0,-3.9968050080672057,102.96185156117477,0.038904831342916314,34.223380062574265
13.0,2.0,49.09152438296621,126.02212267511251,0.0,2.6196283888928926,52.88432133637278,0.04984102334627263,38.16817156826049
20.0,29.0,41.29970694883651,32.657531859478645,0.0,-1.3466073638929954,147.07907524459392,0.06623163031519108,31.35700021503542
47.0,21.0,39.242729899057636,185.56655356174838,1.0,3.798199767054522,44.837873892611526,0.026586445706281454,34.16643539141609
19.0,8.0,77.83496072439131,24.75775852183933,0.0,4.269406231201087,1.0789434011789945,2.2765966798088355,71.79621320875552
7.0,28.0,58.494780874603656,186.70127676830157,1.0,-4.755686906923119,77.34599610297678,0.039676044387398156,79.68260598642067
6.0,36.0,21.40597732204329,144.35612840778043,0.0,4.885030699282062,22.60966264139066,0.016112418293629607,13.153196295537628
2.0,22.0,45.81055450665879,72.64531332869869,0.0,2.100227315001846,6.674164022759865,0.22303255978749928,34.92453252506575
16.0,12.0,72.50052198463821,84.24256606472771,1.0,0.2039222599296231,104.74038479215628,0.09957848746109804,94.71798736089498
32.0,31.0,38.08737118464008,150.75377929922138,1.0,-1.104723916274467,109.83889237626848,0.01581938065655279,36.29420101253035
47.0,22.0,25.673380686463293,124.2795091674294,0.0,0.18518132609712912,69.10485196747538,0.01240060843726488,16.80490029406975
11.0,16.0,65.50308629539506,137.6121550764396,0.0,-1.7537527602155556,101.5328275134866,0.05178171172842503,59.9949344070647
50.0,39.0,56.360829916164874,83.9412771375612,1.0,1.2268781369654824,80.73591723707008,0.08196269624727076,61.81528488954541
21.0,20.0,54.21875046959023,102.6845615434438,1.0,-4.0701972355520875,94.47016615828974,0.051431108957395326,68.57010507589214
54.0,1.0,23.214593576444475,198.07482196719974,0.0,1.211226029118102,89.50559597819418,0.0048372239924255175,14.765231008913206
21.0,36.0,28.42994058773104,50.64534539494636,0.0,-2.246551498615559,99.87341460833886,0.028809905875261298,19.419363235721246
45.0,5.0,57.35296377278683,89.39267543920496,0.0,-4.823651709476536,29.94459730097569,0.1448894516329222,51.54769319559906
29.0,17.0,32.46943048753015,65.4464056390538,1.0,0.5270576616287759,40.30599300550503,0.05449462883189073,27.777485090298097
37.0,29.0,50.24420478490546,155.37118698357148,0.0,0.7844775585269637,65.9944724261538,0.04011908448402727,40.081048324658234
37.0,21.0,52.69290116176361,155.16239887648695,1.0,-0.7343099528846397,66.91920141287795,0.04266499385930963,58.73073647594322
44.0,32.0,37.01043141625637,65.56463758950521,1.0,-4.2771376744968315,116.16175673803563,0.032875305759508165,38.079174838226976
50.0,29.0,76.90550933248957,25.46416016026675,0.0,3.9334295280419154,55.109048884429804,0.6575674290332705,70.8141614845868
53.0,16.0,70.54784641013451,12.17220856771877,0.0,1.114308072278889,24.375773408877354,1.8875741937458719,64.51173416895163
7.0,31.0,63.34241045796791,91.21560131607224,1.0,-3.842867004310304,37.71989557366138,0.16223079202022733,87.46191647530333
26.0,13.0,24.679631984564544,87.96414292379647,0.0,0.10930576594147645,32.21002535763426,0.026633422056072026,16.01422258390454
26.0,9.0,26.367801158541166,197.79407694157396,0.0,-0.027456840515285297,109.7490028884033,0.005356417293665974,17.39359692422495
33.0,35.0,49.566880751897344,99.26239438255912,1.0,-4.39598131207073,70.55094219389731,0.059010181770537906,60.160205758301174
20.0,33.0,29.64280095145914,58.71949021932992,0.0,1.068597036029475,106.29460469564752,0.025414603701768353,19.989535703288233
29.0,8.0,78.69592781176844,179.3335937959788,1.0,3.083263989215644,62.43295211364404,0.08263392250708275,99.65447106955784
32.0,27.0,29.511214041644568,103.3029104341799,1.0,2.4900805424847814,133.4603403755858,0.011588266998840996,23.460014655552914
27.0,10.0,49.24807012783844,123.84337069000979,0.0,-2.9703058583581665,147.52804615841018,0.023217325713675557,40.57151234701418
46.0,13.0,41.84726341049033,28.17705498136041,1.0,3.6229252955421143,100.47637630539174,0.10442277004766677,37.58641325025759
32.0,38.0,58.36318528724588,82.75411739265707,1.0,-1.5745783434064908,129.57188358543283,0.05989217471258096,70.71798362105184
4.0,18.0,27.742184533365496,189.40249815001948,0.0,4.465083782919414,76.1899900758094,0.00856944326439535,18.02821743838907
47.0,14.0,45.818985682543456,122.00602299333083,1.0,-4.282520357742863,140.1931260530862,0.021823399987291096,52.91979924696365
18.0,27.0,36.482301968428615,75.45535247706772,0.0,-0.1379131148015733,124.7379728509242,0.02564743302905692,26.323886085707652
3.0,23.0,73.26509148030128,128.87676432000268,1.0,0.9712437717754918,148.76678576490588,0.05103436427528881,94.16060393428508
34.0,7.0,22.435142728081704,182.97810701984207,1.0,-2.523499015253953,93.46406029916709,0.0047762330686371484,17.688017900282343
48.0,8.0,74.82364964038756,62.05821408979211,1.0,2.713801887202277,116.88101104023428,0.1312332648817521,92.81640356047961
16.0,32.0,69.97964831318002,105.97217650942814,1.0,1.2689567981071703,81.43022099673202,0.0973930326297601,86.74099788373377
43.0,32.0,37.854242986448924,192.15122424323351,1.0,-4.8189056271204445,38.86801564071342,0.027140719460721267,40.13714592004409
27.0,18.0,67.35743928062628,42.755267226706,1.0,1.0836859069623583,53.21327566946366,0.29653670745746874,82.0446418148912
29.0,2.0,21.872813620324855,146.73614586337519,1.0,-0.08521765581553598,134.1008122096974,0.004070225916819334,16.335076151004003
28.0,9.0,78.01193301760361,126.75139155856665,0.0,-3.039707982964923,8.392191989793085,0.33471730969043356,79.10357681622231
45.0,39.0,51.59569655538736,139.1382749167206,1.0,4.957482270595296,88.72198291116122,0.038397228708160834,49.769559281723005
52.0,0.0,38.19686156392672,76.73172982683823,0.0,3.9716219482761494,55.8726048756163,0.04854813356016582,27.074030440434797
5.0,28.0,41.754992755680625,69.63708096191533,1.0,-2.074923049709365,58.003880700833356,0.06761812497122499,42.73001564327858
34.0,33.0,23.98432120762984,139.9998374117904,1.0,0.41070920798616295,132.6856809620651,0.005777876453107012,18.326158147601596
40.0,12.0,79.36097084252235,50.95322416986362,0.0,-1.8349786008970925,128.07335618193397,0.16801232291681203,79.7623326491198
36.0,0.0,22.357516709041548,89.73440152321098,0.0,2.754957516360781,89.8263563358703,0.00972226804707883,13.994630540084081
23.0,33.0,59.29442738887154,45.75318275005442,0.0,4.30331433196455,40.93782711065009,0.27053772723994507,48.71221697957542
28.0,28.0,46.5641556623875,11.57791981343265,1.0,-1.4117139308561644,71.3184519243036,0.43364394361800807,49.4904892702525
48.0,12.0,76.9349730913229,194.3108984072332,0.0,3.055842491436275,61.244009068382404,0.07569588830788247,71.56157457549347
45.0,28.0,34.75998441840771,92.02356594471962,1.0,-0.015924572867951348,53.042704380374296,0.038096260493335865,30.967259189077403
52.0,38.0,51.92520943628068,194.1764267397668,1.0,-1.0342143868842268,15.417836783594463,0.08532940858319343,57.906140450666
30.0,23.0,48.94137251496518,36.66146875588696,0.0,4.384218520987698,81.46708300729806,0.13408119616880776,37.43387382139092
34.0,25.0,62.17198664300608,121.59968809692235,1.0,0.10404688719031441,45.27469468117254,0.10213005892767388,74.29456844128507
32.0,16.0,24.08061391714523,48.18506623033552,0.0,-0.3258949974253511,99.12119143912926,0.020559355316221512,15.57974966189533
51.0,6.0,31.627347801401292,160.1140841230222,0.0,1.7243440196234305,47.88059037382961,0.01822080547942014,21.597907864371347
20.0,12.0,32.87388920557099,158.90356786458528,0.0,-2.3876579898171557,64.67452397022026,0.016022101315708203,23.423738773971387
31.0,4.0,64.28904529050138,31.395358317469242,0.0,-1.7520712921168424,7.85405612916113,0.9182618324044683,58.38616414782854
22.0,25.0,31.348321779604404,183.29224604651395,1.0,4.320458362386227,148.88071048582165,0.006642633391349177,24.756015217755195
32.0,2.0,54.4095058334586,46.97963296861268,1.0,1.785298454369424,76.14155749127637,0.12635697572592625,57.74886482282273
2.0,6.0,32.91462923005722,126.46569490197847,0.0,3.266371477710056,3.6356391246259223,0.06957050847092029,22.483063672001844
17.0,38.0,71.69749700503871,197.27038781666377,0.0,-2.2888823806457035,81.18459881417161,0.05604513085819553,68.98875945881736
24.0,0.0,76.53112726937832,177.65534160560912,1.0,0.4379018992987205,130.55309989584745,0.0415879113792165,102.67099787234858
41.0,16.0,51.109578496534425,191.74714642662212,1.0,4.713962669894983,115.88282013993039,0.020464082539381583,49.30975104487655
30.0,24.0,41.1385330525507,75.0937665314427,0.0,-1.812961009717824,105.13600261941812,0.037623163207190606,31.332955290270604
53.0,2.0,34.04346650104995,30.05937202169804,1.0,-3.3952352368295813,20.919698189855236,0.18402440457750852,32.70222185972012
2.0,14.0,22.986860091382624,45.78590592499552,1.0,0.10886008224664012,98.66056184812085,0.01938082529400919,17.39864990606931
39.0,28.0,36.11000457184972,105.09403006455662,1.0,-1.121789112751238,114.94475670183904,0.019471154442488973,33.574820003325414
45.0,31.0,59.25414679671908,160.7136388719312,1.0,-3.4042276721328646,85.86285959482449,0.0441006118301883,77.15675714134262
23.0,25.0,52.01701587855265,38.529192394936295,0.0,3.8855138270336798,133.91235067805275,0.09548865916550653,40.83066189820548
49.0,15.0,76.64247669685565,135.34899112954383,1.0,4.907239105537778,41.54846726773281,0.14382109355539277,91.32302565932919
31.0,24.0,43.776635749502034,71.47974476750726,0.0,0.6858218068999777,36.32170496088759,0.0994623711068563,33.27355754442741
46.0,27.0,61.63180053970367,74.82839375450916,0.0,2.7467676837345403,130.43546174139692,0.07132165368641456,52.218407727904285
21.0,8.0,49.35936484850728,135.764368730006,0.0,3.5903836954629953,93.80973644871786,0.03095978772612314,38.12280718742447
22.0,0.0,50.7545729554527,98.72988971131184,1.0,2.009820060218269,0.2170830781498989,0.24468833752109775,51.6848989282348
1.0,28.0,36.06645887624705,164.28632567493884,1.0,-4.558439508882688,52.969711276657875,0.022842448607286323,36.961113137379584
26.0,21.0,47.297046610519985,39.62451683593714,0.0,-3.423657682831822,128.67839787220117,0.0784705333473867,38.55529043475022
41.0,15.0,48.247099820762436,160.09017125573732,1.0,-4.290108088486136,4.097926746261493,0.12275096629463016,57.41496010444618
1.0,6.0,62.398551304936035,22.204697130909963,0.0,-4.901203933579435,0.48718923922633217,1.6415107462624816,58.33706867302173
25.0,13.0,76.43839995116683,46.87023724666495,0.0,-1.9400359124276345,42.188893578769466,0.40237424166037083,75.51405315445473
16.0,28.0,39.759276648950255,134.66844575560143,1.0,-1.0764403951844026,137.1000055513917,0.01577097441411334,38.649844008445726
39.0,18.0,22.532028114877907,172.43587473710352,1.0,-2.5897026766407425,135.22163722050246,0.0038949930951755543,17.81725904649121
32.0,18.0,49.777707530038384,58.00912927047632,1.0,-4.353953519136791,77.81429187022619,0.08948452249509159,60.47107928666616
8.0,1.0,52.667679928950115,72.16640510749346,0.0,0.29863090836677597,82.98553067094339,0.07021616180007413,42.98338748033095
42.0,14.0,30.106433067914914,112.05294217448059,0.0,-2.2668068004285837,49.80120169757832,0.02350391967936094,20.892890793592564
53.0,2.0,65.627876376564,50.198833232967445,1.0,2.960371548635623,36.56049930417148,0.29627161128808116,74.97926318328823
47.0,10.0,79.09574650648949,164.11968970162607,0.0,-4.919473783747188,122.28327813181774,0.053698626344202326,83.17725729474412
38.0,29.0,76.74648302050765,156.99096255109455,0.0,3.4252705128761027,15.944229074946215,0.22165835520724433,71.00527893862667
28.0,39.0,31.82636232941913,37.605425273498504,0.0,4.54753678945957,73.10315563179536,0.06313264381665909,21.373561972650638
41.0,17.0,72.52179439404564,98.1276490451601,1.0,2.1613506315356954,95.15958892456267,0.09531526654550898,89.60566304295479
54.0,1.0,62.26961818470108,157.21727566437806,1.0,2.336440652625665,15.552043555654382,0.13506013704417613,70.15528048447217
25.0,31.0,47.2307938284147,74.09261090964881,1.0,4.335623116027332,77.94106432085192,0.06557137076849931,44.21813081924792
34.0,7.0,52.436659659483745,130.29029631636902,0.0,-2.9092871469965087,86.62819318686647,0.03899161317005733,44.26549352871953
49.0,21.0,70.97601049894749,19.54049307693882,1.0,4.945655682085767,111.37440907610473,0.40778975684053664,80.87193400518291
24.0,5.0,48.80809637830239,125.65086450057042,0.0,2.7348120337854187,35.22540737212993,0.06667724067015886,37.83073434809404
23.0,11.0,42.39244214630761,39.00406620011533,0.0,2.265707083277937,43.99912549361375,0.1432586134440961,31.445607403628756
12.0,39.0,49.594849581559146,167.81083177174574,0.0,-1.3890942100470727,85.42817199495502,0.03034273611341283,40.25593407013602
6.0,35.0,54.74778824210295,77.5353980802909,1.0,0.4577748540561055,147.46896149724213,0.049771470574495755,60.301370093055695
35.0,14.0,31.34465922670093,63.49523391835719,0.0,1.5391778827334701,32.623977423017166,0.05948360672015048,21.38077322689624
44.0,27.0,74.05446381601944,169.76890557518215,1.0,1.2034286131721594,147.88557406851962,0.040657535361734165,95.15939921323636
19.0,17.0,60.45121692977683,19.52736438364394,0.0,2.0498463847758073,107.15137995817219,0.2991853156602101,51.18186844873551
0.0,1.0,57.996135040249335,85.35567187352551,1.0,-4.176182609215894,123.91231044450348,0.05109269055791639,76.75558592545764
7.0,12.0,25.96977357083829,80.30067270925596,1.0,-1.4435156716830322,13.446190235450883,0.04974520172380022,21.15100275364389
45.0,14.0,56.25043629035551,64.11207110741466,1.0,-0.6599998340452284,45.063028114594836,0.15400655647948197,64.88850751694864
15.0,19.0,27.25763973430954,183.23332308028063,1.0,-2.3937070212503353,8.660441947647158,0.028932786575838434,23.109581477318237
13.0,28.0,24.721860511723943,152.67639476817723,1.0,-3.2737272973077625,55.73204925047629,0.011151156295606845,20.569861212832286
11.0,28.0,51.638653738543596,22.145401196468367,1.0,-3.610725200871372,147.1934489880078,0.1518831132589132,62.37200534680656
50.0,2.0,44.167132042789696,145.79061539264129,1.0,-1.3361660774341488,15.790959330950772,0.07289261293762637,45.56789364541435
22.0,18.0,55.32861620937339,110.18683529447085,1.0,-0.06558299437434134,84.35591735567992,0.05437668206245367,62.174725489218275
14.0,2.0,25.353330083434315,181.16489993630006,0.0,-4.370235598533393,0.9105934220718481,0.0322597215644,17.083984076851934
27.0,13.0,45.85898377083551,69.4596672961881,0.0,4.464580945905495,106.9024224066094,0.047934210140879924,34.2891669519405
33.0,39.0,30.487202902709477,119.09077992582075,0.0,2.652433228607584,29.57890385580616,0.03435081292570166,20.493102805959374
1.0,3.0,79.226005155447,105.14350220078734,0.0,2.308517731854666,19.437680568714438,0.2858313865085413,75.37200760026445
31.0,10.0,53.66901274611046,103.01657218324509,0.0,-3.2713947501127305,50.55267182411814,0.07886509124585267,45.942046647208215
22.0,30.0,61.24621165645204,96.6600259082704,1.0,1.0380076801218896,115.65664469084723,0.060815196402109854,70.69747137676961
21.0,31.0,39.525096840956465,49.069600351133445,1.0,0.2972494680866744,15.991962946681621,0.18860465770297324,37.060057260421814
50.0,26.0,25.68433488676065,153.58488527355462,1.0,4.824688457866938,34.47584936980431,0.016627534532406996,18.81439755641318
24.0,29.0,78.5522517670122,95.75384622046485,1.0,2.4767177008015793,1.2696632425964305,0.6422638280679085,100.98396241870748
21.0,1.0,37.17554212299099,192.1180922504951,1.0,0.7576188371623116,145.26222940434272,0.008284892187199267,33.55138247761014
21.0,8.0,45.428491110414456,59.553601166627494,0.0,3.508126664701222,88.82183999832958,0.06252541783622362,34.124537721011656
48.0,27.0,58.9918353021545,139.72132952913782,0.0,-3.449057291392905,107.98494545770492,0.04114401782832403,52.70333192987411
51.0,30.0,21.481837861166678,188.7362451314306,1.0,-4.8478347030902285,97.70747567340217,0.0044293961678859356,17.58455496906146
41.0,33.0,68.61554783103722,136.05708137305757,0.0,1.902333334145232,21.654683830451155,0.1784403504265944,61.408703667400005
5.0,14.0,52.194691401717215,175.541852447305,0.0,-4.016885397627625,89.24099084909912,0.028355725915360293,44.57673670519079
14.0,24.0,36.69303122412933,167.22138235383116,1.0,-3.845663600164908,19.712339271189315,0.04220276998698614,37.07122995312358
53.0,35.0,23.696479117548154,78.42236594291073,1.0,2.4468072642453054,60.185468094469186,0.01929190760565905,17.471246933517353
42.0,7.0,29.749904928466485,124.02354858850434,0.0,-2.2946515586601093,85.34447038879395,0.013401429459090203,20.581686441678965
36.0,8.0,73.70203153120622,39.689654564157564,0.0,1.286312155688929,83.83216711532339,0.26095765658457104,68.61918824962608
32.0,36.0,61.16145343615346,111.7499177121639,1.0,4.174069260927484,17.861013897411144,0.19138583173471044,65.36086778823125
7.0,38.0,34.99410329821339,53.78017464472407,0.0,-1.8352546836214167,5.1653954469783265,0.19690233108740884,25.290450680341714
52.0,31.0,23.93604589670177,151.30999484096466,1.0,-2.828558421600812,119.73514708107207,0.005794056277331402,19.463911308359503
43.0,16.0,61.43691874319818,110.33110015950368,0.0,-3.934371162589483,108.8883655494008,0.054212926892744664,56.257889770229596
43.0,34.0,54.34446355806591,88.13319890001549,0.0,-3.6953763858027386,12.272835684710708,0.22365479401428037,47.0123178337531
4.0,36.0,44.2711714674941,61.071448271725735,1.0,-4.377773046211573,19.112327820233016,0.177456690646023,50.32389128602679
38.0,18.0,41.81668695140383,199.7527115498445,0.0,-4.1235762117025985,133.88756645844305,0.011677852558842254,32.80810919414082
3.0,28.0,33.0088565557465,23.62499896813721,1.0,-0.6799541119084607,115.36933524326699,0.07174836870187189,29.177172711824944
5.0,6.0,60.176675392251056,18.276529308759805,0.0,-1.7913495497603027,149.42404443250112,0.22503113541928657,53.10566054554465
44.0,27.0,78.24008166763223,51.278906093834266,0.0,2.06560814322998,38.09811738075325,0.43417805846216845,74.21040470562374
31.0,8.0,30.54291475020955,194.50376713928574,1.0,3.7024165824700184,73.17044833032223,0.010164872467995509,24.117988717372334
51.0,27.0,55.8269972009302,196.05525198079704,0.0,2.847732031423843,35.468936409353354,0.06061429927244642,45.4299369320554
29.0,5.0,45.45110334475857,134.43626960670582,1.0,0.306372566656522,93.42002077159647,0.02639900126324344,45.58848152718042
46.0,28.0,46.8013233046799,177.2202667692169,1.0,-3.9755788376734658,17.312135863697698,0.07021095857911465,54.11046885787398
34.0,16.0,35.248836807668866,50.65272885975112,0.0,2.0976728394155355,19.086475911454965,0.12780165769538818,24.740882759258312
54.0,15.0,69.50809253968515,194.68799789355847,1.0,-1.3717127527312645,10.783183710768396,0.16467844810526752,93.02827178685214
39.0,22.0,49.11533624883447,37.12912152651729,1.0,-4.143496060845898,104.03791233962504,0.1089444153474736,58.73826105319184
51.0,30.0,52.60435113189585,29.213785754515072,1.0,3.424664072126257,74.11088661498101,0.21462318954893572,52.85568123066762
15.0,2.0,38.285654767839546,31.32019245698185,0.0,-1.6178348281749444,92.6596824531945,0.07904632302744335,28.414288986254608
12.0,20.0,30.908507940016985,118.8943054217873,1.0,-2.8175116748842868,131.89515698840384,0.010847390858234576,27.94519695129894
49.0,25.0,25.15462329216923,158.38513613642994,1.0,3.714520646188432,111.0492727133038,0.006409629363255062,18.57474721671519
41.0,35.0,62.84714845549495,79.66676379618029,0.0,4.02133868447005,69.25843772500365,0.11995037598063232,52.98875427179554
29.0,36.0,31.774056901271337,195.80023767936405,1.0,-1.6102916280844015,147.65339825913398,0.0066569651954104005,28.22196563593168
18.0,21.0,61.404521251327864,92.5398262424826,1.0,-1.4519858071862657,68.43841517129599,0.09499584823188632,76.37717639945566
16.0,11.0,43.42258676281723,38.585224646911094,1.0,0.7962852758314409,16.86760098502998,0.26278134315013824,42.08860471522229
18.0,12.0,44.946488059379085,98.53368215536598,0.0,2.3344149381065815,148.89821208790738,0.02419076578890336,33.97480280788073
27.0,10.0,48.1506497655663,139.01706143026357,0.0,-4.368507980931366,3.423109502227095,0.14141181602729794,39.971250013965545
54.0,15.0,42.06251048765259,168.12289829583196,0.0,0.9334365718847171,82.48253392316282,0.02097646945411524,31.474155635224932
25.0,7.0,26.037198633355406,97.16597509175266,0.0,4.528200617835816,46.364323304956386,0.020605857995506762,16.674881056952476
36.0,39.0,38.577908600170744,122.78529694934183,0.0,-2.3790610282004634,75.53282265254772,0.027685023954417423,28.908306771427156
25.0,39.0,59.824061641636305,60.79549531018214,0.0,4.088272140969337,83.80694288917823,0.12375422575817259,49.42064443317813
52.0,1.0,59.94706408813226,132.72414001704766,1.0,4.501683407630937,36.01438444177314,0.09399946590811202,62.938045630324126
22.0,29.0,37.17345843439966,197.3346693505653,0.0,-2.3084635902891026,83.52881336058928,0.0143349920369218,27.500354205497302
8.0,29.0,47.606157593461276,19.32017879168083,0.0,2.5420186588535056,113.40916680083062,0.18596773924414559,36.63865042606411
11.0,11.0,31.60683368071625,178.44082743398187,0.0,-2.6122499168043998,39.976475586599754,0.01845405179882433,22.303976557937577
52.0,9.0,32.62232489179014,116.83367552582934,0.0,2.3761116173213273,57.51391999708606,0.023520727472007646,22.363691989017614
0.0,10.0,21.382825304396444,57.89874531683699,1.0,2.974199712888259,40.236403974608685,0.025620786735247238,15.16491203512751
0.0,14.0,73.80479299446468,191.429044901759,1.0,-2.5279429628935057,123.08395964823036,0.03958567204386368,106.94399463186997
46.0,15.0,32.642399904494376,101.8373175811908,0.0,2.1586954358323496,108.7473388814395,0.0165600485843473,22.4146717921393
33.0,16.0,33.652032616187796,73.02114781794327,1.0,3.1210453886408986,130.6794655827611,0.02095302423295763,27.835619429695456
31.0,25.0,36.77608595870791,44.48454937145982,0.0,-1.4142112789308825,25.507483935248892,0.14003610652340523,26.894133610133515
53.0,1.0,27.64448430172574,56.4459199487658,1.0,-3.3229722401027306,11.036945723962733,0.08487818021953242,24.1171445713937
47.0,11.0,58.35577299088177,168.24131790237408,0.0,-4.080354326824864,17.907525578801003,0.10739418563709165,52.32183079162104
24.0,25.0,24.508577190655195,126.7379017702615,0.0,0.753817036099419,24.152749923635458,0.022469003520557616,15.816466523479015
39.0,22.0,28.052145579581016,183.51666770278004,0.0,4.780981193157132,79.96239910122036,0.008921951007808848,18.24445863878018
44.0,17.0,58.685403595405575,54.074005909979306,0.0,3.2295032002221613,145.63681055441472,0.07881668308307872,48.515697888636296
52.0,31.0,40.379637228886565,33.01632903129128,1.0,-0.641603610654472,53.5853124925173,0.14350137668969246,39.11654824855877
0.0,37.0,62.476869602071346,11.156630885362102,0.0,0.3662090285495856,143.77624040403077,0.463413384086597,54.62527113316102
15.0,2.0,53.44548468020852,106.49378714703882,1.0,-2.204721145881811,5.730119248376958,0.19836197739716163,62.78543054635172
38.0,37.0,35.36127038369079,199.67831677257774,1.0,-3.3693413263993643,139.03083042219876,0.008547771307971928,34.57223140244457
4.0,2.0,59.049677029359685,142.0434010755414,1.0,-0.17918841767726734,27.172891095745676,0.09803054297295635,69.05795941931542
21.0,29.0,26.97642081757284,68.59497247337775,0.0,-0.36498433832814814,136.87124785790232,0.01433078082550677,17.93481539685968
28.0,0.0,52.18462298480183,176.6031307749726,1.0,0.219299528037602,8.434114517319175,0.10332650417355276,56.36071329365752
54.0,29.0,46.22888630270208,158.52723053771234,1.0,4.528045855639408,142.2329171242549,0.01767705333549136,42.69698043870351
2.0,31.0,36.07241496904645,12.928881554542459,1.0,1.0389530014477222,30.119739647829125,0.4272176976320081,31.936987145113573
11.0,27.0,56.24029986437001,165.20349130279428,0.0,1.0577183662237377,45.407109010974104,0.06152428135096326,46.72876401622562
25.0,20.0,72.28001554041695,67.10008387531424,1.0,-3.719752371389232,73.64135161544371,0.17119387180353976,108.23545928263891
15.0,12.0,79.93428198578461,38.43795827088421,0.0,4.964888661768204,57.10813218532128,0.42894413646743706,74.06841234858369
50.0,26.0,56.46576612460547,53.00285955004417,1.0,2.7284494423466854,100.12919538947249,0.1056005742107729,59.76538336247552
36.0,35.0,44.28235245975021,99.03016283127641,1.0,3.772033440940048,146.2211650875116,0.025720592444411872,40.68235969989735
21.0,6.0,33.5124260129721,90.7249061429221,0.0,-0.8569958816900591,90.9639736207411,0.0217178256011691,23.71134913987998
28.0,21.0,35.4257653637067,64.88858688110308,0.0,0.02128095785624895,108.22281141548238,0.03118796929974306,25.301681311729944
13.0,9.0,48.76729868898594,42.72148121933621,1.0,0.2208380916227648,13.200787545855224,0.32901764351398055,50.81557661789531
27.0,38.0,42.03666207684255,154.82385003201216,0.0,-3.059054607103948,94.1718643605008,0.021756201553884438,32.667616971721024
4.0,14.0,74.82887135749665,198.12085890963425,1.0,1.8948915632695718,68.07746655696198,0.06401271307660734,94.8975369216734
46.0,14.0,42.09772805934257,157.78040027974117,1.0,4.029767236174566,132.86735368794425,0.014923108315968953,37.62564059069474
48.0,3.0,42.40667546872613,66.22802385759283,0.0,-3.36294181861581,58.231664946465294,0.06785615973839539,33.16528923698578
29.0,31.0,43.01207074603862,56.51370266830534,0.0,-4.136817265138355,101.91812160748786,0.05729731814305771,34.10092838044747
45.0,22.0,70.19721262205948,51.35651645252827,0.0,2.3821890554034217,34.223059238861865,0.36851789508443955,63.11937904582879
51.0,5.0,59.04729925081411,35.97206415291689,1.0,-2.2679816832701793,38.9058800286294,0.32458553322856887,73.69905715303534
4.0,23.0,56.85013101913356,114.75280444153724,1.0,1.2386254161732935,56.41836463834104,0.07623606093256668,62.627589013248794
11.0,19.0,40.04858134303173,125.02607067113539,1.0,1.9575833799218068,45.60953062597541,0.039929177184262206,36.44288587102473
15.0,36.0,69.07425060994636,144.04550552599608,0.0,-1.780892364181782,38.08182590851123,0.123384678747152,64.85526697190215
25.0,19.0,22.30183168134207,139.2405404773969,0.0,3.151445974257844,7.450305885121394,0.02669931375454786,13.925205619795324
25.0,11.0,72.24783034028678,65.54332914384267,0.0,0.49988982114216873,125.51194976286885,0.10901450773874624,67.28707625558414
47.0,32.0,50.764993987635776,72.75909102540085,1.0,3.6899940795180273,9.645229633692647,0.2560506519651194,49.83418236408577
20.0,27.0,43.89501409180477,139.4877617340442,0.0,2.632935525589475,133.10482734044515,0.018993679340876177,32.834953246646904
38.0,7.0,49.83003684306114,76.39505174888939,0.0,3.685756320374538,18.819808360209038,0.16530027804678613,38.58369127804162
35.0,0.0,60.04493183202987,50.39840602766947,1.0,-4.798386178821059,9.789260559398855,0.45998912054023366,83.3161348144291
32.0,36.0,20.76592559107384,81.12386920238052,0.0,-2.564937392614053,84.45071459710456,0.011016310198756383,13.185150183142772
29.0,21.0,72.29311138749486,61.69598993981575,0.0,-4.099920595540613,75.36626888620826,0.18371240429374358,71.68686801651408
36.0,5.0,46.80437151868357,26.779417031529782,1.0,-0.5791698281065083,73.68518532478276,0.1708622754753491,48.749320050447444
22.0,20.0,40.577991182004695,167.72639143256418,1.0,3.899601216153182,86.17564912520967,0.01902000760097275,35.77460100847157
9.0,31.0,28.294733938043425,172.0911639398369,1.0,-0.3245973773313082,43.05849091787336,0.01570912473856038,23.29116240544542
53.0,34.0,46.36792246150653,51.7525570317071,1.0,3.4971304458039407,99.44239101444168,0.07495348449594536,43.75095172615524
4.0,14.0,49.77936627706273,22.306717909788333,1.0,-1.728217619806821,75.36033295607749,0.23239038425259187,55.360111803339976
35.0,4.0,44.218801669608666,150.37721309672412,1.0,-1.6042992719474758,50.21152004359879,0.03607139135907292,45.99105171132595
33.0,5.0,60.719605629613824,50.190438914048606,0.0,3.9556173032687756,123.97510004710922,0.09966060551631103,50.52188291797835
51.0,24.0,45.25379172555356,84.75274299300345,0.0,-0.7418285348829845,109.15816444900652,0.03923552436003114,35.269341935929134
30.0,39.0,77.6850546707944,22.18569792510282,1.0,2.897654877946664,59.041551291693295,0.7509897280125477,98.08617785243865
9.0,28.0,55.956651069415514,52.991221104102685,1.0,-2.6335645211809866,127.14266778433091,0.08465906933783186,68.48449970961187
18.0,6.0,68.44867613911454,160.6514328826308,0.0,4.488008296776354,138.03873751676613,0.03585258464245301,59.51742515946177
31.0,39.0,26.56135418656873,162.83532491388834,1.0,0.745782465305711,80.52994006265438,0.00940460115322097,20.923773626769687
0.0,12.0,43.837477576754345,49.346116728664974,1.0,2.593235685784019,32.242867523538116,0.14704721074122606,41.0379384234635
4.0,37.0,40.21086208682916,73.823630570271,0.0,-4.104843002051145,137.36882348204804,0.030194179454646756,31.102552670519096
44.0,17.0,54.16894328819551,35.505299627811276,0.0,-0.07335774169471287,28.42194301432758,0.349839383539251,44.87298521019572
3.0,1.0,71.66681120368554,24.092799754135253,1.0,4.010384977340232,7.263483962590373,1.46366926567782,83.91404351510306
15.0,7.0,24.700293065720402,198.5126257451978,1.0,3.7703862904330454,49.12305133096963,0.00865917912795203,18.11927810947705
23.0,10.0,24.354487882682648,134.56285073651944,0.0,-4.531860427657724,109.04495166915596,0.006769908330039,16.264356850209722
15.0,32.0,71.01906248945593,112.99833674768057,1.0,-1.9630153087105329,138.49111295303243,0.060197084866827524,98.3350661415059
54.0,37.0,32.77100516230144,155.44471507700692,0.0,-0.566799935209199,95.59284702216598,0.012977135716320044,22.983662547708498
1.0,26.0,60.125195266988825,169.61466034066757,0.0,-3.2773518564421176,142.775782044999,0.027365670704335793,54.04799909965152
48.0,19.0,52.57268794164831,163.27580592849824,1.0,2.2999831098997037,13.855625891384493,0.10324851022036892,54.14558801261484
27.0,11.0,69.97361569323377,13.142495365076556,0.0,-3.1548800440128844,9.113059438203008,2.5514633160604054,67.35618581508609
31.0,30.0,27.505334590184212,45.49350065619471,0.0,-1.5336030563011382,90.62879261154961,0.03198940087860438,18.5266789223308
26.0,26.0,27.786977943356675,134.4320074023879,0.0,1.6328063685781824,144.91744837391323,0.007316189150253228,18.368820515902
19.0,31.0,53.40910161669845,81.39427608275295,1.0,-0.17910655475520065,75.4081963432086,0.07830391086238923,59.045652078537096
23.0,9.0,76.78271920150226,196.67170370161034,1.0,2.385710386348938,7.7272838908957695,0.21340574015182404,97.58988510555916
11.0,2.0,44.899865502245255,136.42691060126828,1.0,4.612079012228597,33.18279841161843,0.05268739201057664,40.859398125132756
49.0,26.0,39.6165260152817,191.74429265854923,0.0,-3.834533122848025,36.7189359623656,0.030428701690420445,30.395901071137825
34.0,34.0,56.40135939187315,48.27483151270083,0.0,2.0956771639806093,50.6785693705425,0.20073208723043265,46.421834682857245
32.0,30.0,75.82691603270186,174.1518353418544,1.0,-2.696558443678855,6.540507537931894,0.2647565603894813,112.56546796017568
32.0,14.0,70.21566997067742,71.05693810489281,0.0,-0.8552327259243075,135.73390507468744,0.0900267551619001,65.63882853076211
50.0,15.0,79.72901664399319,198.0173135651833,0.0,-4.671372742048602,77.33459170822428,0.06729043442668212,83.8551504799807
42.0,12.0,21.354114992142627,39.96084769389799,1.0,-3.640926177073011,100.63961894311636,0.019052795764063685,16.939365088581837
36.0,34.0,26.771488682765735,108.10456557928205,0.0,-1.8022271095110032,10.075925534251345,0.047465011263044414,17.94272181987968
11.0,10.0,56.56806580199732,160.64046142905318,0.0,-1.5801419471201505,8.11732017054741,0.1394548296822342,48.50300504342201
2.0,20.0,69.23458636003099,92.20207131476681,0.0,3.995852164620958,87.97016580608208,0.09838554678432061,60.805016132503994
0.0,10.0,37.11466053840599,98.93597143565287,0.0,2.418129092665151,133.0944015756312,0.01777329417170613,26.383278062188545
32.0,29.0,34.352665282053124,197.4076011460908,0.0,4.72182968187041,79.27230014393206,0.012778719757708142,23.51139383882696
39.0,34.0,67.21854796287205,90.80854855721913,0.0,0.9907151033524053,131.67287588551073,0.07064830984485182,60.23844845963373
9.0,21.0,23.382911231193894,124.77369911382208,1.0,-2.58286267908682,121.6486909582859,0.006361084415548718,18.744067813524154
42.0,37.0,42.16295885495511,20.362535528278634,1.0,-1.7234497007835714,11.378067869238112,0.6040028383787363,42.93537741505546
43.0,30.0,50.348553355539785,170.0199152399494,0.0,-1.8016407670803292,30.293621157853483,0.06316732701846689,41.29181233786452
28.0,13.0,53.62092046101941,133.15192930611326,1.0,-1.735056723367484,98.65660037330137,0.03657771733444552,62.17847073875907
12.0,23.0,63.71690940756661,86.76381954393457,1.0,1.7296417311181567,66.52520738250624,0.11211501176451294,73.85335754542831
11.0,31.0,41.29074340583949,13.072212591358753,1.0,0.30807928090416214,43.60497204703808,0.43672706678417705,39.51277019133808
30.0,35.0,56.76106068047643,122.41707591276574,0.0,-1.145758219133557,62.79507840719686,0.06861556132805256,48.4925828955843
45.0,31.0,55.12252536745738,12.404987411990817,1.0,-3.509102312712834,66.77994694059515,0.6031786708612664,68.95557213279658
1.0,14.0,52.85696603922483,10.228686642713402,0.0,-4.7786083705785405,136.58283762323947,0.34741723245604267,45.82726359265165
50.0,34.0,58.42899758853273,127.05872680837739,1.0,-2.811653224123074,15.518742555742953,0.16299814737793344,73.83639787717817
49.0,2.0,35.566950264084575,45.91324279356531,1.0,-3.9252859603131873,41.95961202114225,0.08665338023793062,35.463818618560666
34.0,15.0,25.07892521507774,46.458634446438104,0.0,2.854450308522394,80.63472248740709,0.027300248962156763,16.073752416402268
22.0,4.0,27.156300322384606,134.1215975082213,1.0,-3.875020421861146,104.74303899458874,0.00851184851008116,23.853117141924635
16.0,20.0,33.47494295923406,20.202465708481114,0.0,2.2422823730683614,94.59559334388655,0.0993830538401717,23.132148999726393
25.0,9.0,50.01187613136712,69.54705668016571,1.0,-1.1434131022391736,141.24641066060917,0.04407431054559719,54.80992465266869
7.0,18.0,70.4265650327612,38.39206140698362,1.0,-4.2662161025622405,119.34133872292098,0.18831165171205203,106.04063697696512
28.0,24.0,62.07760052530305,120.23351026134144,1.0,3.1273004943158575,83.56152629616454,0.06462628166416835,68.49307276262282
25.0,3.0,67.34243625212282,135.7353793982052,1.0,0.7963057023661335,32.202403751026125,0.12331107756083728,82.68212287848728
9.0,28.0,41.05853743556548,147.01581218381827,0.0,-2.6423848713642695,67.63113471033597,0.027586530344921024,31.50856799033806
25.0,18.0,44.27922449891301,58.49393121452743,0.0,3.946811743326679,104.0073366291716,0.05526401533791897,32.86395603726999
33.0,1.0,43.62091315943677,26.957452810950958,1.0,-4.547416861294486,125.69432622541274,0.09306418902460438,49.478189440607125
50.0,9.0,31.51239106427009,24.949894818960587,0.0,-2.981803918022371,143.96043366335812,0.048547000167852544,22.287838044144255
40.0,24.0,23.672999488614323,90.96879420563752,1.0,2.52046927805861,90.81791492068764,0.011635901077415536,17.430024110131697
6.0,19.0,55.45496556963361,189.71043772191587,0.0,2.0937793030988914,79.03790509566487,0.033362578515053,45.34313063005949
3.0,18.0,79.35300100523517,51.368516506934675,0.0,-2.1072830627552195,2.653788468172247,1.097215360745707,80.06125609078971
52.0,22.0,30.00978229701577,58.780904254894374,0.0,-4.379751246472169,10.81486037252699,0.10369103196011367,21.181593336996574
49.0,23.0,22.801089193956425,29.168872400113198,1.0,3.580780722249438,23.415749645610042,0.0858177557528064,16.356201306403364
44.0,10.0,66.77190090943597,125.05835203984675,0.0,-1.8630236193009742,8.21398967844421,0.2529509017239101,61.78251209823196
10.0,33.0,35.15516040108345,139.17584604996324,0.0,-3.042865850717348,60.12948582073897,0.02375150007012123,25.721149494786122
28.0,27.0,69.7786283211757,132.1569295505444,1.0,0.16061822360977085,50.531781770830825,0.11011615996513142,89.16535779884316
35.0,4.0,62.236200022070925,173.61474617850843,1.0,4.102271992824473,95.60312368025893,0.03758973989335322,67.23888351917503
24.0,4.0,76.74041222304828,102.42090865495364,1.0,-4.564534221566246,80.34976619001041,0.11080357344278693,124.09675819054826
20.0,20.0,44.53563414540032,35.546837745742245,0.0,2.658040880308877,89.39561390817896,0.10485901196413382,33.468306540629825
35.0,11.0,59.71819036703805,64.9869748338384,0.0,0.7247322793870892,70.79658044064811,0.12095198374878496,51.02443801156218
9.0,3.0,47.89128684879624,135.86169495005683,0.0,-0.7455088344818306,41.66057228313857,0.0520825754887793,38.106123425419895
36.0,19.0,57.83532183851261,126.49317501089638,0.0,2.4408044410506005,142.92379724197156,0.033410052292115716,47.91022519592053
8.0,37.0,46.97593436046424,110.89059465116287,0.0,4.6582442444163235,12.961373964020845,0.13098949475124824,35.3523080745503
23.0,24.0,31.31793478544449,139.76323955085056,0.0,-2.70793788837309,140.83364991979607,0.009101481268677294,22.058958115733716
34.0,13.0,50.473844960202854,131.10426157092687,1.0,-3.5635263492788036,46.6857070297102,0.05871623445722638,60.05879028794195
48.0,10.0,51.71505208624654,177.45172899834083,0.0,4.12881745222697,76.89921680509461,0.031187685293165575,40.42152337132912
34.0,31.0,68.63623089560967,121.34311172087635,0.0,1.689530774573037,16.326348424131922,0.22816645407040306,61.583753962374075
47.0,10.0,64.13124234761487,157.93425815310573,0.0,-0.6201397843803402,10.639660255651389,0.1703532735552162,57.37111266323419
35.0,17.0,59.827497436486645,57.254359633628894,1.0,0.7325957026428309,64.43181730779044,0.15135469160746268,68.71503007632678
17.0,26.0,26.803225733154353,138.85469107192293,0.0,2.4561390517624404,111.25460645695172,0.008266774129285092,17.47920073257294
48.0,17.0,63.2369774398229,181.4168824927084,1.0,2.730318987057172,40.40471663228234,0.0748850793479752,71.16375008255002
38.0,22.0,50.01830938127089,83.28914230096832,0.0,4.1989418081896455,84.35218334029801,0.059856554589812316,38.609984227718954
31.0,10.0,73.64597216636955,158.02979559434286,1.0,-0.7315721110437734,41.79755107842275,0.11052128169475187,100.07386290188927
23.0,20.0,75.19225604783257,147.70996722713272,1.0,-2.0658908998060497,58.29195913395612,0.1006017179863798,108.42535367025255
22.0,4.0,23.309395436107128,21.309977405646272,1.0,1.396642667898419,135.9669477710737,0.031567789672085726,17.362177709926744
31.0,22.0,69.23849362126873,120.48657882857374,0.0,-0.8427210072046964,128.37594382423794,0.05567193864063566,64.29616028844842
36.0,24.0,22.261843425360237,34.735976348152455,1.0,0.9459845394897792,77.40263151264448,0.03063634112509002,16.44869711762146
11.0,9.0,42.030177541701356,193.7906427238123,0.0,-0.8001420154404981,35.71584412081181,0.03206383175498064,31.937993017166043
48.0,21.0,52.53799853726475,164.16742551312467,1.0,-3.4700421332182554,28.977586909953423,0.07132273593692805,63.78368150862306
54.0,18.0,28.886047917627646,30.84752223695282,0.0,-0.3057324834104158,143.11310295535714,0.034190522072919,19.533271368433347
12.0,0.0,64.77882875414461,33.1328795530589,1.0,1.909178219410328,30.40748947660313,0.4720764493829147,75.44059660767019
22.0,6.0,20.501282250328316,122.9500324333976,1.0,2.9928380766764984,121.22524663688087,0.004715404091585762,14.359554372219566
24.0,3.0,30.11594290604221,75.52894309290483,0.0,-0.06673723203453163,55.34553143033059,0.03068424247101517,20.555335690226393
34.0,0.0,54.84780979120854,16.632113223890762,1.0,-3.347621097895991,147.84897713373576,0.2062555247015169,68.00898985449042
40.0,14.0,62.863253722237545,112.91188648828009,0.0,-0.8531229035056842,55.22336105441818,0.09429727886133107,55.90204409296797
29.0,39.0,74.99858616163496,83.69056894031091,1.0,2.8629392884169826,52.72749373660891,0.20166114600031063,92.80016913852765
16.0,11.0,62.32979911607743,29.204533550631105,1.0,-0.8714072938292716,95.61954433164347,0.228107194583795,76.80169078580266
48.0,21.0,60.306756215291955,162.3648745286367,0.0,1.9653079360422232,144.22752099402288,0.028337350219983508,51.0546231933738
19.0,21.0,43.66046878103986,183.86458540297315,0.0,0.07213681678089778,146.43144086946492,0.01284823702645771,33.3413927642947
47.0,16.0,20.077065531608085,153.7528474626847,0.0,-2.587768748906033,106.08092197004778,0.004252231665645499,12.659621264933943
24.0,28.0,27.209555524137315,166.2602389030927,1.0,2.9615050802307428,113.19095484545305,0.0070655188965908925,20.852477608390338
21.0,13.0,52.07327268536235,51.1332077805623,0.0,-4.15786545929313,84.51032639595415,0.10167032176668007,44.50894802361212
12.0,19.0,60.50779315066518,60.07886067453419,0.0,0.24890282755150595,113.36636086984979,0.09334589272729606,52.258440140004275
18.0,32.0,45.04689703378775,49.62023265684567,1.0,-2.9110896575659506,128.96694824557449,0.05869559638740414,49.20060009324516
48.0,14.0,63.84074069170341,155.36205195945715,0.0,-4.329343714586243,72.91429547925348,0.05738130156044244,59.83019611312804
35.0,11.0,51.311737719930726,190.10424499755445,0.0,0.0293393708324885,92.97933942451546,0.024532292313694293,41.57334041934813
11.0,39.0,24.450571735658734,146.1990692794415,1.0,-0.004378440650764093,80.59750428495715,0.008871739209690751,18.94422678192069
40.0,19.0,31.520975058076928,177.47868532711564,1.0,2.0690090167572084,84.37059202930158,0.0110533273563514,25.880135883915003
18.0,29.0,70.39989339463658,131.3528280278028,1.0,2.447506930519049,133.50718648109114,0.05206323544076304,84.82848489730088
11.0,37.0,63.49476479746637,83.65538110617182,1.0,2.2779148869289676,53.34252453083553,0.14257294442732615,72.42489856628174
8.0,2.0,73.6857192207497,90.89470683675799,1.0,-0.9044126708324496,31.227603840093632,0.2205075711651463,100.73366868986457
6.0,27.0,27.053434947256193,24.31107211180692,0.0,1.3168978722656255,68.44201654104437,0.07147496562051993,17.803659290143923
27.0,25.0,79.41335207690443,15.976867096744956,1.0,0.769452426439603,31.212778572189777,1.6143083431766418,107.95027723010662
13.0,29.0,32.56440283699602,142.1403647959247,1.0,-0.784382438830804,74.76006384930287,0.016664166696899525,28.682827961409313
30.0,12.0,20.70679257719852,93.30148948212432,1.0,0.9721269418599321,135.52621580355878,0.005922113188095823,14.948474852263057
51.0,12.0,79.84537634321325,114.9208629303796,0.0,4.472478767062626,92.61502807237167,0.09956174940924271,74.35243930889152
18.0,1.0,36.864433126706786,115.95563704825909,0.0,-3.0710625631862265,128.31492799546166,0.015002335715364239,27.394341947477642
46.0,36.0,60.08116715075359,62.70140453332727,0.0,4.057720957855263,24.92863794232677,0.277479241683839,49.731868595237344
15.0,37.0,30.600938850578313,100.41957705760323,0.0,-4.465444860168017,135.1310388805765,0.013043559478777195,21.739811956120057
52.0,1.0,54.813711931948504,99.44444211686343,1.0,-1.9161078709833934,90.26807466106736,0.053282814358385694,64.73520454477799
4.0,35.0,74.24209918727355,83.80117203329283,1.0,-2.1185475138847174,4.76396831107197,0.5726190155980356,106.37454899102912
34.0,25.0,39.210870045706315,165.9283228462034,1.0,1.2636510788090571,94.96784329275552,0.01690275328341477,35.85709706473703
11.0,10.0,60.215238562661554,95.72116070064322,0.0,-3.687750482227097,142.7095434391377,0.04582596403105399,54.460291476903095
24.0,7.0,31.27421532790499,124.69245965613769,1.0,3.8234761183975374,11.87505007130431,0.04820259014383388,24.865123432558455
51.0,39.0,57.48772392312352,180.14882287235696,0.0,3.285514084650413,87.36841957043582,0.0372786872150978,47.11675307218259
20.0,21.0,40.18702110905061,174.58438834319526,0.0,1.5206581968527777,137.3217904304572,0.0121311750278471,29.481440255990954
35.0,19.0,32.6724955152771,179.18021871804137,0.0,-0.41586168207802254,1.454275250156184,0.057145403130717504,22.867916045517347
52.0,7.0,38.79092304221811,61.30094932835265,1.0,4.3295604214207835,94.63693896987348,0.042562423244205,33.29636875618503
22.0,28.0,30.73046411046796,16.646672778531936,1.0,3.307465547205559,71.2353437746444,0.1313653620099617,24.4726919731467
15.0,39.0,74.11496647027296,59.60269198011255,1.0,-0.006848519187551139,52.04839779729159,0.27916904083356053,98.80053992527809
38.0,25.0,43.83121317902773,62.95439566793464,1.0,2.018733544543112,94.1304734918064,0.05611650622800411,41.52763141940907
44.0,29.0,34.71675829846204,182.77846207774394,0.0,0.6692995217968456,7.905314188112539,0.050214959605915065,24.521874756548886
52.0,16.0,46.90447046095598,133.35611923921442,1.0,0.8794223838826454,112.95945694311003,0.025411128239089815,47.13406923446948
41.0,19.0,39.23217000838973,25.523752324423466,0.0,-1.6902393056252873,0.6719215379561438,0.6013030803746194,29.371483870381432
38.0,15.0,64.66515522879956,35.721933242109216,0.0,-0.37915395375103245,46.04036156885283,0.360227072566362,57.892966400014224
13.0,6.0,78.27319471312967,39.578463852975325,0.0,-4.218785692102558,75.59379565270176,0.31350637093492406,80.95067538784986
30.0,15.0,46.28201940185881,129.7801321520954,0.0,-1.4265130833540751,56.553337584982756,0.04368903462569805,36.61737673534364
4.0,26.0,71.66200399833443,149.7286648463306,0.0,1.9582851536215196,46.121390280837375,0.10848682724983409,65.34961883519728
34.0,22.0,53.95178441357717,173.33234300742527,0.0,4.532160305061863,124.62527182021442,0.02412332362051552,42.673061814028706
22.0,23.0,29.434139905654007,188.7209446531862,0.0,4.630641127630203,140.22488614078634,0.00595519689425793,19.378116915219774
28.0,8.0,61.43736452488049,48.323865903423936,1.0,0.5572286912489166,131.0569027358833,0.10193889529396169,71.9844172816781
42.0,34.0,50.80606982754921,68.85677209756932,1.0,1.0662225180958207,78.36469695749996,0.08208585124484848,52.94269786549434
10.0,19.0,59.03639139512621,55.661347341517825,0.0,-3.142788144990325,132.62462627902244,0.08375025238039492,52.55121215811968
17.0,36.0,73.3812447542999,78.16469781856617,1.0,1.9530810809353072,138.12923477723155,0.09426371390495243,91.82478897635748
46.0,16.0,46.42607423936276,183.78637041051238,1.0,-4.293412073256137,61.3857595571193,0.029459120576134347,54.04529190167667
11.0,30.0,74.07065739304133,119.27138771847869,1.0,-2.153143142005555,42.51687892581681,0.15620524293452098,106.10277339188826
8.0,7.0,65.0401408568993,150.25646049165482,1.0,1.6836334728544222,14.739780871998049,0.15705115142933612,76.37002631722348
9.0,14.0,49.31629555267909,103.12265486408857,0.0,-1.896898684565107,71.86378815738436,0.05134942798883723,40.16328648484472
43.0,30.0,56.19332813947782,15.483003533863661,1.0,-4.501531258855457,141.9445380657662,0.26833615912550646,73.87515715185542
16.0,29.0,39.53486795114068,22.197142339584722,0.0,3.3187040935096377,84.13612921055565,0.14318359111367387,28.449662023627845
37.0,19.0,79.01583798432645,112.20537594089829,0.0,-1.8966999286543695,100.13431526792574,0.09536975800747968,79.31135997342383
6.0,38.0,60.04106978302376,146.56991661580489,1.0,-4.368947751413216,16.93257277377714,0.14491972704510273,81.83819377201895
45.0,11.0,22.630811149797793,50.912800230458984,1.0,-4.252118354971348,21.527949621338436,0.0486809928549695,18.622391328415745
12.0,16.0,39.59731434488052,147.16281905853776,0.0,-2.482412012112464,69.67098929395088,0.02399243427173187,29.96328976576542
39.0,29.0,57.39886602554345,164.02649696186737,0.0,-3.2198405277847373,142.68971984755885,0.026221280186974956,50.52187884786086
41.0,28.0,23.379996667954387,88.26052088880112,1.0,2.743001177801508,54.11769623872934,0.01770038211601851,17.09254999317205
8.0,18.0,21.433051479148567,151.81965424037995,1.0,-1.7831595333296557,131.62260619763003,0.004054871227858063,16.382220187713276
49.0,10.0,47.00145437166815,86.76569056240739,0.0,3.046957850398325,18.04328901385673,0.13425260288124338,35.8551205298766
26.0,33.0,39.961410781560204,138.8866195964538,1.0,-3.261540021768472,92.55258104005651,0.021921374275375126,41.41402857011043
1.0,6.0,46.29791648198995,155.1594393707132,0.0,-0.07120820455916221,90.09194653657772,0.02406639782042519,36.142774199329295
4.0,33.0,35.76159859280031,198.46605747854105,0.0,1.8803713355312879,128.98121251054027,0.009265354756622685,25.2465490251626
28.0,19.0,29.883064816578855,75.62536579208326,0.0,1.5199085386585487,0.49750566073522573,0.1183080289313186,20.132602315183924
36.0,37.0,61.34860141882026,88.09774830917618,0.0,1.0112940993026875,28.489750079635822,0.19124536562325295,52.843755601793134
37.0,23.0,50.87426697606803,41.467811287932555,1.0,4.248216019311698,32.95314381442226,0.24580999332304315,49.42757275968498
18.0,9.0,32.00925267496201,48.77388109634331,0.0,-2.714748522932556,142.4949132136106,0.025445088396603952,22.69160653922478
7.0,31.0,39.1753655755999,141.74505049369176,0.0,-0.06280795537894623,23.054048440484245,0.05353563964069032,28.88894307468781
47.0,14.0,55.50847445979956,184.23866212935044,1.0,3.839925500724087,5.544352533084057,0.1330146669350551,56.80474353700767
44.0,36.0,24.33376089634867,84.9749408156357,1.0,-4.22106234404843,80.1692242112712,0.015063497656905877,20.598260587965555
0.0,19.0,28.847180555970773,44.170444898752834,0.0,-4.4411173174692475,79.28376936505225,0.03858593356667859,20.141726613742993
21.0,2.0,24.394736246443408,64.16890488276887,1.0,-2.6669771244170857,126.60704480517964,0.012096208215533788,19.910765974559723
51.0,36.0,68.73903996284713,96.45982391354633,1.0,1.3302121953801849,142.3289475266703,0.06535391564121788,84.15894755150525
16.0,39.0,65.14455399272056,65.22356257941999,0.0,-2.401203735501931,80.78181632101965,0.14090001136862132,60.01967135931212
6.0,7.0,65.19877591275542,54.38002579315459,1.0,-3.09760116191201,139.49912736294831,0.09483560262446351,89.10004608627887
24.0,39.0,62.979520608561685,149.83705286384512,1.0,-0.4119768464170792,108.77387269497444,0.04486023704945771,76.9929475683874
44.0,22.0,60.16312542019215,11.490535035718407,1.0,1.1359806876941148,39.68386919933775,1.098932596871671,68.57224187844295
3.0,39.0,48.6195149226905,112.4538001939318,1.0,-2.514422929832596,139.26310664158893,0.028809145977032016,54.68170010531132
35.0,10.0,58.5366898104269,160.81569333565324,1.0,-1.9930881327625793,100.11647642728121,0.0353680476950074,72.02129520266229
5.0,7.0,22.30169328727848,60.58337440031896,0.0,1.1355930481151388,62.114389911395065,0.019331379857415284,14.0710425261137
30.0,28.0,57.28786535940708,124.6253870162833,1.0,4.457384219894527,102.0363126775396,0.045642792869581686,58.80348128052016
18.0,29.0,66.67266233221262,137.09102006753739,0.0,1.7474172743808825,60.196924161562634,0.08564148026145853,59.02600452428747
43.0,9.0,50.021501623063415,134.45469231696708,0.0,2.8290414358455998,17.12756519819389,0.09993698405723829,39.080090811858156
53.0,38.0,41.45079970563422,94.71143049775637,1.0,-1.3318990524453123,107.84681207653497,0.030884147348176023,41.40520814078353
38.0,27.0,36.64560408805875,75.84981769639805,1.0,-2.2774564061553395,123.61314182561156,0.026027783912462393,35.346584380173255
26.0,35.0,58.56812300972495,168.82557387528456,1.0,-0.4573225679737747,109.32092985290815,0.03390862839726508,68.72702939288914
9.0,12.0,61.568071917794526,154.1047318299742,1.0,3.071328287116737,34.36720016350148,0.08972939844397254,67.71541127366959
25.0,31.0,72.25805599175256,71.03848294864338,1.0,-0.4370035820944418,143.49525202164193,0.09589086004808069,96.10391152565674
18.0,35.0,40.540044947659446,29.573646944019156,1.0,3.4672540878986102,3.788184253673388,0.5040126038279986,36.01192287005474
38.0,36.0,66.18633844313513,23.643433634639145,1.0,4.887719806951271,49.902794606346085,0.5738475760810987,72.65079765504399
2.0,25.0,53.681349451360276,27.912435800797848,1.0,-4.279733342696637,39.013865180234326,0.364376673817148,68.02662848210113
44.0,21.0,72.97018944068475,120.74517862648813,1.0,-4.545898439162963,7.218934142227646,0.3363024514408035,113.90135611187335
12.0,3.0,51.66872649773725,19.815813407508042,1.0,-3.5041029708663816,60.85945394830027,0.3177739477125165,62.19288380412506
49.0,30.0,51.057789703878036,74.0161062431673,1.0,-1.1563032426565378,93.46722602441618,0.06617715061329862,56.61371414478593
27.0,17.0,54.67262488645454,153.10794336370358,1.0,-3.689577908545676,132.3829295227652,0.0261191080967616,68.50870130534122
19.0,37.0,64.95892130854607,65.92615163792183,0.0,3.70664477618756,148.4534574287205,0.08245464073599232,55.69608371353932
27.0,23.0,77.88142872970765,155.02853466422468,1.0,-4.768537489729362,121.21343796065972,0.057654833583552716,128.42262195335215
7.0,22.0,24.413801252945937,151.6387372593405,0.0,-1.842072836641775,70.30207780692372,0.008978114780537663,16.00085155600333
40.0,21.0,23.20607614346103,56.7071552003111,0.0,-3.1530537050579466,108.5556638950546,0.015319841721903992,15.163003724081257
38.0,1.0,76.25302024444031,148.47621421762165,1.0,4.315393301575323,126.54356828844611,0.05151276741606362,91.87308362974422
0.0,30.0,51.792537531092364,152.07756127169912,0.0,1.6948100489002793,69.7960794628022,0.04163610966752389,41.41957624641356
2.0,10.0,56.894180874016165,85.5162458767351,1.0,4.120302564513745,117.75816510382498,0.053772707138422964,58.61054623817998
12.0,27.0,48.94541609568373,49.97989191088846,1.0,4.723287103103933,72.39786274693151,0.10905468003955328,46.25027074954565
27.0,31.0,25.61944715644847,109.04145330945514,0.0,-0.029017563226307885,57.97439863150841,0.016469720154542362,16.784023717589964
48.0,4.0,66.08536270511999,185.06554172003732,1.0,-2.6568089195197375,78.91362566756418,0.04681765866958538,89.61572475630686
24.0,37.0,64.83347870531522,131.52717916209178,0.0,-3.062712138034107,101.37821064407173,0.05714196970471746,60.13003121235404
32.0,9.0,38.70219928956872,42.855274549179626,0.0,-2.770811383141595,109.0323084477896,0.05372469543794724,29.142789848821536
37.0,39.0,38.37435471370402,139.72381569936877,1.0,2.085933076220029,53.51044033381618,0.0312842554024791,34.174213969881535
52.0,23.0,70.2704828543311,91.16857518354857,0.0,-4.595542718769993,85.69803773340523,0.10717813194444285,69.22755568626468
5.0,34.0,24.3414354644796,122.39047149752088,0.0,-4.486389269672851,136.48063111206707,0.006649133433549167,16.247746530533245
43.0,22.0,72.86630890139395,149.4721666543905,1.0,1.0814294238315003,146.44693501659597,0.04442558259424105,93.03990934524867
44.0,16.0,35.39970139375487,107.83999678774451,0.0,1.4205714673740655,34.087213677593176,0.043895061036237464,25.003180879605193
31.0,0.0,55.579084865329634,164.65695516892865,1.0,1.6526292432246004,28.92467485700122,0.07323033569671308,59.85588272104765
44.0,30.0,76.15965074010667,147.20956007015928,1.0,-1.2811949541140877,101.50284501429728,0.06910367483459881,107.70324103992377
46.0,30.0,60.687350092198784,126.86393460351702,1.0,3.0594488871415315,62.202582873516576,0.07527145671804641,66.24450530505709
20.0,33.0,44.8657887480222,38.650635008146786,1.0,0.33624587726617583,3.6333507627205552,0.47267281016320273,44.678122330383204
15.0,8.0,61.37205253432491,168.83033107319798,0.0,-3.9453436999058056,52.02928059709262,0.06058793902174995,56.17999497574607
53.0,21.0,40.638778178982214,187.82206121076504,1.0,2.970993070673452,121.01171152083782,0.012969013324516299,36.480050340473554
20.0,12.0,36.63550498095117,36.02337352376602,0.0,4.530677862704583,119.61403955747738,0.053234674360255675,25.55593607563566
10.0,24.0,79.80099667608079,102.7658145923518,0.0,-4.399636869976414,74.20277232248728,0.13679325324823774,83.60358384151553
36.0,17.0,65.04741387078727,59.18886097439585,1.0,-1.0864866129942008,70.8866902331303,0.1608298824689795,82.79061890289255
35.0,11.0,58.683198642909055,153.35942841085728,1.0,-0.12483955165252358,86.92611636515662,0.042027040902847826,68.2790561821507
34.0,39.0,41.31737859315913,147.109630840893,1.0,-3.5352923992168304,32.9095065845364,0.047859055383925646,43.952405587725536
18.0,16.0,22.94964974930289,36.76817290837575,0.0,3.677089477828771,78.90654373364332,0.029318491297463573,14.374760791609232
19.0,14.0,21.863412562109335,176.63518153971106,1.0,-2.15850355109956,1.6569540084972578,0.025112232303449923,16.95102243425667
17.0,14.0,53.250875326927925,44.384882155820435,0.0,2.830085399381601,71.33393321747006,0.14044777131726188,42.56962673656798
46.0,14.0,65.72196326234307,161.47921487314042,1.0,1.7099448202831602,50.40765693758888,0.07716037170132581,77.58094674919744
40.0,38.0,52.2427514266313,96.82626832932092,1.0,0.9804582246702342,101.23044088554894,0.05060473112193153,55.359348411052494
48.0,12.0,70.44710431634687,72.37173577604874,0.0,-3.078571513034456,95.75303762289413,0.11960190314245947,67.95897209891392
13.0,16.0,22.0055919855933,40.065459908100564,0.0,-2.792964794490943,57.12538202742135,0.03165767645596956,14.170410749616828
14.0,31.0,42.00512458555641,41.84670866785959,1.0,-4.526515952534307,1.090947221788735,0.42593280301241826,46.62376899826478
30.0,8.0,34.22422347045068,135.75920539317104,1.0,-2.592875702177336,37.84104440924407,0.029438444079954756,32.22924919009773
0.0,39.0,46.83637808942732,114.5817737099529,1.0,-1.5455639053948589,95.00217752837435,0.03633772224328185,50.1258286152919
52.0,19.0,24.342583591647347,33.19623011373422,0.0,3.331453038624254,10.85600145262568,0.1195763718804546,15.461830561823426
53.0,25.0,77.24789849426435,31.412593483281785,1.0,-1.336073332851947,16.146363275019578,1.1056591595114766,110.46140207320904
53.0,26.0,33.395324064161656,23.739009206830378,1.0,2.546217827656064,97.05525368506308,0.08467317455467142,27.816368413109885
2.0,20.0,75.3384665290151,151.3157960009734,0.0,-0.6055771870451243,113.36511014239385,0.057469392093593766,72.57814757625296
15.0,17.0,45.553589302200905,145.25759619356495,1.0,2.848683119938884,48.232456201906814,0.0424951318763976,43.19144578827863
22.0,12.0,79.13144799531308,21.10188826236928,0.0,4.762716004370398,73.45095982748428,0.6340492218560143,73.14740481544031
10.0,15.0,53.243503007612645,116.45131436342486,0.0,-2.601584419424199,141.8567047475488,0.03022129153364537,45.06290116548004
11.0,8.0,75.84997185054844,26.08846949611108,1.0,3.6234161196387618,141.83153432639543,0.26586271166401976,92.66629587784759
9.0,11.0,20.32093932165337,181.71169641569892,1.0,1.2182408630577468,46.125416169514516,0.006786263542007326,14.53467269349269
31.0,37.0,64.89432837085401,182.35230964422516,0.0,3.172942615886548,121.49818125256354,0.03542533706823883,55.92469888648338
15.0,18.0,74.18303918615092,142.6642680644947,0.0,1.5158590226780522,89.09160792102882,0.07204055522693242,69.08498269952975
7.0,6.0,28.383234018737244,185.9758950734955,1.0,-0.7605049272584985,146.322674002557,0.005019490316614703,23.60061166597101
37.0,34.0,25.76755110392909,164.17607577860122,0.0,-2.719250605582096,71.64203545666447,0.009502889394520623,17.21770685218793
11.0,17.0,45.47435643115733,167.42232942613938,0.0,-4.29964774668835,116.20603020233423,0.018375766376072935,36.88535303619559
23.0,15.0,76.0207343679761,118.24449160828732,1.0,0.3551836446071699,115.22056944223065,0.07304128046672814,101.81719774513863
27.0,38.0,52.543193611426325,68.15124766107341,0.0,4.903260945268656,74.61493014496142,0.09318006952966049,41.02786289096362
52.0,3.0,51.64738782330393,51.3818318721201,0.0,2.3804180501420626,119.34451714459617,0.07299509047557709,40.99267949833322
7.0,24.0,28.46756709795931,72.16800418739655,0.0,-1.7265445860098338,39.156049996049475,0.039444066643047115,19.375465390693627
27.0,31.0,20.047370665593128,129.4141317169218,0.0,3.2720480008673523,18.33795544353433,0.017282022526442058,12.25873356891937
35.0,39.0,68.60840544472768,42.804741808155796,0.0,2.6898400017640656,63.77456169829744,0.28643135658132274,60.86429962429192
25.0,12.0,25.254473779174294,59.1416449610911,0.0,-2.183642066465432,141.54459849503772,0.01334880140647476,16.726573955247492
7.0,16.0,58.030989124119436,98.93156393113824,1.0,-4.856925102057653,75.11169123037931,0.07210634859425254,78.98738344133986
49.0,36.0,74.87698727091148,54.27951871967696,1.0,-3.818373614660504,95.28887079703904,0.1940258579541836,115.27988290698723
27.0,5.0,32.51911478950586,121.84229724605171,1.0,3.773061903120576,93.6243683861813,0.014864822494363404,26.258053670074354
27.0,18.0,59.91637017421465,185.40344540670267,1.0,3.3656303530487177,19.885930090429564,0.09932081036019466,64.4937489222017
36.0,12.0,24.721914602450568,152.13697948359402,0.0,-2.0479099912163754,58.54453235658154,0.010277298908342405,16.274054999029072
40.0,25.0,56.22530863025678,136.62105668829346,1.0,-2.1480457371557957,106.04084593828122,0.03854221633819246,67.89779065709125
35.0,13.0,29.835903257192165,120.71708043691797,0.0,2.928649871024711,145.79851478710893,0.008965586533005217,19.91090802208565
26.0,30.0,64.15721363091068,102.71010275884232,1.0,4.37737469895422,25.202660744553924,0.18856428825067556,70.02919124967772
53.0,3.0,38.07387768763449,45.447133330585345,0.0,2.7913725679759995,61.56628355086744,0.07665937103691642,27.19569410717766
16.0,38.0,47.80346052827878,179.99498653110444,1.0,1.0557867703076151,14.264069970409404,0.08063501999008739,48.2944829615941
8.0,7.0,55.965832521657305,57.2218403824389,0.0,-2.5732864966819546,36.35646894738841,0.18822562531250125,48.34139465886386
32.0,24.0,30.276404639974373,27.348686739850542,1.0,0.2574791409526067,56.513901498922536,0.09154880870745613,25.307614359985397
52.0,12.0,64.49826911705725,152.50288405345208,1.0,-2.664881414067354,81.09648719285256,0.05455386334267521,86.16258585606721
19.0,31.0,38.15842043820887,43.36695152292162,1.0,3.0801142009677362,34.585032335862145,0.13112357139020311,33.25997734025762
12.0,37.0,59.74231159476521,80.66023991282344,1.0,-1.1303892048226272,34.13439917680286,0.1773578956591335,72.37155246800259
27.0,37.0,29.49698304196242,15.374136375286149,1.0,3.336972169940262,116.67449687103057,0.08986933575337144,23.12888225886097
47.0,27.0,61.28705955238102,36.042909082685135,0.0,-1.183907820172747,144.3962494420322,0.13400237584916241,54.11565382224677
28.0,29.0,27.691284368627706,42.9086898443833,1.0,3.241494051998913,48.54194516271843,0.055299924792760476,21.26177065671038
12.0,2.0,45.521389776199015,20.33792427253381,0.0,-1.6668218483475805,103.19880279535202,0.15696098308252582,35.88587217631691
45.0,27.0,34.83236442433261,134.7648217583406,1.0,-0.5986729538233015,38.71206920368811,0.0324064505761152,31.468796988725448
34.0,2.0,64.90251496569095,169.0314812025923,1.0,1.1548841934265752,139.1928382448448,0.030220240843975045,77.20511005995994
5.0,33.0,35.722100270412476,80.92992720952878,1.0,-4.297123859700813,100.93535402480974,0.027931590348017173,36.119262715509116
17.0,15.0,72.90303838372378,176.16953057645813,0.0,4.482070618154644,120.40152819563549,0.04331317491597806,65.14776981613593
50.0,21.0,73.50921268439677,50.535849166424036,1.0,0.736057861238032,7.4031064798747215,0.8110299176767127,95.32195910756477
4.0,31.0,31.78647891336715,71.8241804766355,1.0,0.0782001469080229,89.77589523609369,0.027270027083725636,27.202195760401466
46.0,37.0,56.83075670046345,38.640028675922,0.0,3.393939711199121,79.14184970375734,0.1830340498399994,46.32267270827223
24.0,7.0,25.26305850319786,127.90624712960974,0.0,3.6576272989682757,43.9495360367298,0.015283798380537545,16.147259663292402
1.0,7.0,43.49222597609775,89.7752222653583,0.0,0.2226040452901601,39.36449775859771,0.06841241188748746,33.12285118292047
9.0,5.0,62.799303770076335,126.52383589996074,0.0,4.272623257936373,87.00372034754545,0.05596015010280749,52.80101676806319
29.0,13.0,59.565394810994974,154.7182320248949,1.0,-4.352622339235194,105.97284525108377,0.03660523044912962,80.72919325608183
49.0,31.0,57.48204016439648,113.68357304626021,0.0,-3.867742077487825,4.9759135552783444,0.24876661596887545,51.05333409332289
44.0,34.0,36.952451819746614,129.2497674313397,0.0,0.9678823001444015,85.11023728855565,0.021650954342393943,26.52862855343377
4.0,9.0,42.681496966064124,187.69755973492326,1.0,-1.4593413820641632,25.568929341994295,0.04154451393922921,43.417146833555826
54.0,2.0,26.17676868201717,66.8222188256802,0.0,-0.35774833810801154,21.054409707915084,0.0488102107432125,17.27445692244391
32.0,11.0,63.14136922601606,78.24114834045109,0.0,-1.7192078210283346,93.46792321420268,0.08974863133160206,56.86032743842894
53.0,30.0,50.233327807476414,146.363638724774,0.0,-0.9527468855506438,46.63051758262095,0.05518454325399984,40.78498549233732
0.0,28.0,62.525937940739276,126.14804824052348,1.0,3.2264634714629947,66.1320349702296,0.07573066445493125,69.09787316251939
17.0,4.0,34.936611487812364,43.921251862545816,0.0,0.9347619985430466,53.99982141596594,0.07225307400666882,24.672364304749692
31.0,24.0,39.46629371810397,81.46798890199314,0.0,4.9734454928349825,97.25044802287856,0.03407093170009812,28.044436642067275
46.0,30.0,40.05292023560688,98.88922249369584,0.0,2.8687919782096296,70.51796490997033,0.03819814211667181,29.037958331096323
48.0,20.0,21.544544584832973,89.68406921399398,1.0,-2.2633374589817334,144.5187993056921,0.006516171750915232,16.651787930163707
10.0,19.0,40.46287236983741,43.87221358118775,1.0,-2.356548822733038,52.8574138659698,0.104562260931397,41.079497046443514
20.0,38.0,68.19827441108201,185.64171743900982,0.0,-1.6410172988299287,111.04265103942528,0.04160735604125642,63.53696485419161
25.0,21.0,73.83790974498432,154.8405647218554,1.0,3.432594806477427,38.59388513745668,0.1241522106438968,89.21756419029475
24.0,3.0,51.09309893815565,101.45760810049192,0.0,-4.727123493494344,76.31296389392203,0.05143378741884696,43.643327273978265
21.0,12.0,47.33010171315321,139.21159537829894,1.0,-2.698187211287423,82.88546278529356,0.03121500570774164,52.752822067114366
26.0,19.0,21.849477121962217,180.48370770574914,1.0,4.049184203442669,49.36639215940983,0.007826395730657116,15.386570526371493
48.0,12.0,72.75226025512296,35.87308704869853,0.0,1.3989643608325197,70.76707933689437,0.32817768835648503,67.24051614471827
12.0,16.0,20.780612805552362,57.57087963432576,0.0,-2.731529044989436,41.891795684773825,0.024472236638149118,13.210034808417559
32.0,35.0,76.6850048126127,113.11323697876256,0.0,-2.8085503176741966,0.9001172510972988,0.5369855708219844,76.82685226074129
33.0,32.0,49.35297492128544,161.81197055694815,1.0,3.6261810175943054,32.34724524568181,0.06156098244395463,47.8493724092
40.0,0.0,40.5160696144836,16.888430133890203,0.0,3.937575082770465,105.0096258739801,0.1494623130866516,29.23900349244888
34.0,14.0,75.4531060905596,196.9634485373085,1.0,-2.438689090378847,115.64445367280655,0.04309193599016193,110.55996593775988
0.0,12.0,21.463459586605804,96.43225454765546,1.0,-0.7948964192346775,42.030430070837994,0.015192106741781918,16.121793762817024
20.0,16.0,54.885493692145225,78.25391671812737,0.0,3.3459573862831715,61.20644982271079,0.096040336429322,44.16493413984492
47.0,23.0,52.93595146996026,65.61764318955666,1.0,2.710074386098854,5.604849020791663,0.3485203965804735,54.20376896177381
54.0,7.0,33.159224072682925,43.12777445366561,1.0,3.139161065660845,35.559435164652086,0.09129352151969436,27.260748252320184
5.0,26.0,45.733245881012635,160.3990426967053,0.0,0.18398190787968782,116.88289250584488,0.019927685143574146,35.45896437915937
27.0,22.0,59.13584035662621,191.52869130175833,1.0,4.115490483051731,90.8979405397586,0.034147979165375965,62.161632399599355
16.0,7.0,63.62787181291565,88.59250342062566,1.0,-1.7404845604556474,30.86557829315571,0.17508506371187943,81.62957664670255
4.0,7.0,20.043011522394785,190.9599320031567,0.0,-3.43327865652482,38.61629926836482,0.006934107900901679,12.699227234848756
30.0,25.0,76.21120580546092,166.5215469326565,0.0,2.087323325648648,122.52030344843402,0.05128729983681444,71.38127093640085
4.0,12.0,29.871522343568742,101.39971422050047,0.0,0.39354416006896376,31.362630441735124,0.033880087144014984,20.278108340922174
37.0,38.0,34.01482605334155,138.06497403396523,1.0,3.5458576880948103,50.12365887706968,0.026009251578806777,28.052550023546928
2.0,36.0,35.8084067416309,92.64699404238796,1.0,-4.18840750875285,99.65380374819665,0.025013935609747545,36.12427613566142
52.0,27.0,22.269208193122118,116.15744756038495,1.0,3.4369240343806684,84.16685785621179,0.008669690639259613,15.890809290323684
22.0,24.0,27.383127415419494,21.028804033515726,0.0,-2.0670534679117782,69.13053078507214,0.08343040660184507,18.49507908471626
36.0,15.0,79.18099537664972,142.2900603071013,1.0,1.54855667168183,134.96116364696164,0.05774563893535605,104.98743335484623
52.0,1.0,38.913004242637165,20.036682451985975,1.0,-4.598712109217442,32.95656940725775,0.27751272457311055,41.547878049521145
36.0,17.0,26.91806542034296,165.24613991473342,1.0,1.095812963036007,111.21298362944998,0.006833237257654663,21.17884676434243
9.0,16.0,26.4194756704774,166.73991659750592,0.0,2.1727168918733595,23.8595760927275,0.019246942172585296,17.19993443970035
9.0,29.0,63.167598060198316,55.044684635680774,0.0,-1.3124978549437971,92.36007502232178,0.13647002969393837,56.60774696214503
18.0,38.0,71.27411984195845,71.49592839680204,0.0,-2.845892947378598,130.593534511697,0.10267958678154068,68.91829243412
16.0,12.0,35.41713797050819,101.44897192607573,1.0,0.3763067660354502,68.68526782172069,0.027755542448974293,31.543617779801128
20.0,31.0,21.254570740114097,123.36595231717148,1.0,3.3319080443564655,108.64417607869935,0.006068732284599412,14.979477790918299
13.0,28.0,33.385401106721346,64.59719573097938,0.0,-1.7645264170334918,123.05900294984824,0.025444477808323325,23.771878491085243
8.0,29.0,23.39094144780544,122.57241688006576,0.0,-2.475307024787204,20.403963731640413,0.02336613308804405,15.241699050692693
45.0,17.0,26.20369619780249,66.57954391356678,1.0,-2.2106469136231235,105.87403429231651,0.01679878486759162,21.773575166982454
0.0,12.0,45.89048719085854,20.543237003501527,0.0,4.491321529166644,137.97615359830144,0.12800607778239828,34.31319963143371
50.0,20.0,33.795102251697955,10.4802344680627,1.0,-1.4072308423544033,86.45559147833163,0.21213746551971396,30.69949537934015
44.0,29.0,50.956752711525404,29.218701004501433,0.0,-4.963957601117128,27.918336679313406,0.39410103090052157,43.61177111914331
12.0,20.0,35.20962519543142,160.52763303116348,0.0,2.816812079596197,19.041379738341448,0.040562249636011495,24.577753050913678
3.0,16.0,76.43223806617686,192.67194935283405,0.0,1.9927479533539016,38.96029957001218,0.10341382383099197,71.76586024575366
0.0,39.0,74.35663807557587,91.12357786343166,1.0,-3.714317353970311,15.526990352502384,0.37278893094909404,113.45042539065088
48.0,18.0,54.00836630062796,107.40995115548913,0.0,4.849042491349125,77.00911073775713,0.05762782457676292,42.61510679008593
39.0,14.0,41.26543951924317,37.901152123950965,1.0,1.080622853051112,10.455702406010186,0.2988769509789119,38.78805396852351
31.0,8.0,42.86881292208413,114.69595700922983,0.0,0.007794909406014794,33.51069369543397,0.059126395141873046,32.55107520111401
33.0,9.0,44.711136988669814,37.4844313813256,0.0,-1.1778073237710895,65.98656658683215,0.12307609333112876,34.84586500336469
27.0,30.0,63.654759328096645,126.13072292777771,1.0,3.986727555636379,71.08721256030321,0.07502031010422996,69.79601249748355
30.0,22.0,47.098339731130274,187.31914684036224,1.0,-2.5603651858143675,84.80977277204467,0.023451276765373424,52.12533593348765
7.0,29.0,71.40379679035384,47.18272246757753,0.0,-2.1423109978009816,105.84224441260898,0.18158199895485921,68.43349226102
38.0,32.0,76.64568715582188,155.26710643084937,1.0,-3.7758919331343312,7.084295949820129,0.29917909232973583,119.67124013324747
25.0,8.0,40.15676920273603,14.465460335481568,0.0,2.5911909558426007,12.093142826367487,0.6836215931831094,29.199941767036922
33.0,0.0,53.641668882540806,81.34447585110799,1.0,0.9554928040585331,9.128872770717111,0.23226516342976658,57.682236633338995
53.0,34.0,25.703392209953865,31.04221648779672,1.0,1.090661692544983,63.47254731973655,0.054945401299346795,19.892234446016968
53.0,10.0,32.028142865981536,76.97033390318289,0.0,-2.815295689805364,6.277191732440146,0.10190051063415918,22.728546491956376
2.0,33.0,44.807946002609604,42.972014731387866,0.0,1.5116838912708386,111.91219002469894,0.07585912089157097,34.077682980714435
49.0,15.0,32.372162954106734,80.92794812334861,1.0,2.6545844724686396,33.45002715577168,0.0494143136001133,26.583960720132815
11.0,8.0,72.59362944732305,89.32933316043076,1.0,-1.4211146927431073,140.8818739934938,0.07154085851438288,100.0282140150523
0.0,31.0,29.497175363545885,67.1123133283745,0.0,3.0134714396171223,72.96056326456672,0.029663078650414138,19.6185072938437
53.0,14.0,47.339649293185516,134.75817039989454,1.0,-1.5120941146797906,66.94886286633024,0.03893496145526452,50.90522285630855
43.0,11.0,56.34195442759254,184.58188973919283,1.0,2.5813846150928765,117.08080389592504,0.025192615381951312,59.769747605555445
4.0,32.0,61.51183448965067,86.11312108000175,1.0,-4.66269892542281,106.97309758394867,0.07388536600448592,86.1885408734707
29.0,13.0,42.984162183590406,46.54519973025407,1.0,0.5116460147365265,91.09635614222142,0.07184817611200277,41.73639176740201
29.0,7.0,72.14594412348372,61.437324057236836,0.0,4.695265606398866,140.2720059375555,0.10384978466635644,64.03254801765479
16.0,7.0,54.09914906467553,172.2601564643101,0.0,4.812446006823907,63.33888914806155,0.039730459464682635,42.726747305300044
47.0,26.0,46.370466826853104,118.6115474213281,1.0,-2.1824742165825937,121.27975136584297,0.027047706947080825,50.298209757067
46.0,11.0,24.034438043122197,96.45209613832188,1.0,-0.5860090891964453,57.01394186187278,0.015634597750658594,18.70337552911209
22.0,0.0,47.8813681067099,38.430977086696075,0.0,-4.3702209201336695,125.75185114441572,0.07760106080992334,39.660135063633376
14.0,39.0,69.24415044894381,95.44818858151856,1.0,3.733413076045997,38.92119434489529,0.1860701651001837,80.03188510013095
36.0,10.0,56.87246109327893,62.91348063790347,1.0,0.6857215314021414,43.390060925404875,0.16178059022913605,63.578439606450935
20.0,38.0,69.9297472237471,189.20099429213636,1.0,-1.1489932105948297,101.6804301026181,0.046226537143540206,93.25301506270073
13.0,30.0,49.640700235958334,177.97332078898893,1.0,-3.8722944151084695,31.906994242769454,0.05664308070121324,59.14779625242666
1.0,16.0,27.10770230566891,25.94148294735762,1.0,4.4676728549688915,34.37312805381432,0.10466115387193266,20.30381846608215
10.0,32.0,20.818390750152865,108.16416295963614,0.0,0.30219047820993716,45.78936435261221,0.013012063639139166,13.010356131204029
50.0,31.0,38.19317280311547,52.761085647787695,1.0,-2.1707207091709613,101.83931544905637,0.0485123398424676,37.47803654257771
38.0,28.0,61.87942828986755,88.04764700961522,1.0,-1.497848698684905,133.40821386348478,0.060026135200442636,77.43859116669033
37.0,20.0,67.41559423650162,176.60111966777671,1.0,-2.2930281907785233,101.185147669048,0.043868544756090415,91.37305796336739
33.0,20.0,37.74517007721977,110.22775877882351,0.0,1.0180980885698065,124.17213665161879,0.018499808153371936,27.263149763128496
37.0,39.0,49.739235252994824,73.50090574044437,1.0,4.299635757805099,81.53408845417046,0.07233637734177138,47.75284654504553
49.0,22.0,45.2671342660449,49.49878727994944,1.0,3.566938033265644,10.338483201771792,0.2844011832674251,42.17747535611443
33.0,5.0,44.63136706108567,162.06172328723295,0.0,-0.396191245740225,15.0699317262751,0.0684603359019541,34.49738527884742
17.0,21.0,33.88092279200903,128.65842291922596,0.0,3.2649936230100787,83.15879675503732,0.017828364702246545,23.325424422871883
29.0,37.0,28.182266301767502,98.93243748098394,0.0,-0.7689451872367015,49.17014529631644,0.02519086904692415,18.99790438510007
14.0,36.0,31.801313493872787,51.32202723396583,0.0,-2.4769285924136195,33.0852110455414,0.08030955327967214,22.455792684067884
26.0,7.0,23.319943229800767,73.50681108985495,1.0,4.834151152664279,69.93853909539312,0.016132145864006367,16.5813709181372
50.0,34.0,31.887844509414624,192.37025108031852,1.0,-1.9611243202917816,99.97451113564523,0.009493171028563617,28.608514247265482
33.0,10.0,20.55205385752277,108.81708814510853,1.0,-1.762757690130916,57.74879216037876,0.009944800846943732,15.479705040826362
51.0,23.0,57.63550403815869,86.13286343621806,0.0,4.896928677865223,120.38133857360124,0.05745068538258065,46.57556404840606
37.0,20.0,38.98252444326097,109.07018804618154,1.0,-3.660725068343451,110.77848698570905,0.022007610560396202,40.38603581897627
32.0,1.0,78.38868268561451,158.00781612092564,0.0,2.6053398800969507,110.23723232393502,0.05731855522181152,73.94024746971131
23.0,39.0,31.62302304657787,74.62069793554507,0.0,4.358127584827265,147.77845345160827,0.017431106078479794,21.227030917252257
14.0,18.0,40.74971421857563,43.95416297719568,1.0,0.11794994275418635,44.28449660574522,0.11968927396149277,38.9242692439459
29.0,38.0,41.470469518491996,121.13786248441909,0.0,-4.974782382971799,96.70883795113427,0.026474094872133886,32.74958696226152
54.0,27.0,20.507089763747633,136.38877966140276,0.0,-1.2494105588689375,128.32175102404702,0.004398508223902146,12.886314714313169
41.0,16.0,70.35247718236754,145.41642056212442,1.0,-3.884310076151729,86.92866508708664,0.06497291235716127,104.17617631452282
50.0,5.0,21.919667608659484,177.57764224556465,1.0,-0.8381233906630425,118.4253264173089,0.0038538949927549274,16.59411464614674
16.0,18.0,76.41079008375448,80.52308293093148,0.0,2.900267616422847,62.167827875986845,0.17985468573184585,70.97690886035761
4.0,37.0,73.52446106561725,24.317430283489443,1.0,-0.6128845111619952,88.5737018482207,0.44419323076930584,99.41962468714588
28.0,27.0,52.13131496515781,192.08623088987903,1.0,-0.6807487865407746,8.349958920649241,0.1052033786809255,57.67568634835475
3.0,1.0,52.615734494677525,92.65226621312028,0.0,0.5678947691884662,147.865140873722,0.03331885929428242,42.80624609426016
9.0,37.0,59.22667537736938,128.41892683789496,0.0,0.8169058474768021,120.00277221726259,0.04233145701368647,50.38128043538978
16.0,36.0,43.22300071609322,136.59801139437553,1.0,3.562963087989713,130.32136074471742,0.01968556364540083,39.43317866993574
9.0,3.0,58.83333700387133,113.83760465322867,1.0,-1.9164456077104852,104.14414172144191,0.04659282068441157,72.42131791168822
16.0,21.0,22.68610332130921,48.99893064989132,0.0,3.2167126436801596,27.90750492130492,0.04517995518474844,14.209125018723116
19.0,25.0,23.242857640983594,153.47717952206688,1.0,0.6593374869204727,4.65426636270484,0.0298543812062404,17.498446343712025
23.0,35.0,47.433825177172665,162.7128751177755,0.0,-1.9947045028285304,129.69849116040203,0.019933092334142383,38.10078748968375
4.0,12.0,52.977338066362094,115.06536134331355,0.0,-2.0487395599392286,59.44959806041846,0.060709652912944945,44.458624581466296
33.0,31.0,73.26905842014914,102.8266205111199,1.0,-1.388624828942755,39.57973140598799,0.1870589350048764,101.44431045968554
5.0,16.0,26.279638034473777,31.64825479431721,1.0,1.226932426199755,84.25094382584166,0.04213343477725523,20.452432913147717
52.0,35.0,69.35887563163337,25.95081568495893,1.0,-2.6918826864005085,63.1347783713579,0.48172442287955275,97.12212107473641
1.0,18.0,32.60284023752418,74.51732065707046,1.0,4.203335616722674,97.74989935313356,0.024542669039701787,26.172386336622534
12.0,34.0,43.64501891060191,69.06076954830472,1.0,0.7491258417790037,72.56898495817704,0.06407057028446718,42.45579907035463
42.0,39.0,38.996146089644775,191.19472568302155,0.0,4.200157769960068,104.5849710660406,0.013929910762414559,27.76488290388137
42.0,27.0,44.00931637192394,158.88832106425167,1.0,-4.535956414208453,128.01349042637145,0.01739745233626905,50.14635141238253
47.0,0.0,29.029729884355135,135.38561609922138,0.0,-1.5738862953852661,29.333551643368356,0.024366736754097548,19.83871936226563
10.0,17.0,50.214204464213296,108.35313691334497,1.0,-4.771923393123769,49.41493208482302,0.06790477871206806,62.3134929142339
50.0,39.0,68.09855538988204,41.799830838063755,0.0,-2.277481849020302,65.52233798559584,0.28303692957607374,63.93602135953063
46.0,32.0,46.49204062273382,195.90676771501393,1.0,3.620064722685882,144.30876720414574,0.014389828264199083,43.81549810463219
22.0,11.0,49.43681455389195,81.2577326656399,1.0,-4.633902841577991,54.80004203212279,0.07997265787325963,60.45649604849112
54.0,7.0,70.92605511687886,30.315864464976514,0.0,-0.6385290008425515,57.16497743889443,0.42782635087639653,66.43046266558316
15.0,23.0,62.36348687828185,103.82179018599176,1.0,-3.824329295267722,98.02087844393418,0.06585578231484737,85.1992764185294
30.0,15.0,49.42726451118708,176.0596222064858,1.0,-0.8315934073963227,62.879956483492386,0.03392689085070843,53.35251822715866
10.0,3.0,35.46173889135078,178.58529033769258,0.0,3.3885158426437734,142.68356184594077,0.008241255145736745,24.704217130632543
53.0,37.0,73.09560481069799,12.083524050724979,0.0,1.2307103340251913,134.17031407131657,0.6227141365336263,67.84052415379722
15.0,26.0,54.6212241014335,178.39619150276596,0.0,2.367563453314232,77.01131666635094,0.03613926213611052,44.28225281081876
7.0,8.0,33.268856606641606,61.58200132497312,1.0,-1.5089588455041902,96.71628509217747,0.02996021862292054,30.0833022787428
3.0,15.0,36.14718515828062,17.404749154000385,0.0,4.443976950101415,8.704584282543081,0.523709919940062,25.134847361533932
39.0,11.0,68.18798533617475,171.08015136894613,0.0,2.092620937795001,104.35957920485971,0.04381142619328824,60.728597884728714
3.0,30.0,22.64873372524733,174.13468363775957,1.0,-0.7820118071546911,106.08013094235483,0.0049545851765071015,17.322164466118107
24.0,23.0,79.52553122172921,123.28390517004651,1.0,-0.7353519977294509,53.87989434648121,0.14438829190406874,113.5305417362335
2.0,13.0,27.821100782887505,119.14241388630809,1.0,4.186841779432976,32.9524325437909,0.024340578939784627,21.10328963393473
31.0,24.0,67.76411152381624,164.4928517980697,1.0,0.764046934353918,137.26176027255252,0.037090455213219915,83.58557630431861
2.0,33.0,43.68651900630097,159.39881501495316,1.0,2.063792099030417,64.00573512076916,0.030525953359197742,41.28627279802642
26.0,2.0,49.532970997248015,179.12003995411376,1.0,-0.8296477548682923,98.05591572025659,0.02227185568413915,53.525086670859125
28.0,23.0,72.83903464787467,115.02201504337366,0.0,-2.763072352352859,4.999319246438394,0.38403792596618297,71.09456069876123
31.0,8.0,44.774671375352796,193.85294761923365,0.0,2.235592919944186,62.11007498652544,0.024870420768517428,33.82974464062612
49.0,25.0,52.249625220394066,199.2678978773343,1.0,1.0782377214138783,122.588821652082,0.020201790299533076,55.23511319784377
50.0,19.0,22.957979744550197,32.14347589974019,0.0,0.01342880424779369,58.136400060107256,0.04335621289350942,14.666807045853643
18.0,39.0,20.14084843204719,171.4133143152832,0.0,1.2402093999446384,90.47417402053152,0.0046750209768506076,12.44567280440441
20.0,9.0,34.68799238010355,104.96622897223192,0.0,-2.9171441393576636,31.478370072680917,0.043880535707272766,25.243447277282943
4.0,18.0,60.83498557512604,83.6376042769681,0.0,2.939387065319563,62.478847325933934,0.10883022568324949,51.16996532414723
17.0,2.0,27.2758936015482,126.48373887771585,1.0,4.481628050203058,139.145657707978,0.007044659112400868,20.468025677791758
27.0,23.0,26.825717528272964,20.633455879781334,1.0,3.9110314416770278,84.96776245515558,0.06914015557700447,20.177452068560626
41.0,4.0,44.657636482154196,106.22761256574518,0.0,-1.7856425469298287,135.28971886393973,0.023632116174056316,35.00299965184688
21.0,2.0,58.87022231649359,175.46920830506667,1.0,-0.9399422671792412,135.3028949234315,0.024319091746471636,70.29242817112798
20.0,26.0,62.72431953487583,50.55768806640407,0.0,3.0840229979756115,141.62217006367194,0.10103531240326213,53.34431522855466
5.0,15.0,30.707040445902486,91.01408000619077,0.0,0.9511713082460382,134.3087490120158,0.013457902073803377,20.91646715041962
0.0,14.0,24.775288842322546,188.50136866582633,1.0,0.4791444367664921,0.49216935154509645,0.03163025408830652,19.123774653266608
4.0,34.0,76.42382203673264,91.42712918308249,0.0,4.266419675334452,140.10223373723954,0.08575024079681191,69.91156863498304
40.0,11.0,35.639982953726104,78.08985014315569,1.0,0.3602496097705077,20.618915862806457,0.08031312660443801,31.84070878372603
11.0,25.0,71.20078985652343,93.70196314344186,1.0,0.14938679587309878,5.988937666672584,0.43454223468573383,92.1428058313575
25.0,33.0,71.8094870277691,108.6960256383357,1.0,-4.579814087336404,8.308280186707922,0.3595899899252819,111.04322342609629
45.0,22.0,66.35135550575266,130.0783553849791,1.0,-4.305830414098624,52.33742927646504,0.09743834793760578,96.20250071264032
33.0,30.0,30.130016399154204,162.13163217417892,1.0,-4.925796921193498,93.12061279031904,0.010535944263943544,28.597983430276898
48.0,19.0,69.30808755525202,95.89941909521971,1.0,4.1324422578363365,60.34667947784963,0.12873600674428903,79.39385203617405
13.0,11.0,66.1550335544952,165.32137766712665,1.0,-0.9161333998229937,3.8331426974069216,0.21984608724155955,84.6079143775164
25.0,22.0,55.803379406373026,111.40692565689533,1.0,-0.3143862386658747,71.4723951262072,0.0633463797688594,63.44939290513355
44.0,3.0,40.23212211013716,74.31129696991576,1.0,3.4538694759246202,66.31961134055702,0.049219288771211116,35.62859186944037
26.0,22.0,35.75051625599264,135.0106573426887,0.0,1.0924631037577792,113.52738982524703,0.014700722881969407,25.3878443586688
8.0,0.0,27.313352724821538,146.36722840126336,1.0,1.095015963905811,41.94193476381575,0.015399346992788518,21.6051831582746
25.0,24.0,50.585424014052286,116.02930536960262,0.0,-2.0346557064518755,32.629676069155074,0.08744560528041814,41.67005856368706
46.0,1.0,55.11565253059079,20.75684489559745,1.0,3.339083739245192,38.39084365149393,0.4856432943461706,56.81414286977359
21.0,29.0,41.56033943094723,42.277746280556734,0.0,-3.3417002396050624,45.5609733944772,0.13204981176552175,32.26219722818864
46.0,2.0,48.521544060852115,64.20656696914335,1.0,-4.468504078270521,89.87473100507498,0.0649183937581014,58.31991189061594
29.0,20.0,41.810867442156,63.69886513078369,1.0,-3.083966424814677,70.72882281781197,0.062350639675417166,44.122257781423116
42.0,24.0,58.46036343924207,137.9499520469054,1.0,-2.3226278122543533,50.53418477685869,0.07354591488823298,72.6654166692797
47.0,19.0,74.0755524677938,13.48624571799019,0.0,-2.1768894214579326,56.14712374255176,1.1030946289738657,72.29945748246027
16.0,21.0,29.83521572281669,153.57953763940878,0.0,1.7051359861876758,55.63854902384642,0.0157905755231326,20.06743899094004
25.0,20.0,42.88452859418741,60.41507021331731,1.0,-2.821754126713565,145.86100420654762,0.03778802398554301,45.49406568359602
35.0,32.0,28.45211623705168,68.90415078105946,0.0,1.7665830449498454,34.94954820794288,0.04577956910386457,18.902101253197337
0.0,37.0,57.49662622446992,110.30286730934561,1.0,-4.088678267662003,122.7092340408388,0.04555749743667448,75.42799458359195
7.0,14.0,63.732230569315746,51.02586417840193,0.0,-3.52797538902091,106.23162563822805,0.12599951260072897,59.016781189206114
48.0,14.0,75.91476395584735,178.04954957935024,0.0,0.08821448490994976,0.8355008405325881,0.31572554074025555,72.74363468470824
34.0,24.0,36.73231557565789,26.220068072047404,0.0,4.218958025766426,148.9764327188232,0.063669466119517,25.697663580867903
51.0,20.0,77.01267235192581,94.43264883720232,1.0,3.5956758881111393,113.46590559503603,0.09753941003809516,95.005207478073
14.0,23.0,23.79576030924049,171.39023119642908,0.0,4.687534424428032,102.3674379526187,0.00560033529975081,14.940071302303018
46.0,4.0,56.18083180187529,127.0103399400348,0.0,1.504790652781709,60.798706151495594,0.060289748570380955,46.44533461099337
21.0,5.0,23.4279631605998,65.54260801010035,1.0,1.75814866416092,83.28046333714344,0.015715982877411844,17.384042867471905
13.0,22.0,73.6264512657167,89.94443947752754,1.0,1.2502299893149205,37.99063435012053,0.2147495849509323,94.14906888675412
25.0,3.0,51.78854342420325,144.2719322650778,0.0,1.2281892285819729,5.322510771854621,0.14144473542274028,41.60356603182343
27.0,26.0,60.160901045767766,194.91954123914087,0.0,-3.5287965493241535,125.40324876689593,0.026831709339318038,54.27410825301037
22.0,17.0,69.89443555462715,179.69635649209235,1.0,0.43738956163928644,134.47267405217576,0.03581570220663358,88.66800340276185
13.0,20.0,29.018637349038126,75.06223359265158,1.0,-1.1393206654827426,24.370595492135983,0.05186286882790207,24.541331526632945
23.0,27.0,22.31549371628803,199.65759706469294,1.0,-0.5746278422270656,118.05841437685994,0.0038053086249340493,16.91834713137647
1.0,34.0,72.73286875477113,10.665886070901072,1.0,0.2360057305923735,111.17290099284881,0.8124133514515827,95.11646241638161
44.0,21.0,38.895993647535946,15.249653603598867,1.0,-3.716038281977484,26.75625029041357,0.44044337948365125,40.320855959959175
25.0,39.0,27.738734475629915,166.52969788252682,0.0,-1.4051226614788015,63.274320386219074,0.012108115212100838,18.707324842245374
13.0,22.0,48.10767422522519,47.897910498279884,1.0,-4.365504391233964,63.413688125115506,0.11969378655581053,57.31318466848474
50.0,2.0,55.898364541761126,21.546160995285764,1.0,4.796681304223991,113.99463874578727,0.21102257004740874,56.269004323487394
6.0,39.0,21.858236205350607,55.058133914935425,0.0,-3.8147197117987384,125.64913586640832,0.013004255138187704,14.150319270311124
2.0,9.0,36.49373949542527,90.95902925636344,1.0,-2.414752614550455,14.216268208705651,0.0833494311039515,35.26149110903715
46.0,24.0,21.96799245661376,148.8075913823469,1.0,3.912929267033972,84.44538523563044,0.006506329917927772,15.520123119223076
22.0,7.0,45.22012335172994,128.62375004472904,1.0,-0.1728995376085818,114.2622745393328,0.023165561698586,45.78678991845584
45.0,10.0,73.70600174397465,55.14803133647988,0.0,-3.6436279847936968,117.92858910977377,0.14303127662925422,73.29199483902714
42.0,4.0,78.95914468961415,105.62138513911104,1.0,-1.1576946196065108,22.19902866456134,0.2735841120444236,113.82618532592141
46.0,36.0,58.22285321021765,185.98068002572805,1.0,-3.8413200580861417,78.82577147261911,0.03993955513389651,76.24366336860543
44.0,37.0,29.69826162707551,164.85147762691398,1.0,-2.9978400291549825,128.63380595440543,0.007814458520877601,26.503299918370104
17.0,28.0,74.35096339995835,71.40605911804074,1.0,-4.47970153050155,47.777786487792625,0.24112619278456632,117.20531057794385
37.0,4.0,50.974869392003626,196.6302666575823,0.0,-0.6177250545090007,63.76753483676957,0.030764799003221946,41.47414391240127
34.0,8.0,29.224958726175085,144.6378760826749,0.0,3.066361217252598,120.65377670044987,0.008303262847180802,19.386639216174522
50.0,1.0,75.30360016709969,21.865377576688537,1.0,0.8596917869989551,13.397928177564344,1.508283675701039,98.74993781149495
14.0,0.0,65.44814304338618,16.68053552484135,1.0,1.0634530548461174,128.92399348334672,0.32459877580733243,78.43068554805566
24.0,39.0,63.90231636338909,41.99751031190569,1.0,-2.9941596991675965,46.67350750962135,0.3182483758128528,85.89706335865165
54.0,29.0,62.55084222766428,148.2926149295279,1.0,-1.561061567476335,0.21754748866907314,0.27761580559552645,78.95136588482167
36.0,10.0,32.02038926578654,44.910395910061304,1.0,3.45242103840832,35.12387175845374,0.08261404182512597,25.837101571128816
27.0,27.0,32.66040150245156,107.18248614967837,1.0,-4.121438156734855,13.42509613432597,0.06275637668193633,31.42346856427602
9.0,11.0,61.2975799056353,27.71942283435803,1.0,3.579306536685337,13.85773604943662,0.7905676208956941,66.46699964105164
38.0,38.0,33.183365006623816,184.96836998773708,0.0,-0.16309973735214367,103.92536012138872,0.010455002204984782,23.283277228311178
16.0,25.0,46.32030180818293,75.35251658087783,1.0,3.3714743132511726,32.09645034585972,0.1142147867912263,43.795394712363006
38.0,12.0,66.92010953563648,182.54509074651986,0.0,-1.8199358060559967,140.21135444654738,0.03079456926063892,61.94808415425415
21.0,7.0,67.03715108587046,189.5263719630034,0.0,-1.611570484169792,77.4666819886956,0.0475650625493688,61.93901064158422
25.0,27.0,47.19570635155158,11.164442989599351,1.0,2.5160486832314275,69.01473869323779,0.4722542501312112,45.83449243718991
43.0,29.0,67.5313962965147,98.18568556775908,0.0,2.8499617339222016,65.14252773302275,0.1159138362661561,59.39545661943566
24.0,8.0,70.3173077718834,14.684650584309649,0.0,-2.7035532200985326,103.88814595074477,0.5345933174147935,67.41850209144907
16.0,38.0,59.286545077055614,182.6516255975521,0.0,4.728713248219055,67.83941437854126,0.04767642617982806,48.508868203310215
12.0,30.0,33.70555113850521,108.49743349956941,1.0,-4.1550989575517105,19.290053433778777,0.05658422743360562,32.961711958597206
19.0,20.0,36.44070682313285,24.239362412714396,0.0,-4.314970368978691,132.0258270961135,0.07406140896439353,27.30993989297221
24.0,33.0,38.89046932452412,30.952578372547705,0.0,0.9550421528610276,64.2593023388488,0.12442611813132032,28.36742200445886
3.0,30.0,27.00824646403712,82.86671465362042,1.0,2.227407677716214,11.10068635492537,0.06001973328867451,20.880722574517588
9.0,24.0,36.389577222196706,188.644496645849,1.0,4.608861292249738,79.40489812466416,0.014680872676602409,30.28857018630297
2.0,11.0,32.57115345875193,141.65273879793537,0.0,-0.9505421920113843,97.10202876835551,0.012574270581458982,22.872437192254175
40.0,0.0,47.31972498851613,174.84758457593517,1.0,-4.747085910103669,41.33736962366378,0.04013372381148008,56.646503864102776
44.0,21.0,74.50625287233589,79.62676280459614,1.0,1.0289633944640697,120.05106115107634,0.10332846530759321,96.5838941165907
17.0,39.0,26.268819005237486,18.21060291449968,0.0,-2.1030397940122816,100.46637690560456,0.0686480696783053,17.559471142512244
46.0,36.0,63.21607543684374,195.1203510688387,0.0,-0.6705287880459776,97.55117538966502,0.03772939279694557,56.23033512371705
35.0,0.0,61.23698026478766,13.262868225850214,0.0,-0.1153051775006475,63.12374293016913,0.6515329133102571,53.377683823647814
46.0,0.0,25.74525191980146,190.0538140854069,1.0,-4.354873892619661,144.28729521169316,0.004096954858145686,22.391448677138044
21.0,20.0,75.35434429434801,80.04871053133749,0.0,-0.14018215435897208,41.128375192387146,0.23864027635892393,72.16271190771293
33.0,14.0,54.10833212940918,11.917176954157489,0.0,-0.7368033319568523,86.65582515231789,0.46562094207701654,45.125477030401626
46.0,16.0,41.82353126814105,140.93987402765657,1.0,2.125442652865932,46.35827362089264,0.03823578547552484,38.68226529197677
7.0,21.0,65.3923150097184,196.3026577659573,1.0,1.4566591121234462,111.7207129457331,0.03398274969780983,77.49034163441146
39.0,37.0,35.44192750409805,193.46888733914258,1.0,-3.1478428184943894,7.168722580518216,0.05187644074587701,34.46661791189781
48.0,34.0,61.61059022277922,40.578032128459505,1.0,-2.93861081789603,6.884080181257385,0.7496737369736023,80.78804583412386
43.0,15.0,22.382672454334834,44.43708315256945,0.0,-2.489938212256267,121.62914542781871,0.016204777697542982,14.439802235537993
18.0,7.0,70.36448225655631,117.45239377773542,0.0,-3.2104955970282267,65.14022415955066,0.09661813246042388,67.96791636578016
41.0,16.0,46.89025082127911,131.08791702138163,0.0,1.5721319966846714,51.17700819005336,0.04809986542463677,36.2091188735087
40.0,16.0,58.2015748614765,150.48940359651448,1.0,4.9443017920027055,91.12902932630077,0.04133118665480312,59.61991242267575
36.0,25.0,33.27426918840102,44.399568489708024,0.0,1.5210834051593658,105.28490158034603,0.041757779960552334,23.0730523115132
5.0,12.0,60.62442275950688,192.21134648524256,1.0,1.0668154619129122,30.18020202666099,0.07539740421339426,69.52344043165031
51.0,16.0,66.3344165535966,131.3604586949552,1.0,-0.9007206664892753,27.814686210709734,0.1434346825044051,84.93573613183601
25.0,37.0,48.39279121306392,170.93891458540543,1.0,-1.874197411402393,143.72261216398223,0.018160669293541362,53.22446715545247
33.0,16.0,57.06361544370766,112.61248590399263,0.0,4.110737569064792,88.4496459576854,0.05427886076911879,46.271905700145844
44.0,13.0,47.37955542934392,88.7126010420777,1.0,4.69001874142153,58.51747159414022,0.06518905042378481,44.123826125259
5.0,5.0,73.64548215547073,195.66475225304924,0.0,-0.032238244122722026,120.21625420042596,0.03785254873477217,69.66635681181748
36.0,34.0,49.87215083085915,120.60306045576885,0.0,-2.097995044934425,78.77384381668757,0.044958052996747204,40.88355279042347
32.0,13.0,70.50852254172914,174.705980731844,0.0,2.701222076697677,36.24942155618721,0.10185385692423901,63.297888937869715
52.0,7.0,68.08112349621491,191.1255553095951,1.0,-3.6754320913312153,31.010295846236076,0.09450063459876736,97.82910850921995
21.0,14.0,44.630289280901394,138.31737913164525,0.0,2.6558823764368156,59.52888992547326,0.0364223870921608,33.56390510137976
20.0,26.0,33.8050695114485,114.29834891854824,0.0,3.189483743113387,128.98437903898196,0.014082260884951504,23.270848149326515
5.0,12.0,44.36492795358626,10.667061673023618,1.0,-3.7509605537283264,9.217187406638839,1.2495940157081764,49.3960230698338
5.0,30.0,69.57304254651321,17.60373174041114,0.0,4.768614687965638,32.77890011321447,1.105079600611478,60.74174672918221
54.0,34.0,33.65795214916354,48.1617310497121,1.0,4.8551229038847845,133.97277282788872,0.03292270742164443,27.072296061274542
47.0,5.0,51.46618075146496,45.3416020526391,0.0,4.367194793273512,18.260185345387576,0.3005871842573701,40.07417664306253
3.0,4.0,68.36580487764485,58.40417108797062,1.0,-0.03965190593735679,94.44385773962526,0.13298408131600467,86.80466561752803
29.0,21.0,41.208648507702726,67.93758116255556,1.0,-2.5392585772317156,32.026705218153765,0.09936575020728634,42.45398664493308
10.0,22.0,58.532578220161845,78.41244377463836,1.0,0.8200928088191295,90.88002712678325,0.08135288364425505,66.25039199983206
29.0,24.0,34.73789444292887,89.90216111308654,1.0,-0.8006616152856427,57.46562502663481,0.036189438986927946,31.49209507338192
30.0,33.0,26.556766722089595,28.784604306642787,1.0,-2.940513552828029,15.251534464648781,0.14918836077804784,22.566084487072914
23.0,25.0,67.66305350557138,18.04876707102859,0.0,-0.7632359038215242,87.37126013311595,0.4944152975414242,62.11151202950226
54.0,4.0,25.93811740452241,138.04944532387444,0.0,1.6388983567759052,102.4564120626879,0.007834221173207374,16.868042036876354
8.0,25.0,36.282883704775074,112.09361672018477,0.0,-4.290866892140089,102.04089284487043,0.020073014368784364,27.145835249687302
54.0,19.0,71.30656531984641,94.38739842182272,0.0,-1.6658199855398348,95.55516136090644,0.09640565408837802,67.85810799614376
2.0,5.0,40.78815722472003,130.54358882198696,1.0,-4.822051099871748,75.03371714033187,0.025611134530219536,45.024428992569106
50.0,5.0,78.38272097084966,167.25908736867268,1.0,2.4949550546167565,77.92089252889885,0.07396246476596532,100.58334512178077
30.0,17.0,78.78406008643158,91.26165273207887,0.0,1.406912676167008,95.34601647119393,0.12033255970965188,75.57898179087208
39.0,3.0,36.0965612272134,131.81269835987607,1.0,-4.373278652980341,103.53890426199615,0.015560537666142222,36.782401029448046
36.0,16.0,22.458693334993427,191.17872252868017,0.0,4.647375596019678,98.23151082470777,0.004547438007116077,13.941880215898074
35.0,13.0,62.30379705232275,169.52865421369654,1.0,-4.773784428728993,88.04183473701777,0.042721220403332455,88.43766117963733
23.0,13.0,47.05919015890062,90.94015399545779,1.0,0.8996064647608859,23.37584772061776,0.11259301012254454,47.344952338510694
30.0,12.0,26.04517063757458,132.49619918480116,0.0,2.7636746179905582,31.592480773929267,0.01988876436784391,16.84313075031264
5.0,6.0,62.451369138682566,43.64347516402855,0.0,2.8789631304472296,39.03360315530225,0.2912864714666389,53.12861250984351
1.0,14.0,21.870494546715275,116.49921513006707,1.0,-4.657148644067962,137.94924856312534,0.0051771121237236,17.940237741630632
19.0,18.0,72.21180142953453,196.4523753163041,0.0,4.064151326404392,113.90926376954498,0.04044391805289116,64.54695895866858
27.0,34.0,28.319151746798223,108.47987188847924,0.0,4.184516719271222,82.93002293053173,0.015457874596597063,18.5209148683134
10.0,16.0,27.6387127248035,186.25127684612798,0.0,0.6139037315437268,37.808539281607025,0.014313828440567528,18.36627746830401
3.0,34.0,30.54033787811507,87.39363489561953,0.0,-0.17916801112853875,16.633728486625678,0.06260459123186246,20.940712630307523
14.0,18.0,77.61598150952399,199.7805171650799,1.0,-4.551325369374002,134.8138838969962,0.03966903427455157,126.42665342205805
5.0,19.0,61.59016161523076,120.05180669323599,1.0,0.6195414250986864,133.89990237343756,0.041832990686181355,72.1413143568819
53.0,35.0,68.0822921278182,18.031108904827565,1.0,-0.9062091822976925,16.60433935435373,1.517247624232935,88.58939678383756
48.0,34.0,43.858099143965184,121.48341137136373,1.0,2.7280640740865616,119.58249991447441,0.024439897523261585,40.95274704310691
29.0,31.0,40.178763650297334,62.168812179123364,0.0,-0.9611643311391216,66.9967603964869,0.06369320526488546,30.11549241327462
37.0,39.0,34.0690404069902,16.171451186819993,0.0,1.8358083332470976,48.595039924581016,0.22831855554852382,23.727174535982623
50.0,23.0,48.83888169874454,165.96212789198603,0.0,-3.985918537624692,110.86568043130607,0.022962021593808734,40.583847382872264
1.0,16.0,53.10972401205011,62.388631026343624,1.0,-3.6704772923403306,92.14943115910958,0.08098876538525421,65.36144660969791
14.0,6.0,57.906490619165325,161.34422526883472,1.0,-3.6028980935084167,117.0045161390006,0.029389249896658975,74.89592362750186
10.0,0.0,35.427110239921674,64.76134076161472,1.0,-4.544745002002565,11.149329094940564,0.11666993678410599,35.96008065190765
7.0,34.0,76.91924485417944,46.922007236017116,1.0,0.41328859269803786,47.788052993618464,0.39983547165106165,103.59820613346051
25.0,31.0,30.18550989242815,195.0477590798412,0.0,2.9396772604363597,47.89752756251036,0.014675928874506363,20.20200216361784
50.0,35.0,77.93919048598474,78.71261227345371,0.0,1.1041120369366608,49.46296384316483,0.24000069228234272,74.66436764917485
44.0,12.0,20.891367350450228,124.26148017420049,0.0,0.7495488555285623,75.37198089657082,0.007423935456607398,13.034265733809603
43.0,5.0,48.867541509010735,125.8964836347496,1.0,1.8062392840273644,42.4520704621421,0.059666624980881426,49.04890933493796
4.0,13.0,40.00207028699377,116.48996161296535,1.0,-1.6035467692798522,66.65754151312795,0.03148500474857238,39.54432244277316
5.0,36.0,46.94740483581505,183.79219126903078,1.0,-1.380459283517711,55.16663896731237,0.03450556602349276,50.07068980449723
25.0,14.0,54.23987473884734,138.14380355970502,1.0,-1.8572990177907744,110.29440720307669,0.03293358963405976,63.55254421909818
53.0,3.0,46.13534948076254,86.70927077993673,1.0,2.1210893285357555,90.52511935125752,0.043538083031170495,44.695419586434994
3.0,39.0,44.8908110180957,173.85227305961206,1.0,-3.383596643292257,98.04441484759731,0.021433226159215446,49.69138874366877
18.0,15.0,63.96340492479839,44.401950832033236,0.0,-4.869747196870756,31.587584112396666,0.3601929107746425,60.46978412469549
19.0,27.0,61.15257650518788,113.40498394597931,1.0,0.9619644672249239,48.8253247990334,0.1008503328745858,70.67282050615925
32.0,15.0,69.99627692215087,190.60457066931372,1.0,4.423813647342055,3.1748171418111424,0.22492887420835062,80.08479548202556
19.0,3.0,34.99753887436973,128.82554967727842,1.0,1.094079169963047,16.256206093975482,0.050298310571104905,30.549348362135408
48.0,25.0,56.571710585243814,165.22400559022648,0.0,2.829216529408951,39.7581347983331,0.06814056653133038,46.28106842481573
11.0,27.0,55.11168712357123,134.17653785358664,0.0,1.7279070946603015,9.819558195303157,0.15955304442525747,45.1176007972178
46.0,31.0,42.184268652361325,169.48046407219917,1.0,-0.025633464769837522,90.39486005320536,0.020326955585328665,41.11307563536999
0.0,1.0,49.16345251416085,189.45269717059628,0.0,2.18392401783846,149.7195173885738,0.014026301376047847,38.39533052016487
25.0,30.0,38.82692859834373,61.85512823121999,0.0,3.241041238552218,15.122282109808276,0.147571673560319,27.803652192734543
13.0,2.0,28.51066385701911,42.23560543877658,0.0,-2.75268355828302,123.18453190038977,0.025532577034187248,19.566281309732418
37.0,7.0,32.82807263976397,101.95824256318258,1.0,-1.6386951951685447,17.822437089772077,0.05514438271911023,29.601226893110812
36.0,23.0,26.330818784072065,143.353861096601,0.0,-2.7627426749671615,100.4871028194654,0.008369392033482007,17.696609229706123
10.0,14.0,60.984174511407446,53.16633810462106,0.0,-0.47827044409558983,96.47364045885257,0.12018246826454969,53.286607877988274
35.0,30.0,59.64364358654909,10.779275581731744,0.0,3.850645509166676,135.4075402216799,0.4521094796824124,49.32560086867872
12.0,8.0,77.03638229479238,75.15767200897402,1.0,-1.5479289916466765,17.091842052076856,0.4156139794930362,110.78122689015694
42.0,38.0,63.78070481883448,194.0832737388798,0.0,-1.2553311086944663,47.31666991228467,0.06776645080121928,57.36187669010401
2.0,1.0,23.122750325367885,142.04381751511087,1.0,3.6036723467193177,13.616964053202857,0.020937194726551436,16.65288972339179
32.0,7.0,73.05471043573725,86.25183434883255,0.0,0.15374330744675202,61.107498870665076,0.15013257748804287,68.68542104987722
5.0,6.0,71.76050977674355,46.58945849589966,1.0,0.3544899964743442,136.73897603361672,0.13569422508619292,92.73789672956647
49.0,38.0,46.59921924636192,77.65703801340193,1.0,3.6080120333221286,117.22847265927841,0.044349521204862165,43.97460071143577
9.0,15.0,55.15178303167529,42.26949232723711,1.0,-0.09473262974526775,108.43501506679787,0.11252722568951362,61.91614778042661
4.0,34.0,78.56469994835113,30.19810604946077,1.0,1.8155753462939528,79.9541257294053,0.4394655107776355,102.87846606697323
22.0,29.0,51.93826183088998,182.28105078878522,1.0,-4.143553341259393,132.52286135032844,0.020563380165775382,64.19186457405475
9.0,9.0,74.31930970256539,199.55356429133997,0.0,-3.213682868731147,67.41626973619925,0.06197127862735981,73.73776658915814
43.0,37.0,24.982325468611187,41.18174352320016,0.0,-0.9562379928375442,22.452850065095735,0.07749884725850073,16.366826517970765
1.0,17.0,31.463112122520972,20.35928618687315,0.0,-0.05160932180125144,125.63778346811688,0.06735738153343376,21.729304493358764
12.0,4.0,46.44529660647907,72.64891035778035,1.0,4.657337012362294,41.94574920775903,0.09186384348909025,42.88491278333916
39.0,28.0,55.08540850023828,97.71524434466892,1.0,4.7065163304779,8.045031153667209,0.23449067424883832,55.14557849006193
1.0,38.0,68.97367111176801,48.91603694441235,1.0,3.5119708747876164,18.905704600318707,0.543972306168872,79.96758334397478
19.0,33.0,79.2957269085912,67.2707332417261,0.0,-1.8440116471442547,91.35883742912223,0.1800229572996352,79.67405603643041
0.0,22.0,43.33108978844699,48.16543978141496,1.0,4.640282908324397,91.06229458817587,0.07223483531835244,38.791348664974876
36.0,4.0,22.844938168405097,157.10950800216574,1.0,1.8934086467621258,39.02747566230517,0.010968024082639362,16.78057321400548
8.0,29.0,68.07029019771949,145.38980921697956,1.0,-1.070598721825996,109.07702219189686,0.0522204325003911,89.03652324394778
16.0,5.0,56.262843144968485,130.64078799458653,1.0,2.016749169847664,116.04602330993015,0.034399168150152905,60.448931758697405
8.0,3.0,31.9125715320921,83.5713928450489,0.0,-4.834772702134734,138.07539392004273,0.01465217565728044,23.03983900420087
10.0,28.0,49.68970739728521,182.71777884970484,1.0,-3.538453177257864,87.74062480173555,0.02644603239532194,58.541725984437264
14.0,22.0,64.53861473202346,194.2111828916538,1.0,3.296857115563677,116.91350462213593,0.032377232046094655,72.45728910243128
23.0,5.0,66.22470722411863,42.99146939882828,1.0,1.4557363687317115,112.96495196574506,0.14891132440218605,79.0561567521979
37.0,31.0,49.97710471992572,52.37240186825683,1.0,-1.3580529870811597,38.67135727007893,0.17358594950342565,55.09297752304961
54.0,17.0,38.31287180773155,109.86989532007023,0.0,0.00666640222718784,46.5338891906489,0.041274565442663946,28.03605465394355
34.0,14.0,78.42455492230961,27.337608163626605,1.0,4.05142149645767,71.77235936293071,0.4957482102622548,96.68936288063315
29.0,39.0,59.80175665738957,92.92519577639143,0.0,1.3157810947908655,2.8558451293872746,0.36744160847598784,50.80004552352736
30.0,31.0,44.49425116077792,120.54034030776492,0.0,-1.0185071606566976,44.60966597365853,0.05424947367479624,34.56212274055708
48.0,8.0,36.827793452279145,109.1939785160933,1.0,-3.79673342602465,71.0824310016357,0.02715355708797183,37.21935813138646
4.0,36.0,63.866178980213725,72.87263078482495,1.0,-2.06253198374439,16.21039429217156,0.3343077147148197,83.02203404050792
43.0,9.0,34.531006735626065,113.0647031546693,0.0,4.783402327965833,18.941383166268817,0.05399645919986805,23.657071525677402
49.0,19.0,30.302599338421288,192.1721813091811,1.0,-0.6263693714822249,69.48551036060117,0.011029103228166644,25.80179440785955
13.0,5.0,51.79003333772422,49.14330681536145,1.0,-0.2816053615513914,109.64475473788967,0.08112768222858124,56.46268199878241
52.0,2.0,37.399243558648514,134.4179580948607,0.0,-0.014019676029846107,125.06233963810247,0.014002071646326577,27.165495655751524
10.0,10.0,57.7343086954169,18.245371889649853,0.0,3.841040229482111,81.94708462571228,0.35252750049033127,47.146487446123984
8.0,16.0,27.07632049245401,22.619116851472636,0.0,1.0392828438530988,71.21234813200967,0.07162605316295814,17.85342286936546
33.0,31.0,59.2964662740393,114.84736260248116,0.0,1.9367703645192214,57.642085268963285,0.08417453932089525,49.8697823987243
11.0,3.0,36.99779167986213,29.938444262310398,0.0,-1.1058645745089601,28.94234886564093,0.17802214110988018,27.03435903205311
34.0,3.0,20.014576066070763,14.245889801102894,0.0,-4.7091238141102565,21.984300422154707,0.12983681138264,12.782700211859344
34.0,16.0,27.616163460450583,42.587469553124215,1.0,4.309729142428443,118.78446774927122,0.026277270936201323,20.859311518530635
0.0,18.0,76.01692267010564,117.32134248991915,1.0,4.491276809164065,69.75099483185042,0.11113283588558509,91.03784352901408
39.0,4.0,72.04127834692147,143.63478135859717,1.0,4.491530533480511,118.5480368219632,0.05091994772714558,83.64775740404426
21.0,31.0,34.01654192217421,48.4709271868622,1.0,4.436870866467165,105.61245538509445,0.04052200010975697,27.650817613908742
28.0,21.0,66.70231427272947,136.96929306955315,1.0,3.1524194106956105,29.084387157506825,0.13683507765925113,76.54696744218705
7.0,5.0,56.51429559043846,44.67050290885357,1.0,1.8459605011632685,76.54608963168386,0.14203568838445468,61.11874932917378
10.0,34.0,78.25428268699217,126.55691105993886,1.0,3.4450991826728563,66.6024945634021,0.12012376763536538,97.83762053015207
40.0,21.0,42.41633957204355,88.27233918020178,1.0,1.005462390010362,63.58102591360451,0.050572447285247235,40.458821366245175
36.0,0.0,60.88763675103028,134.2219067733872,1.0,-3.656303861079764,81.38565738057207,0.052220895989721815,81.40486703269434
13.0,19.0,23.812143345435114,199.06002297105698,0.0,-1.0878183495857896,147.31228516131569,0.0034792120188610618,15.439982248224144
29.0,21.0,43.77484080898436,188.18522339418678,0.0,4.712949119729375,121.9350896506118,0.014837824569311481,32.17638347650991
34.0,10.0,77.82905967129082,10.813533988859689,1.0,-1.4886218640434368,135.55686474455874,0.7176437433699473,112.43654389603326
20.0,12.0,52.338852467007236,178.2333652288381,1.0,3.6782791373136945,4.445937476405631,0.12541699790963415,52.17363763458407
36.0,2.0,37.272770200090676,22.63325108320564,0.0,-4.0678852922513045,21.05045501887589,0.28904584482285545,28.07457992829837
4.0,8.0,27.216257787716412,191.07885137037053,0.0,-1.658161576245304,12.714549033684525,0.02300457801429454,18.298694049764826
18.0,11.0,62.21170041089182,63.54687902894009,0.0,-1.4904667527262039,39.48465075979149,0.20320948952152756,55.49906651589915
13.0,22.0,58.69136260578361,82.58661777814149,1.0,-4.483974568910199,66.28387379499758,0.09988628129781198,79.22804798281254
25.0,13.0,42.43632281622648,27.41125898338829,0.0,-3.8090566981324505,96.30798714838343,0.11338456657964537,33.35733717996273
3.0,32.0,77.05648111195006,31.331824082492822,0.0,-3.06834788878229,75.1246899429903,0.42531924774457847,77.68255622379232
24.0,17.0,21.33216877927102,148.08070739357072,0.0,3.378155908101129,135.47758723697098,0.004025290500305692,13.1901602995805
44.0,8.0,38.22343109790955,189.4231247921754,1.0,-4.365980100601936,140.97839383407955,0.009522957481482998,40.10873222716592
41.0,22.0,75.26416917797488,126.0422140413188,0.0,-2.0129909865561277,24.528142679618835,0.2100175104683169,73.86487619445832
24.0,9.0,39.256126299166425,146.0115029500941,1.0,-4.898249974107324,127.93693803971776,0.014090315859947085,42.55852762888711
17.0,18.0,35.135170031310224,154.77425147345917,0.0,1.9562774540302474,72.25833060199516,0.017626774355235766,24.663762907699688
39.0,4.0,52.05322459587484,59.934712165058926,0.0,1.203030900433798,67.99942069760765,0.10030490282220261,41.90728127324229
7.0,22.0,69.42810499523227,18.593629874840836,1.0,1.449822620531418,117.74090227268522,0.38820914733595113,85.22400590102271
38.0,29.0,26.188805652701664,10.355821344642031,0.0,-1.2561721528538128,13.971076356731487,0.41400777302033104,17.388954642169182
39.0,24.0,76.58124257874417,76.62336376126355,0.0,-2.9173217873243096,132.37396911287198,0.1051204228612707,76.79283101196458
13.0,27.0,67.70437287086985,55.878203357851056,0.0,2.2032021328603335,100.6295031821422,0.14298685880185438,60.03661450689326
31.0,33.0,30.875015333093117,21.840367759345273,1.0,3.1111787274069513,131.2892411486997,0.061929662110416575,24.70898392611074
50.0,24.0,62.72047767188976,44.11037557379668,1.0,-3.6139850190179823,149.17163665614342,0.11054059674781289,85.29572215542602
37.0,9.0,43.097523358253426,33.65479067091008,1.0,-0.13170572062578656,77.700667853588,0.11231418100581023,42.557226198129825
32.0,13.0,44.137680684579124,183.82689231730038,0.0,-2.512843180211375,13.989329686339346,0.06277510608031532,34.709226998790214
22.0,29.0,66.99740554633198,36.6507705572421,1.0,-3.3189313879386626,24.978579439632973,0.5770630605925176,93.95143892616369
14.0,24.0,77.76708847884393,112.15320815765905,0.0,2.3432531349499905,48.54273638314649,0.16376066572065634,73.30741656101448
32.0,13.0,27.599352370831635,122.69013147131128,0.0,0.3809693547283699,15.532941320206433,0.035178480419725336,18.36172905319509
24.0,34.0,45.23781421272916,113.26299696464042,0.0,-2.8381466762133223,122.30127392066548,0.027322003885823332,36.02310584269717
16.0,33.0,48.85649648505821,28.820722501037714,0.0,-1.8999998878845492,44.53017765491527,0.27520468461474185,39.6469481183565
32.0,9.0,42.57870901729986,70.57168873260473,0.0,4.666536713277424,146.3829282029798,0.030623239224109956,31.034565562999223
46.0,34.0,41.7913474229735,19.741363167999122,0.0,3.4867956470855663,105.38871478977835,0.15200015498893896,30.557096924916394
54.0,10.0,23.13612005369579,85.17728367830004,0.0,3.7994674287312833,26.014555538333646,0.02745018761542913,14.506488045391281
1.0,10.0,61.1323172337574,45.83379694160248,0.0,-0.39987902919291995,71.40639704159103,0.1744506343390995,53.42281875133985
13.0,20.0,46.172865027202725,116.71018132403216,1.0,1.2380726392087504,70.03263324499817,0.041618286684507996,45.64856458838992
52.0,20.0,31.687628158635604,141.6335948313291,1.0,-1.2323225979558838,73.87674875004508,0.01565674280737999,27.865217306709525
39.0,21.0,68.9620101381241,111.10277343889423,0.0,-4.222880243111095,80.35367559644034,0.08843804769915758,66.94263980318046
39.0,6.0,68.15364488909768,92.5049723561652,1.0,-0.9893068934321747,4.675962347659629,0.40041841546890705,88.97780201574102
50.0,16.0,49.18349768533363,83.59334996277155,1.0,0.9398075320714472,102.94516886154352,0.048176075550890735,50.55591409774499
38.0,1.0,37.90703966886563,169.9214359384307,1.0,-2.1285572923186855,73.07876629326648,0.01751319493131217,37.01792964851646
50.0,11.0,58.28556354778714,51.67993236240131,0.0,3.4795057472741577,118.64480983030485,0.09547110298280063,47.93890908359752
5.0,17.0,37.28912814664418,149.50148451048508,1.0,-3.4889984082540137,122.30243598906458,0.013210327792010307,37.56440000516683
5.0,10.0,34.16047581942272,153.92164170062262,0.0,-1.328709105630801,34.580268298757616,0.027238230644094124,24.40192263706047
2.0,15.0,63.8308792415796,89.64800138143956,1.0,-3.7509609467579708,7.26344196401667,0.3336393897871855,88.24903199076118
6.0,17.0,22.41951438325704,66.48711385287147,1.0,-0.9516786601477467,105.48507841684838,0.012182071191125063,17.138979347070855
50.0,34.0,25.68610826207564,99.40288234873529,1.0,-4.6033869502572955,146.66441826958115,0.008581093371455585,22.471632814176438
7.0,25.0,20.407290441415388,27.710645919612716,0.0,-2.274506049383546,66.99869798713516,0.03602490689687987,12.88736070090809
41.0,15.0,29.17659118852557,18.726706123527094,0.0,-0.9926474488631631,38.94192143903937,0.15689541761087344,19.879878307959295
51.0,5.0,24.139400522627568,31.20460789585944,0.0,-0.21834636723308432,23.500784187522143,0.08468183026450991,15.616113309897234
14.0,11.0,79.74814206679511,45.55755597782297,0.0,0.4369635847514186,43.11683960858776,0.4380095124406721,77.90682473600366
46.0,12.0,37.32859819724538,105.79359586422817,0.0,-2.250088702100811,49.18793270571747,0.03840451970265107,27.63746102813739
28.0,3.0,28.956080760154837,171.3359608706132,0.0,0.23041334614872344,63.58121151516968,0.011304528271745327,19.51981622271228
32.0,38.0,34.45977547975508,54.772043079940524,0.0,0.09004621562059834,98.31106848218798,0.039881570622386515,24.39723972730627
51.0,1.0,76.16753429240808,187.68078204188782,0.0,-1.8382194912379157,40.97445841203406,0.09852737348087544,75.00816085764707
29.0,25.0,51.20961338146374,191.43250269765065,0.0,3.3020033065647825,7.646514520301395,0.10382065845317485,40.17794328025676
38.0,26.0,41.88908577847141,192.191874920589,1.0,0.4564112659356512,55.99179173590794,0.02529034097644631,40.2222741921031
26.0,26.0,72.40348747455316,169.1369195885015,1.0,-1.6773028125345502,128.34444242386135,0.04389154379207888,100.48424169340097
35.0,14.0,43.69941623294195,79.12675775156691,0.0,4.473385120807764,74.75272662778256,0.051526562413648606,32.162496785970546
28.0,7.0,40.10051419746175,23.809943090498383,1.0,3.4511241307116105,144.71756366181148,0.08050492780516742,35.46327053110094
37.0,6.0,32.43695135298413,118.07555903563403,1.0,4.825878115518009,75.54322966330976,0.018332500620504084,25.74334527662604
32.0,39.0,42.66780943456469,116.1494743480744,0.0,1.9223387464542074,41.38482253827717,0.05571894506004444,31.80802783666821
36.0,11.0,39.00106136101556,171.49539575082315,0.0,-1.2177709449395313,28.997099586782188,0.03624242519327067,29.01481007945648
26.0,12.0,60.63823755788846,199.23829967976,1.0,-2.1913933332098767,104.17867451783646,0.029732227222337242,76.70699939826041
54.0,16.0,37.37496228024363,106.54988824642804,0.0,1.63317843674481,80.45719286661546,0.026742521124658,26.784030129953774
32.0,16.0,54.63198478535369,75.58876589755901,1.0,4.808165824953036,90.59983934931623,0.07265375718100438,54.35459773927262
3.0,35.0,23.953529901918362,45.32132519569073,0.0,1.267150801038488,113.26901840011968,0.02047950563144211,15.33405223205951
21.0,20.0,31.47734940179086,10.911966715300439,1.0,3.8161494098983817,108.88551963973394,0.1448816875611526,25.089837987015137
1.0,7.0,44.444316296680924,106.73160157288704,0.0,-1.7089656895223138,6.504495025234047,0.13459062681492098,34.748430529131824
9.0,4.0,76.21695523452172,115.54854667349319,1.0,-0.9304621752574438,120.38578579425423,0.06846140577305086,106.55734616973541
4.0,25.0,42.635119142941726,166.7383111653055,1.0,4.062752395893533,79.90549605775671,0.02273964776841586,38.296887899748846
9.0,15.0,59.84444727199005,105.86962389963212,1.0,2.568667019578188,58.75627962221589,0.08626609259135154,65.59185677257517
32.0,35.0,35.30523334528389,184.12898624655074,1.0,4.814103203679058,80.62791394021056,0.014522500892920984,28.941841197746143
53.0,27.0,27.622014558393904,129.33586054857275,0.0,2.7476420973224194,91.86771726859875,0.011156114391094764,18.109895253021335
37.0,28.0,23.51219600480301,169.6638852620058,1.0,-0.5148429278176825,22.42594648106955,0.016260075868460188,18.13153714976794
12.0,11.0,38.32480991256508,38.177329613471954,0.0,0.3106801982236307,62.61230929896675,0.09212241122821638,27.975626842151932
30.0,36.0,29.45966160781448,172.5138647574398,1.0,4.005154924631366,50.33793152822757,0.015481424538502849,22.855972750669494
46.0,29.0,30.44062688096745,138.2773323443312,0.0,0.5164673609804793,52.56134172270576,0.01962965625241141,20.750099643733368
35.0,22.0,65.645558503217,42.34427616328281,1.0,-2.4460262583555483,13.700240761096232,0.6275268462592821,87.97568410968353
44.0,15.0,20.950284256692452,46.05507604774206,0.0,-0.6438018723005057,23.97652320003456,0.044130816742330076,13.17745754797004
23.0,13.0,53.468607544126066,186.03511761840204,1.0,0.1631598884911789,24.274810137933205,0.06961010680692481,58.598757047259696
51.0,9.0,42.767682835607886,16.120918485570847,1.0,-4.032801664488704,55.98371148324717,0.29875150924179544,47.120308897496464
14.0,6.0,50.392999994512834,97.88163922618416,0.0,2.437626742528902,134.17373173121874,0.0326025168742145,39.61674233030145
28.0,36.0,53.76981423287617,69.56030508747929,1.0,-3.90646066645027,30.9041057881414,0.17672854591747383,67.24622367959398
7.0,28.0,38.80206166743669,136.36471359970133,1.0,-0.9508228663119433,62.42887615122068,0.02822849547742595,37.1607241151087
4.0,2.0,37.706531611057116,169.52958363810848,1.0,3.046224415404045,46.741412294870685,0.02367184975911246,32.72052239751784
28.0,14.0,64.00411096009434,78.47184309574821,1.0,-0.32429638386703097,118.10749688270072,0.07625771258319516,78.78896783835896
46.0,35.0,72.27661928726943,91.11139659133906,0.0,3.4201551971850797,7.5189648481224225,0.45001573641790843,65.08358640775491
3.0,18.0,31.554897947511673,196.5643790552687,1.0,-1.58118677943885,29.48150933038356,0.02075815903500792,27.923631614215655
11.0,12.0,25.857125632108936,158.94413683904853,0.0,4.576362939984354,31.596231353219157,0.016186713102696888,16.530267593221968
44.0,20.0,73.86774838352156,180.46878487704038,0.0,-2.9053156819476444,148.94442004698467,0.03703394063977159,72.7433757586397
1.0,36.0,40.99372781884392,93.36482192380964,0.0,-4.617358550106987,85.61625269494554,0.03685311793007204,32.107010886550114
26.0,26.0,53.07904343976885,54.47447875698189,0.0,3.7242654299041855,20.84373965752773,0.2660107425719254,42.03410898483193
30.0,28.0,41.57258867120021,88.25405842342582,1.0,2.5220271595040824,40.82987089148482,0.06809341007399139,38.035260364686366
50.0,19.0,27.548140180763077,146.05746438798755,1.0,-2.680161629326272,25.17331411843864,0.023763428438435555,23.617994272717084
50.0,24.0,55.35989869686368,30.79177691883607,0.0,4.847416071366739,18.6906854429172,0.5394122373365587,44.082598272403445
35.0,5.0,51.50845110617778,61.389130067136676,1.0,0.022801292685278307,119.57730426118388,0.06055385186932807,55.53194338919437
35.0,35.0,32.17961355147183,18.860821087702174,1.0,4.510654401441635,74.36289429905322,0.1256192115948694,25.585199308397385
25.0,1.0,47.11214267913667,92.146070284245,0.0,0.05028771386999309,94.6815205273172,0.04010576116342683,36.96710724939173
42.0,21.0,67.81685024093875,167.21468983612652,0.0,-0.28125413228708984,49.687687048799404,0.08188919694657397,61.94662592475633
26.0,31.0,55.42556618647348,14.686100776622052,0.0,-0.5086146285553494,83.05426291009941,0.4330070366281869,46.556868872407165
4.0,15.0,25.81503962401969,138.31147009336155,1.0,-1.651247238670498,38.635354878554566,0.016463034490288374,21.06777015124007
19.0,17.0,52.881289833748106,187.17421615761052,0.0,0.33701497176551687,46.20544123923522,0.0458732233970393,43.208376123149534
10.0,4.0,62.16429795737521,55.01629368712463,0.0,-0.4744533805143214,97.83569165500995,0.11405277641166205,54.76495397456871
9.0,35.0,67.56220434684508,141.79061973825316,1.0,-4.632531233764459,22.55251888788454,0.16314877901360456,100.52308075264682
39.0,29.0,57.747054718056006,195.26936120903807,1.0,-2.395647665764975,92.58327887511928,0.03221610754724282,71.43084280136368
37.0,18.0,29.159489872447026,192.832831428968,1.0,-2.868771998944416,127.8352224634691,0.0061211582958148264,25.730284475753926
5.0,22.0,62.61039599540964,54.636546675537225,1.0,3.6743560232106653,18.06348392711536,0.3885558109850893,68.52381888916923
7.0,33.0,60.64051076489098,29.062900110293054,1.0,0.9886997722684143,134.61919208549685,0.1753406554100609,69.6979868297683
22.0,12.0,21.465612976437992,38.17368220022403,1.0,2.6368310044972745,11.916852044834247,0.07551484221454684,15.308198290385473
46.0,28.0,44.70486005541459,143.38677701160702,1.0,4.5682603774928054,52.33638404338095,0.0408409385357697,40.63500893377559
25.0,35.0,39.9770148177424,147.89418633612235,1.0,1.4403927252641002,91.57639728569919,0.020901292765410542,36.74247531392634
45.0,21.0,60.164723855218604,138.10494670935782,0.0,4.826099914047443,83.91221401778053,0.05237037715419231,49.46570973452961
42.0,35.0,32.968148738655245,73.85489367102524,1.0,-1.8823594834787039,14.45866087416502,0.09223263740297771,29.96256343313171
11.0,8.0,55.45231537845551,42.257618554043205,0.0,-3.1373281768710615,119.83697516787797,0.10152445454672192,48.04415186810488
25.0,38.0,74.79235770885035,120.3446074709281,1.0,-0.9669011200708855,145.97299397178793,0.0609495665433522,103.4360319188816
12.0,18.0,67.86814233251647,101.89928469399463,1.0,-0.29200585064191986,27.184243377565515,0.19496051069000858,86.45474960657052
39.0,37.0,75.28746417299182,148.47848795323765,0.0,3.9536154285258505,134.2696454723194,0.053717671637753185,68.64246853491349
17.0,5.0,78.7103580159614,93.85841495026807,1.0,0.5994043903667634,83.52141631676258,0.12323841939630491,106.94796215458399
24.0,14.0,20.640207620369765,74.341541990429,0.0,-2.07819000581983,140.39006568679912,0.007196046958173052,13.050080368560355
32.0,19.0,57.364476582648656,65.76092969821273,1.0,2.4263428286752085,26.412893762514166,0.2216803088478734,61.664690878729786
46.0,8.0,44.770363865534385,50.17936080945184,0.0,0.05831937139070931,118.80320897691368,0.057249474272779474,34.493514389597
39.0,31.0,71.59126942010731,60.49181147546567,0.0,-3.3786805472482984,8.96723631679967,0.6247340143655852,69.90363305800426
42.0,3.0,35.108882120547904,28.01778338037926,1.0,0.7681978759125219,132.47946702040898,0.0562122583078063,30.893802926327943
11.0,17.0,78.86176934690457,75.90283207648902,0.0,4.113945368072839,101.12391332994505,0.13707782736068624,73.31035587882985
43.0,4.0,56.82247817262484,16.94826434896206,0.0,3.4262261747582015,55.53821758836451,0.4935544956346231,46.29905533731092
35.0,19.0,67.61224413372986,45.41863096160209,1.0,0.8680997263533108,28.570023524677524,0.42645081235981547,83.04096852862557
47.0,22.0,25.1359731693661,151.88638447769154,1.0,-1.2291682611501187,122.47996478508072,0.00608270172265805,20.130989936515945
3.0,10.0,31.007473085531903,71.8391078485583,0.0,-4.130212489357889,90.48619820922174,0.023721988327991685,22.04797962813096
4.0,36.0,65.5042203820522,136.96503322569532,1.0,-0.3035107666837622,54.06237794220021,0.09148153403563945,81.70630246714757
36.0,21.0,21.319191322359416,146.2079933634827,0.0,2.5207943752957918,66.57537372037744,0.007439439339026139,13.235101882443168
7.0,3.0,69.01267915362696,120.42521511910157,0.0,-1.397262802669894,123.98139841085649,0.052160980661696665,64.44630187937743
41.0,28.0,20.836941121514688,192.1525708594257,0.0,-2.645531744483356,50.83907900353016,0.0067566430163074655,13.246443110112969
48.0,33.0,59.4271303436764,14.073574658391518,1.0,4.313797192709535,13.444901716489305,1.612316371622976,62.35992770831094
27.0,12.0,41.905635213908354,150.344003611747,1.0,3.2155570045799244,136.6923258305209,0.014919890980254563,37.955646719240555
30.0,8.0,56.68969116315195,192.1694623486775,0.0,1.3827561942014466,58.10156094870519,0.04225879928023794,47.0928545888185
8.0,30.0,61.76188441934682,173.83162857705847,0.0,-3.632166560794806,52.25812666728202,0.06444439482226515,56.45814244972481
53.0,6.0,40.54851315117825,41.89961144295253,0.0,-3.5509115959382695,30.659942831390907,0.15349781894576847,31.272133183516097
50.0,3.0,26.477746886650134,72.0958581878291,1.0,-3.9678040854422103,134.61338568425182,0.01230921379785009,23.063404309440763
28.0,18.0,24.17875206489594,42.765849576528424,0.0,1.162966668927432,32.625800053175084,0.05316179046790029,15.519377375877543
13.0,29.0,55.33616135375287,124.24858912479378,1.0,-3.84437203526664,95.50093020020755,0.04516284008628339,70.25059516610011
39.0,30.0,51.23932122404669,145.31571657610354,0.0,3.4262719886263304,132.11475174121543,0.025297646208361026,40.16497889493324
40.0,34.0,64.53206054726795,70.24401617898106,0.0,4.929650018193222,5.23704219048261,0.5059216468665847,54.51043731039269
21.0,20.0,50.58413060023623,112.50624905701613,0.0,-1.3365181529133474,124.31875579502936,0.03240809507790561,41.34987388909454
10.0,30.0,45.346747401852745,141.27490831352705,0.0,-0.46330153032902555,61.58991325346617,0.03786771501535992,35.27166492369663
22.0,18.0,43.88523069417385,90.05456515609919,1.0,2.1166717698567874,98.69618628978178,0.03680053648709686,41.516049141553566
0.0,30.0,21.586814155860047,172.26295078653726,1.0,4.371530063257659,55.86068448383309,0.007558345604796845,15.090839600996846
45.0,31.0,40.13343210179943,156.59448770468526,1.0,3.9409377355638506,104.32743845212408,0.01767960744957911,35.18865751562276
36.0,1.0,78.56120945146965,22.286453331608424,1.0,-4.424081712501514,38.14423718365487,0.9168521900435215,128.31062357759623
20.0,9.0,72.41333457362532,128.01380682725753,1.0,-3.30928197443235,3.2895813653094406,0.346582453856614,106.78734794421631
25.0,1.0,39.76268402205306,54.711854682352424,0.0,2.545971985577923,142.16812721819304,0.034026380706285414,28.834929923438317
45.0,1.0,55.267724303982334,115.9284702867823,1.0,1.888931080324473,2.4551646060124166,0.2272164383280843,59.000144485388844
35.0,23.0,70.83780473212964,191.8088041002636,1.0,-3.6678140595987676,123.61489344502607,0.037973926035208674,104.44552350756948
53.0,16.0,46.476460205004116,177.02178086492754,1.0,0.02064582001567672,25.37063899837107,0.05509552371890386,47.4846234337092
22.0,31.0,21.077471825009056,86.85811659187502,1.0,2.8081463108529556,58.833034290304184,0.013835292682267747,14.917030454439256
0.0,15.0,24.470627709118403,65.38763308542714,0.0,-2.8121931773730635,123.37385647590837,0.012770427889411164,16.154532901355555
53.0,15.0,50.6235632809224,54.53709143756921,0.0,3.712876357346663,30.889822546851804,0.18856936483773765,39.40987908626046
54.0,38.0,78.1663625405527,111.17782525373882,0.0,-4.47028225179632,129.85614082875537,0.07981977363762088,81.10514466511066
50.0,30.0,61.59257253313206,31.7072061190307,1.0,2.821950850680739,74.66384086528521,0.2694856402817448,68.16101715381885
39.0,23.0,24.254971486314172,114.36225154436723,0.0,1.1581889978987026,54.92301940759148,0.014324811102699337,15.579575787914235
14.0,0.0,31.361652547511767,10.253391503250484,0.0,-1.8480065334565088,99.36566201045042,0.15127870900564933,21.942517619547427
20.0,10.0,66.279388593011,71.53142984171052,1.0,2.2093254834191134,51.20845829714363,0.17065342271080217,77.60010955807553
46.0,20.0,70.48638559737469,51.78751962781044,1.0,2.8236579515115965,52.09325384945355,0.2755085695385528,84.17408900601983
8.0,3.0,57.06167517131545,194.53157009254858,1.0,4.338989713039693,110.02895864074547,0.024465792326971735,58.59873978876064
52.0,6.0,58.66539017778899,148.176040718296,0.0,-1.3222532784573637,46.474833680866176,0.06920728311522806,50.92251522701534
8.0,25.0,21.70024702300308,76.43414228782517,1.0,1.8601673597995494,30.115897253163766,0.025642579389484506,15.692064674361156
9.0,11.0,69.71181557489051,27.6405664408179,0.0,1.0261627693469089,121.14691919948581,0.2459738334739203,63.47063725284424
51.0,30.0,67.29651249024978,108.19211299121856,0.0,0.25206069457088476,120.80565505908476,0.06339141269392277,60.86513223224112
52.0,16.0,35.54210864620083,50.555097451948036,0.0,3.904164741550379,74.63785555603039,0.05407346404868703,24.687915292260005
25.0,32.0,62.52060319793042,111.92161372068797,0.0,-4.968326858615997,78.99834242444327,0.07547441050805247,58.561468154848995
40.0,10.0,32.891276385499886,168.71884729398957,0.0,-2.1788839389640238,104.4114938651458,0.01029934908423798,23.398112793573095
34.0,27.0,22.41980966309078,127.00058489926323,1.0,0.3827723954483009,76.39114376436501,0.008663755771424829,16.752079147981288
51.0,31.0,32.068192555422634,130.41979971355042,0.0,-3.2170673836344763,62.555993845384876,0.020420835978142416,22.845086415325383
24.0,0.0,30.71773260525797,112.79575492193418,0.0,4.078665337327583,149.23412899451188,0.009387640862594759,20.503499120101527
25.0,27.0,40.26487980409083,186.18047019996774,0.0,1.4759511761301536,22.14606417788384,0.04353429774551151,29.56767078317782
10.0,6.0,45.10696983052748,187.06151003991462,0.0,-0.2211700536801009,88.9091968859791,0.019292267674403445,34.93736635282341
37.0,1.0,50.51233348986248,107.41740820397492,0.0,3.1470175906665454,132.87945391134903,0.029929555150707988,39.48972138916348
1.0,23.0,48.60523253049969,68.09430255726583,1.0,-0.4911380853489622,103.08225617716721,0.05825438303706075,51.51478461338958
6.0,3.0,36.24047635791736,97.32153111709434,0.0,0.5865301193000949,132.13849486323576,0.01682897849638228,25.943426312447883
17.0,18.0,21.750240114444466,45.446003317166976,0.0,-4.97249004446079,50.45020805320089,0.030126117508923786,14.17972439298102
26.0,25.0,56.306097334229044,130.90541991043696,0.0,-1.3429946980492646,40.79894643903588,0.0834145071592976,48.05276735085241
33.0,10.0,43.744689790841264,105.01754379862432,0.0,-3.6120952764903027,127.69085803531571,0.024576022452413537,34.69571739604854
26.0,39.0,37.92032944325298,29.62709078452318,1.0,1.8968868066229105,59.11718642781908,0.13387104445197592,33.720848764888444
16.0,10.0,72.01646256983074,47.55307841272691,0.0,-0.20973041024266226,106.45234845859669,0.17028118269325626,67.56546087168861
42.0,2.0,64.80459846788959,101.1300716779101,0.0,-1.982424427497692,22.16228676211714,0.19112927337864277,59.24089459523119
43.0,11.0,71.46593290234654,178.64190823658308,0.0,-0.321676606282576,113.37571880650121,0.04304405555592886,66.90379069041651
50.0,2.0,49.69896768274766,117.6142369199085,0.0,-2.903701120486538,82.3473973537304,0.0400079284611623,41.05872990166024
53.0,26.0,27.855875127606648,139.49165003960945,1.0,4.250866324861406,40.29174598656913,0.019465051593505346,21.119576539832686
23.0,1.0,61.773286167276346,74.41542445134284,1.0,-4.46027367449087,74.17559459383575,0.1038057077715154,86.06071545548744
24.0,15.0,32.36442679623052,118.56816467840451,1.0,3.6541703529612035,104.54154387595553,0.014340268290381385,26.135677869482492
6.0,1.0,46.47378014550301,95.0021663012328,0.0,0.11358788733350944,1.7829613271075517,0.19596088979849635,36.26483951822842
51.0,29.0,23.90004733693331,135.23468339840053,1.0,1.1894649613881725,95.62005882211942,0.0077690613404089535,18.00896931440729
5.0,19.0,69.51850414537894,19.60935755501197,1.0,-1.973943790912962,81.23861674099116,0.4960146917879713,94.99439154899355
52.0,37.0,27.556438462850036,103.72704108540223,1.0,4.666976167943213,33.04292516200989,0.029965501965165214,20.696939853093028
23.0,27.0,74.18585042295858,66.23859877735372,1.0,-2.1814904148051015,112.94716109642951,0.13163687426287365,106.48541571488303
32.0,24.0,71.85383613569343,71.97516164280276,1.0,0.8887799714030431,45.51914769498017,0.22880733886352667,91.47801423298114
48.0,31.0,47.87496586635476,192.57431199603167,0.0,4.934167051071289,41.52913973198471,0.041347497379081846,36.1791305872831
28.0,9.0,64.66209225823944,44.71201441516273,1.0,3.8109439638344575,70.68275234989841,0.20410720185061296,71.80075794060781
42.0,39.0,57.166704429089194,69.13659798993342,1.0,0.36329825286106066,101.42245176335472,0.08494265472853331,64.65090818150173
21.0,32.0,68.1845385402647,106.87958938886564,1.0,4.90374522967212,139.32689638143816,0.05838896163246755,76.0473419830415
25.0,12.0,45.908306047154724,173.9751201484285,0.0,2.0136986173261464,21.203586469815594,0.05879113399788895,35.05139691927123
27.0,36.0,67.148509054661,89.16731580921038,0.0,-2.9129958385819066,59.47021811276005,0.13771899828851214,63.1720053580989
49.0,15.0,47.74740902390888,151.3344033687525,1.0,-0.944037895641936,10.048438876894489,0.10225765471677488,50.75630066593251
20.0,21.0,76.45794727056763,172.71107866081246,0.0,-1.6550666598844899,113.78261212076137,0.0521976468551782,75.24380867396218
48.0,19.0,49.18232604950886,68.9031076061513,0.0,-1.5598629172881084,67.1599334522041,0.08317226761471129,39.86638280128578
6.0,26.0,47.757156316023774,84.62253487235489,1.0,2.604564393598663,106.03937027822776,0.044742993766271735,46.5583085200975
16.0,15.0,67.10431169381076,77.7456825007877,0.0,0.8426292727279361,48.329163596443095,0.17078899315440443,60.1941131325608
19.0,33.0,69.29466150565028,168.242603637405,1.0,-4.619072884104715,126.64758621094852,0.04174147849372235,104.79438293788617
40.0,31.0,53.26934685927024,18.42590377118422,1.0,3.7744848365097603,80.22421173601721,0.3282239618810807,53.46252905445533
48.0,25.0,30.787868809704523,68.6000068774492,1.0,-2.0320385951983546,141.54117327354825,0.01798163430463607,27.246377220346787
19.0,24.0,48.06549385745477,139.08762594307467,0.0,4.970748769131436,11.822195871605128,0.10878081421681525,36.361254333596136
53.0,1.0,78.0843501745807,117.4342649174151,1.0,4.541907303347857,77.14152368131116,0.10399653332368905,94.87940026530966
21.0,11.0,65.1791715823511,92.89497826580191,1.0,4.405307166819652,114.9682868996548,0.06735620863019587,71.71384664714067
27.0,39.0,68.66975623274793,112.59016317206303,0.0,3.1112760406397366,90.0228972110422,0.0830703524277126,60.66392446820124
39.0,8.0,21.969529929154408,47.54107130738048,1.0,-2.793866683164574,3.4791210640264136,0.0857358582943895,17.286843244669715
48.0,11.0,48.071567758049596,91.83615810552197,0.0,0.32632744028782024,145.8508017515821,0.030527149035404752,37.89601050081927
6.0,25.0,58.79726801945332,105.32356699350632,0.0,-2.756973731750254,44.73955396138476,0.10570749427067104,51.98913961556637
0.0,8.0,69.80196101768448,181.22593317137432,1.0,-2.4032454441105076,37.391679954957304,0.09066944956513379,97.10766358229726
31.0,9.0,22.95641921496629,59.55868093275551,0.0,1.1095176943627738,72.84898134098692,0.01889168694281444,14.574487195802277
12.0,31.0,71.14633313851239,174.8874154113372,1.0,-4.591664546469366,81.32371612850234,0.06084577721539317,109.38719063578031
29.0,33.0,52.9040562045147,132.40586615693655,0.0,4.694585668207076,114.9432206384738,0.033621160456805264,41.48662427459726
22.0,19.0,31.838838234563596,13.864757902844186,0.0,4.186731725779644,58.99104864884837,0.18973300552778308,21.431942538086
50.0,38.0,39.035312986982,147.67995401088479,0.0,-1.1923242784228016,65.99405646933182,0.026114602282262027,29.041923865706828
18.0,1.0,36.91577310509365,16.754856734320466,0.0,0.1542244800691306,80.24398739007465,0.1540442085620928,26.669184683819
31.0,0.0,51.85154205730855,199.5024140946245,1.0,-0.33880580732240984,59.1580649612461,0.03251294422787016,56.65498989082417
29.0,35.0,23.10114079466791,175.8009706613276,1.0,3.821997786174698,137.1822118651734,0.004168619106485349,16.585916668599733
28.0,23.0,29.512169509995413,66.49531203260868,0.0,1.8860187631611103,127.68779499513782,0.018459568531555705,19.771681711590652
48.0,26.0,68.76158260254695,58.90813373737403,1.0,-2.2188875257564353,68.24605426168175,0.19175170675009906,94.12188259183114
44.0,1.0,27.956239444808663,82.47380560006569,1.0,-0.5315874553470312,0.02922935059757048,0.09156017398696303,22.999097220434734
28.0,30.0,34.003776167487615,77.67172340974417,1.0,-0.7103402431323624,135.1401743293921,0.02041323170796329,30.471212435956552
29.0,13.0,47.20223633624944,80.7441854932224,1.0,4.593351682839186,18.65048601591979,0.14355967324961716,43.96254056495642
15.0,1.0,51.02725328679983,70.47254376270128,1.0,-3.2468908948536033,36.67686227910693,0.1234422476674584,60.43025174626129
39.0,28.0,65.81662877684951,128.01534730118297,1.0,-4.10423662705571,22.85419265480973,0.16721937116608657,94.13492639963005
18.0,14.0,46.839945599971266,41.21009610691855,1.0,3.8061883216169026,26.972335497153566,0.22767449793035474,44.134934293503605
17.0,11.0,67.39187726213233,170.7364455647425,0.0,3.9668598950587084,120.4316306834752,0.03757416286658777,58.5257551543439
0.0,36.0,57.100778422727444,164.3564719659499,1.0,3.717390879121647,86.92521624988863,0.04011935460297312,59.450594237025655
13.0,27.0,26.785984365429346,100.53180949250138,0.0,0.1097691562555636,143.41427446880226,0.009182911345105186,17.72131542688418
50.0,19.0,29.379886303570316,172.01869340292404,0.0,1.5974442826946045,34.71802684855747,0.01894629908680455,19.697643599288014
46.0,38.0,46.22202352698625,56.95756330575573,0.0,0.6336304756098388,72.8452362196851,0.08793047777183816,35.82124225249935
49.0,23.0,43.81336358534237,13.33743658375372,1.0,-4.30552173945599,146.6142553623705,0.18057664427250106,49.38754957028645
1.0,20.0,64.61265617823767,127.64950575566637,1.0,0.9583489690072244,123.96652714121545,0.04640016547324414,77.07634185307816
53.0,9.0,54.84422838784111,97.00278732329592,0.0,-4.863858527438991,109.29235186807367,0.04802324054985818,48.36238648206997
27.0,13.0,43.287984860134955,117.76126379621543,0.0,-1.7501259044291384,28.34628020561879,0.066125436034018,33.54073202782173
48.0,36.0,30.24561700702314,180.87448771349656,1.0,4.322925758731671,115.41081013645741,0.008088536406986186,23.576115446287318
49.0,17.0,33.61022613952971,194.28585897752924,1.0,-1.9595473036419242,52.134768389387666,0.016545515914190404,30.873549914045725
29.0,23.0,54.53006110814354,130.54609655356458,1.0,4.398266426442479,79.58053455701365,0.047619724367460155,54.657183792194566
37.0,13.0,45.40632829398755,155.1705620719633,0.0,-2.4986604285075575,91.37418195593102,0.024067591386321713,36.07516647171005
50.0,33.0,50.89565053164032,25.923602362561212,0.0,-1.8543775953846753,91.40455672863811,0.1927649886748335,41.94210600579409
3.0,11.0,30.24064611813402,40.53596112938607,1.0,1.2840749643855354,108.97852078702746,0.03441202066032693,24.77751489954875
0.0,21.0,59.774375140673946,149.30891294106556,1.0,2.616269727892948,99.25531389633083,0.04113429109874871,65.39846609403145
7.0,5.0,71.15232445135803,91.95943671372036,0.0,0.01387768004884049,10.255631896588474,0.34898923269974264,66.19572757912275
28.0,35.0,35.476370407214034,94.73340137683708,1.0,3.8211568719415547,68.60205389236609,0.032364073902366786,29.61380294764426
54.0,35.0,49.490853549909595,68.63545951073296,1.0,-4.597595783893808,99.60324100799689,0.06446384628122985,60.47695074350267
38.0,21.0,78.53163974125411,125.39771286077132,0.0,4.221948386343706,44.3989473248593,0.1583051495913222,72.77427556373453
2.0,13.0,39.99450443304366,45.181358629078495,0.0,-3.0369220010459195,46.95850308245845,0.10489872574670038,30.535334258090305
31.0,15.0,55.70278069542567,129.11409306964018,0.0,3.8423874508465596,18.685132163192332,0.12592716777830948,44.86638649102008
9.0,35.0,25.411742012014663,43.02178285569554,0.0,-0.991368205136195,62.792247896228304,0.03909667076831681,16.719803212420516
9.0,24.0,56.36090014876659,22.126946594845585,1.0,3.3275705587103763,148.0245651459262,0.17762796913269754,58.78881089626567
18.0,31.0,25.377906398277077,72.76796085282159,0.0,1.7166554980369508,42.7979041932056,0.03004083036893954,16.413879292099463
45.0,32.0,77.55412611942933,53.91666498187106,1.0,-3.240583675217379,79.71553390291471,0.23971850293898367,119.40289047673313
33.0,35.0,62.939759124338686,178.90841132570316,1.0,4.180475698814484,111.48558791686266,0.03635488162582755,68.29214429586534
32.0,19.0,67.28958728814239,20.441156235039053,1.0,-2.544826095115403,2.0245906326405994,2.0679025328116936,91.92245024048947
22.0,17.0,62.24626164629821,43.55660158908334,0.0,-2.5585988130500095,135.06593393974484,0.11674421348119819,56.29651453421478
54.0,37.0,55.38374216458794,114.25672506077939,0.0,3.141788966373805,57.982527708740776,0.07474665409310537,44.805396874447105
27.0,2.0,46.99476686513032,101.40276626101999,1.0,-3.9412674442747897,130.36739800664733,0.027823773430588318,54.39530024091711
31.0,22.0,71.50240278566375,18.711883491193294,1.0,-2.7796409362953964,5.842148834921707,2.1950197655086003,102.45104819374103
49.0,31.0,77.41014005258378,11.37796132287745,0.0,0.03677573421062341,21.849532779551378,2.690218083984381,74.92517482035318
6.0,15.0,49.94217037424488,197.73290897261847,1.0,3.304770286866243,48.37941817163388,0.03699533382469499,49.028232215025604
28.0,4.0,75.89210294931571,135.17859306817925,1.0,-3.525160252627325,51.81926595949181,0.11503717480322005,116.4875240739608
7.0,3.0,54.99997459931105,79.4271648712958,1.0,0.47668234512346364,127.16913345420248,0.049141790386802886,60.700904636987374
0.0,20.0,52.30305121378599,99.38212705601585,1.0,2.1124059180293955,1.6801673082352808,0.2592278365861865,53.9594121429735
54.0,39.0,47.2689639773214,60.64452288631452,1.0,3.6059522471595127,96.16676647045193,0.06919713723364185,44.90990326396197
2.0,13.0,32.55726569180719,75.52601890170985,1.0,4.355655602022196,19.69686542678254,0.07014191757558175,26.060273515648127
23.0,38.0,20.22317964908355,133.31844878096067,1.0,2.8463991446893244,123.48234760665741,0.004652934966787202,14.135414544190247
22.0,30.0,34.49037361136368,177.73424178480045,1.0,1.528283982220019,116.78598989368685,0.010402188137559887,29.665121983840653
7.0,13.0,50.58339029621391,44.984704385425125,0.0,-0.6637991468723414,74.98815411168009,0.11913551663206833,41.05362755414709
53.0,5.0,42.79759713558515,169.66868602321057,0.0,-3.8788984581158035,31.903083826856278,0.04107003885244345,33.7715112899904
46.0,11.0,46.90911368015803,33.09575960847112,1.0,2.0973719252552128,95.17430864483345,0.1160609919396708,45.837821595103634
36.0,15.0,78.83889317384298,50.848522481794326,1.0,4.927373044754869,23.438747648646846,0.571478784991129,95.45709462531201
2.0,16.0,41.01634224015966,17.063304729432737,0.0,2.3676059473209987,28.503568888898016,0.40857305702579017,30.07822455327177
50.0,22.0,47.13097636160647,36.7542537976699,0.0,-4.832889062622737,94.00348533380365,0.11051666894369334,39.01500855706655
32.0,13.0,28.010933081169174,184.28759763816961,0.0,-0.03740021958161255,148.68426691329367,0.005081647650481378,18.757441533217033
27.0,6.0,22.877463946219258,97.29336185749193,1.0,1.1464663248290385,133.65912558788193,0.006841434348320985,17.00155973394998
46.0,31.0,66.52457087554967,24.756513737887175,0.0,1.8967420110284305,88.96610365255155,0.350608986115741,58.74028870346219
7.0,14.0,54.24099050431872,192.34809922740266,0.0,2.1972583560070857,80.78051531511356,0.030324937984219036,43.92905170200437
33.0,16.0,65.6422883626337,177.00853847414353,1.0,0.5810844121652403,149.75773200121628,0.029192445910734326,79.87437262041294
34.0,33.0,28.9917679331931,153.38967896494682,0.0,-2.7663966726575975,82.10957214508406,0.011521951257896438,19.989774787724627
31.0,4.0,54.309726270961455,187.359830470036,1.0,4.422006614765467,63.01747829391659,0.03684305857774417,54.29959930951242
23.0,26.0,35.21854846048253,51.82458995879519,0.0,1.9666646766366191,136.43333036630122,0.03212268799711817,24.737280593708924
13.0,22.0,33.683709014001195,168.91016567191642,0.0,-2.6315996313059054,35.127644380393235,0.02517742820215481,24.228918106500075
31.0,39.0,20.691560843179115,141.0983273073182,0.0,-1.776781677297271,14.628898544521347,0.019120972022293483,13.06601482495011
45.0,13.0,27.820443414144314,175.2542574178608,0.0,4.219276706303697,95.11350515427455,0.007763104961865152,18.11575725477784
42.0,14.0,38.55608668998172,161.41319749109965,0.0,3.8748518670733576,14.37744506531235,0.0543351797188814,27.423575287431547
15.0,32.0,27.01272563545634,75.83406200359674,1.0,-0.9485356164191039,55.97228054294402,0.027071971809015227,22.1125475027417
3.0,30.0,79.15150642465625,157.13572203327857,1.0,-4.61692778008549,63.53660783725808,0.10120873293851908,131.08552064832057
51.0,34.0,38.51795891143704,59.86669756712916,0.0,-4.515026311060618,82.13071005738497,0.05228686230021235,29.476846594826824
36.0,16.0,27.81943680213969,72.43251097533042,1.0,-2.1608170908161095,148.74893186219435,0.012903059661789293,23.65656555284982
53.0,27.0,31.944938769677464,30.502086272365467,0.0,1.2912221933899948,33.14725849997712,0.1331740783961813,21.93982698276284
20.0,18.0,55.26219370048859,187.66455703628907,0.0,0.8419463533456184,56.3634567760368,0.04349571919300171,45.69989666794748
13.0,22.0,23.84261143188731,65.2906390460535,0.0,1.338277869439427,19.836018661598704,0.04516245804659335,15.241437245937437
30.0,31.0,71.74604780846941,108.91826838257585,0.0,2.172829719321067,91.14202890498521,0.09074747513155543,65.29966053724011
54.0,39.0,77.68998075422884,84.3532389285766,0.0,-4.809677464072616,109.15097734617503,0.12087598117654581,80.793728681578
47.0,12.0,34.80484524004285,192.3863429108653,1.0,-3.9491440482755715,72.31152348538183,0.0137657854711346,34.358409335833045
17.0,19.0,47.00571611545156,73.65934247831166,1.0,-1.4051654817278736,36.87469024349566,0.10793299394428899,50.20130225292054
6.0,34.0,21.328067061769826,157.9237060703109,1.0,-3.4514000247841823,93.13324037726215,0.0054723838737320675,16.839466015552567
9.0,4.0,58.44261348363329,172.5290693799242,1.0,-4.2467995745544584,80.87365850532743,0.03751884431576442,77.93490811116777
6.0,8.0,44.83556348315533,92.76523452138352,0.0,1.409643959973319,25.677858510557662,0.09223553315963195,34.1367625029504
32.0,28.0,36.20350796609334,81.85264474605694,1.0,3.1533647749109903,60.85228507531954,0.04190251560613969,30.82633189783465
22.0,5.0,32.41022663699651,152.07170597719931,0.0,2.5262665743428245,65.27956374527923,0.01571025497520018,22.156599203066612
20.0,24.0,59.24138465952563,183.45023625818447,0.0,3.170397786091792,147.39266306571494,0.02382315388775902,49.18735859488821
18.0,30.0,44.97302186193887,153.43702928372528,1.0,1.658565440578772,127.39287482332827,0.01900320689990009,43.47648501747513
47.0,21.0,30.77955734179472,53.15400946245447,1.0,2.353453218142022,110.15561824103906,0.028444356729959812,24.916302255960197
18.0,1.0,61.34654488920944,178.77847201316402,0.0,-2.282212257916987,133.31655382544213,0.026067323199559993,54.930539593403054
35.0,4.0,53.90433698220162,83.64051681299829,0.0,4.930080362841643,110.32266087430725,0.05192184718533119,42.472919148387106
28.0,26.0,71.52032329576977,119.48358823780751,0.0,-3.168343455061129,135.51027826886,0.057851892649680964,69.58975416030731
17.0,24.0,27.048553932589574,167.9727676656151,1.0,-2.855061256106175,8.182967231926197,0.03219323724421596,23.111147602503447
1.0,7.0,67.13999611666736,45.79500580609352,0.0,-2.1107816818415315,68.40993139003749,0.21460427479563185,62.483232553083226
0.0,0.0,60.41100720903554,159.0569257787351,0.0,4.753324301065788,112.03475028627504,0.032243377799117505,49.781961615707615
46.0,19.0,26.90065620968587,123.27093160302873,0.0,4.88288589353906,87.49436949150203,0.011271385546539085,17.320059152954567
4.0,22.0,61.689243792303245,179.73491194724556,0.0,2.948937497064975,26.274924622618002,0.09428784526507449,52.17892417915674
19.0,31.0,46.492837332789826,42.674376350273164,1.0,1.2905759855963372,51.073812979280135,0.15192448111724102,46.066041634912
10.0,10.0,76.69908713335059,89.9296250377764,1.0,0.20062575184613407,47.66615625400369,0.19017730670881702,103.79582999929231
41.0,38.0,28.49668103707396,168.24018764469912,0.0,4.706208456868457,39.2020369776504,0.01774465485782948,18.609292021521487
1.0,23.0,58.57000344894428,13.654023656784434,1.0,1.9562280285824751,51.47033302709491,0.7264953247749172,64.40374730630256
2.0,10.0,42.91880272777676,31.318259685472142,0.0,4.447301283260302,77.22799326916815,0.11838547831891238,31.413301448670804
22.0,28.0,77.40888023545267,198.2073904237796,1.0,-1.8344920052237612,128.2303537174914,0.043088141835253176,112.81666941283203
54.0,25.0,39.79849371741659,63.274893932166606,1.0,-1.6622520773043437,111.30489935906344,0.04011467337780001,39.30592383399358
11.0,15.0,77.731154569508,195.35320680755115,1.0,3.547245941184356,125.28745560243505,0.042795681446815025,96.54211671243812
19.0,34.0,74.08915106604495,44.680994691648046,1.0,-3.5014507941470563,132.54056168446294,0.1732520703480085,111.79093630551245
4.0,19.0,36.22299411863938,78.60794417139377,0.0,4.459278612960757,62.42256841464109,0.041246706481141336,25.199783961076076
36.0,2.0,68.21250660958566,153.04519445567843,0.0,0.07474354663407512,51.90394260401207,0.08173421952385737,62.20195737529107
37.0,0.0,79.73625210821035,134.97789737525392,0.0,4.264138785836977,8.643507252624271,0.31544227573522443,74.37715149036222
29.0,0.0,35.15978013027694,120.41325598652055,1.0,-1.6320721127418691,139.57374328146514,0.01226768032742454,32.70148187530176
8.0,16.0,46.20663015939918,110.68084340295144,1.0,2.15958904139397,9.87345269072159,0.13015825647003612,44.76029088747056
33.0,1.0,51.21084419400558,170.25368429630063,0.0,-0.1712487802731033,111.17032730557057,0.022558298215623468,41.54614857837707
52.0,28.0,37.69586814823186,54.64022693834462,1.0,1.2680363024547303,56.71624566983808,0.07190321171931774,33.86492610778522
43.0,19.0,20.915890378761787,94.0694761287685,1.0,0.043724931391522226,142.31711617487795,0.005908844558322826,15.362897114452114
34.0,5.0,33.2077546518516,39.53593550972688,0.0,4.671156173713614,62.940303140119354,0.0657287474596606,22.53090722446252
51.0,7.0,36.916213060505505,123.22890318883383,1.0,1.9210539781391722,122.49125270320746,0.01542035616388704,32.432023620595636
21.0,28.0,46.61598207909123,57.60344061155083,0.0,-2.4868103137368456,42.39822482455149,0.1277072801874597,37.39714651305975
43.0,32.0,30.266148704804113,73.42999222524331,1.0,4.096769219050845,44.863307586577,0.041205627027708844,23.677537360050657
23.0,2.0,72.39526140150036,99.53763615847035,0.0,-2.0597026184489566,89.32791148176513,0.09223921224576413,69.76540166873048
16.0,34.0,62.294667963880165,15.086411283594291,1.0,-1.2839490069914372,149.69739505612105,0.32601506294479277,77.734998633666
9.0,4.0,25.11202865357972,27.468207824959155,1.0,-3.9787630197978663,77.63586269687944,0.04495253114457249,21.399243703573305
29.0,26.0,59.005547068395884,140.32655193456173,1.0,3.999665197961908,140.44629545899357,0.03250260677461529,62.11002149366814
45.0,11.0,59.219388584337224,91.50429633632638,1.0,-2.1388797677213702,117.93747423730917,0.05583811418617973,73.72226900733638
22.0,19.0,77.37327041861766,174.31014217998012,1.0,-2.4108238206861765,119.37964712658524,0.05051013412997008,115.1530203381641
31.0,19.0,20.181252281369673,141.9876806923979,0.0,4.20262597994954,65.39399836931462,0.00690460769442169,12.304560776637366
16.0,8.0,34.87594698834843,11.539178912991265,1.0,3.0552686240503335,57.9813375259201,0.2645872108474418,29.296723940220883
49.0,38.0,75.66748876251893,127.17534284575562,0.0,-3.589210784806256,28.78827121362231,0.2008431396330951,76.17563994017246
50.0,3.0,75.92803492389699,27.80772455134612,0.0,2.693245039036807,144.59119004754803,0.2465232875651623,70.49088288257356
16.0,18.0,63.235185162238245,158.37730416019392,0.0,4.130330980537908,143.909041866573,0.03139469788200979,53.39209697038277
13.0,37.0,65.9457992628524,198.38646077291537,1.0,-4.214887817892561,112.06016014652742,0.036017863536861164,94.87197032992879
8.0,26.0,25.488977475778828,110.92777090588719,0.0,3.2521499490457306,44.437867477900426,0.019026278966143572,16.359343987424545
39.0,12.0,50.83255008669402,139.72810503688476,1.0,0.4742005187305598,36.77693105134232,0.06552832202366173,53.77987864081369
1.0,12.0,33.894979477339966,55.089690570002794,1.0,1.6919744937880066,148.29153635804445,0.024459969384420445,28.85196365853802
44.0,21.0,30.873082616817037,93.14357131322078,1.0,-0.07145661095063094,9.981422266226625,0.07084918716980013,26.184802831295357
24.0,27.0,68.61819794739995,172.6581131249129,0.0,1.9780308490527865,126.53464382119635,0.039205718210390976,61.35975273470276
38.0,21.0,28.102288200832845,41.810360071787734,1.0,-4.659021383332468,53.3187000723712,0.05340215680046629,25.61830889800585
8.0,18.0,48.11909821978311,60.4517650666148,1.0,2.627067232232837,62.83045795908308,0.09395868264946294,47.061462228226425
53.0,7.0,76.31469437516198,94.63239830434573,1.0,-4.666563021410416,124.79664731232558,0.08452222952290164,123.50159670508705
21.0,7.0,31.149923333920555,145.32728945036266,0.0,-0.44700152252656555,13.590452400803704,0.038862769056774764,21.517074307425705
42.0,25.0,78.67960542429408,81.41795141117802,0.0,-3.490350068697051,53.125451778038574,0.21836618334278732,80.67312412591627
45.0,25.0,79.65727914566354,186.26913315877073,0.0,3.2357427735130715,142.80364157543596,0.04396553755082398,75.14806014882603
3.0,22.0,53.33702928094417,27.946839741056642,0.0,-1.8633909082433142,104.85988691568846,0.16794926066705132,44.787773791470315
25.0,12.0,30.208564410629474,80.45279753352102,1.0,-0.4590645539566751,113.24087472088357,0.017022879086046248,25.59839573739812
28.0,27.0,38.96629327645374,144.70128345140017,0.0,-0.7124925870168841,113.62579514332147,0.016553754157978016,28.849065403539463
44.0,8.0,45.46956996059211,52.937485475683566,1.0,2.7250196568470653,9.085512474591678,0.2668792198126161,43.184873003053
33.0,19.0,38.559453461493376,134.71849550363785,0.0,-0.18855640204024526,30.48113898906467,0.044965411825823184,28.321399614550224
22.0,18.0,36.83813479259095,41.20122206319573,1.0,2.889583350103461,73.68948841218177,0.0718049158277593,31.745541501004627
36.0,38.0,78.33378255298145,20.636254123720413,0.0,-4.264917231973247,55.22253487130627,0.8603145604098902,81.1046473474099
10.0,11.0,29.20188964494474,32.992986182243285,0.0,-3.084060320970049,61.63684396992802,0.06255547303979381,20.22673490505062
5.0,14.0,63.999674523011734,186.69710879548558,0.0,0.5153424964636066,117.21710679385089,0.03191273966109866,56.443688207263975
17.0,30.0,20.02461736635049,114.83266775851475,1.0,4.47088324752695,2.2018852601602914,0.03341551664231918,13.69518831887434
20.0,13.0,55.77096016414261,161.3056973411333,1.0,-4.252421532782197,99.07378894818581,0.032432016318415746,72.26296095251433
41.0,10.0,74.95658023724314,73.20435517195973,0.0,-4.569157838431357,0.016534770273368693,0.7665798784760263,76.23767929378334
35.0,25.0,37.27604564559314,122.60514309823486,0.0,-3.4344932507214434,9.458778836436554,0.08069678528856859,27.900236147133835
40.0,26.0,31.13155851546315,104.0409054039484,0.0,1.4115312886015652,61.24291797564359,0.02414372812379491,21.215475317985963
37.0,10.0,59.100787692705616,189.69021228643587,0.0,-1.0100708332975283,126.14227797072321,0.025145042016269516,51.27299784995973
33.0,37.0,62.75608443790359,152.03918085028096,0.0,3.255523794176862,21.749364834669073,0.1346736347449056,53.289005225908866
16.0,33.0,61.28183113711888,148.80309998435,0.0,-4.280668485186342,83.19321136929173,0.05244200251598012,56.319977490302406
36.0,18.0,39.159012801282444,18.80712119251311,1.0,-3.0358591318529893,101.77578402401163,0.1373676010371951,39.8869264481747
24.0,5.0,35.132144129559855,114.4372371107013,1.0,-1.9997359453510433,34.42993262582409,0.038485970247604175,32.97169169370394
37.0,37.0,77.35512799772265,98.72837624134482,1.0,1.2673008668878527,76.84953829043745,0.13584434795471673,101.91709733883334
11.0,27.0,75.39797049619577,186.29003065517696,1.0,1.8517269030154726,136.71109247072886,0.040928462359449566,96.17488917857042
22.0,0.0,47.438996593569215,58.89497775601113,1.0,-3.7579670603622617,76.83427880482992,0.07481585893659887,54.848438040728084
52.0,34.0,70.7716319692624,61.26835612530792,1.0,4.438047089917395,23.5984592681472,0.4040530703880596,81.44992594643358
41.0,39.0,47.13940865805776,88.15578728748507,0.0,-1.5895586480979085,94.1721445031317,0.04817337295891902,37.613983592468216
21.0,7.0,45.463341084350624,56.240245547211444,0.0,2.1316876300028307,88.8300270012771,0.06602517429762171,34.55994921455645
20.0,6.0,29.40577685595768,34.544944383662404,0.0,0.24207718947698798,4.043213969719684,0.20254118112923664,19.900862731803123
26.0,10.0,45.58436338951837,172.90882086365215,0.0,-2.772418864528934,13.58916086213499,0.07102112050770389,36.37651922843778
30.0,38.0,52.24501631598842,116.07253963674401,0.0,3.4622832311541107,23.517203271151615,0.1176055350504852,41.2309782307114
5.0,3.0,21.350259645721188,173.6589166017477,1.0,3.1823802819192992,20.44336163428049,0.012302148507382973,15.094945468933268
26.0,24.0,46.646780310524385,167.91560542670223,1.0,-1.0392814608330991,38.91986558413997,0.04590601840869766,49.109484945396346
39.0,11.0,66.88137310371202,63.58804741003751,1.0,0.8860758569385541,68.11579848533519,0.16004113903515485,81.57548638114673
33.0,25.0,60.80276338245619,114.07011442161205,1.0,-2.4217430406406026,55.75744468484766,0.08970393497944784,77.65169141144867
11.0,37.0,58.1094193318361,25.811363520613387,1.0,1.8985162874630146,133.59748371068954,0.18480301023199663,63.71427238820776
44.0,11.0,74.57332570623215,183.8978579658441,0.0,-1.9097318737956859,91.81641141095056,0.0543296111810238,72.75327250216557
52.0,36.0,21.0819205895138,86.80991586237909,1.0,3.440787343822349,131.42165249427646,0.007322855385052462,14.802825535746187
6.0,23.0,53.42285517153405,84.79847493891405,1.0,-2.826148957227257,79.05589873763984,0.07032291993305011,64.04603422930734
9.0,15.0,67.24093090458243,67.5235204174111,1.0,-4.851965771815358,13.480570603400993,0.40166914920664626,100.69079123408504
44.0,12.0,52.48012296207604,97.52611149503373,0.0,-2.3149195803208156,69.49311735996523,0.06361168865143374,44.008878408489835
16.0,24.0,39.43373315482275,57.83428344363513,0.0,-3.089475135405133,123.30488202635473,0.03907410009105092,29.97731769468857
25.0,3.0,28.17503390551867,81.22193183139287,0.0,0.08286439724924266,29.115565075066215,0.0383393232486555,18.879842325608625
20.0,10.0,73.25378430897148,161.98993923112755,0.0,-2.962967083434237,13.682141812897463,0.19460719532819148,71.90298246229665
27.0,31.0,48.24574354325618,168.50854568118265,0.0,2.6318987071949476,49.415210750739014,0.04245528966290443,37.275876013532276
45.0,6.0,72.68691181914208,67.79467074941806,0.0,-2.5862936199599607,58.33467459602094,0.1963811334441071,70.69728277142448
1.0,10.0,55.1511273459901,99.1127418050297,1.0,2.069681799126557,45.93865146088566,0.09101909248617798,58.55415742295011
53.0,27.0,60.45152699690005,176.02575749320994,1.0,0.7847092301372405,20.2861178436834,0.10902068404454886,69.74160967462757
42.0,22.0,68.255669262707,20.007933047642457,1.0,4.862498564718844,37.62597895825718,0.8409690250582155,76.24056245122031
0.0,22.0,59.54933267600806,178.93754277919922,0.0,4.999009770092316,102.34236069031655,0.03333689199078615,48.68523985188145
50.0,27.0,43.88329044073626,51.645025673943024,0.0,3.6952608331732995,57.88927744397459,0.10123968161633039,32.5400634136802
52.0,25.0,50.81800303571906,138.92245640073142,0.0,2.599833692987511,94.88241669278337,0.034037596925349634,40.01368791690282
35.0,24.0,68.18273148055279,120.68482231307405,0.0,-1.1354358599942627,80.44556698780987,0.08019466343641486,63.103518549221064
50.0,28.0,42.41901778237905,115.0587421559579,1.0,2.532767271313036,82.35794097865035,0.03239960019337158,39.159456968064404
25.0,18.0,43.287287406109826,173.27844270303606,0.0,4.566755370794907,37.2824336921694,0.0385971609024494,31.740095278441878
28.0,32.0,25.74140696348007,29.29870729248564,0.0,-4.766224246045558,78.23145491522723,0.04926873342462692,17.469748666732038
20.0,35.0,74.87506611330487,75.93532481187084,0.0,0.37914700197738793,3.5392070794802666,0.676733829676328,71.01577904005552
10.0,13.0,25.462178896726503,112.26802180550547,0.0,-2.820016956115654,64.76156134873892,0.013576754266825131,16.97532415092473
39.0,13.0,58.89255064691335,164.14488224974755,0.0,0.5787631586885045,85.89342347848726,0.04028609549509477,50.109870959419155
10.0,34.0,44.79166872816786,51.124185848217586,1.0,-0.33552910241108846,27.299343203116393,0.17837827246214052,45.32300552878135
35.0,29.0,44.33716341532654,162.55666986111248,0.0,0.7576858155228439,38.483775937342706,0.04389474126097715,33.82515752202207
48.0,27.0,60.77311019436104,85.93131167384779,0.0,0.509622214187242,32.92965297234291,0.17167889896327765,52.43118579785989
38.0,16.0,24.025623957792725,45.893632722402124,1.0,4.60107039168562,10.583693289813628,0.08386216374238852,17.286270108910717
39.0,2.0,55.622346977086075,154.2074236842617,0.0,0.5218610893473608,52.178598171013505,0.05383723891614757,46.2714302937749
34.0,15.0,66.32190715834129,27.270791280164087,0.0,3.4623208812486728,146.84486496779093,0.19618531176466694,57.50789214457497
53.0,29.0,69.69276547319565,107.80580107433416,1.0,-1.801797131991535,53.08206096954151,0.13113064667153682,94.81226524299657
33.0,28.0,30.231823363626518,22.136398933758798,1.0,-0.6189931120895109,69.08049327554635,0.09807598465449786,25.712689119004104
54.0,14.0,73.84514300469043,77.71939247997963,1.0,-0.29586523955190125,97.96308764345628,0.12111959055853982,99.11350887095503
46.0,24.0,59.36876551084653,124.2045918112146,1.0,-2.2127195666462027,97.27466267536607,0.050704193096405746,74.20355243304272
23.0,37.0,72.91128804924097,115.66195288257049,1.0,-1.2020973852204475,142.48424700279364,0.061389368312737815,99.99869132984128
53.0,37.0,49.116843026611896,86.88452940188664,1.0,0.9851307946677523,128.63462105986878,0.04056010040513061,50.39646172770205
21.0,22.0,52.52200070583212,91.51911885470199,1.0,0.8018776330453237,119.09260306577283,0.04487666228213822,56.06547879364712
4.0,24.0,75.14229662172026,53.08621513664564,1.0,1.364353445734805,142.7440838667466,0.13569375312643395,96.97381221358982
32.0,6.0,73.99457260128031,96.61769180057955,1.0,-1.4818208457985893,34.61480782247574,0.20337840446810812,103.42883573291564
35.0,21.0,46.88965240214012,191.1184225869585,1.0,-1.8416850484694292,92.55812919326888,0.021170561848481352,50.648904312662474
46.0,16.0,36.4647578981409,171.58605437892018,0.0,1.1161788275416307,133.07951500832345,0.01034916188828377,26.04331014360691
19.0,17.0,43.590226073855845,37.59424512450532,1.0,-3.6713825157247504,93.62072374171527,0.09042618507039818,47.938369223416004
18.0,9.0,43.265859711784984,15.658349590974977,1.0,-2.4696845646786003,146.61307119103043,0.14122630634887073,45.6231056126761
34.0,9.0,37.21201249896764,187.36961941615982,1.0,-4.578722630470048,15.052907085956852,0.04185843283786615,38.78196698475945
51.0,6.0,36.114776259977994,110.08245247734204,1.0,-4.273891474039199,65.89957541898005,0.027307246625619893,36.69157052101596
42.0,37.0,71.66377618878316,112.18918639836846,1.0,-2.566167207393911,146.60443618629543,0.05964811027005586,102.0133739513513
16.0,26.0,24.191715241079702,158.33641918423925,0.0,-4.80470719703081,56.935204285488865,0.01007345781167327,16.162679530806656
44.0,32.0,60.65667092597565,69.79090503555204,0.0,-2.545894079125385,110.93345626489565,0.08626884746027344,54.223653295950434
42.0,0.0,30.369203087387138,101.56243807884042,0.0,1.5497632306202602,4.560435161797377,0.07117038183054279,20.541813049819847
33.0,33.0,40.6703536036438,194.04595349788013,1.0,-4.38892921531067,104.22556719454695,0.014731631586884012,44.141592680947824
8.0,3.0,23.692582048090213,137.70825051715735,1.0,-0.6326332220535902,140.19400987913676,0.004836364004907202,18.359197917609507
25.0,16.0,36.19841821132772,39.211556079199326,0.0,4.131087869195494,57.40594277850041,0.0876324160572709,25.23433911824374
1.0,3.0,66.10526426703453,35.31308211702713,1.0,2.9128482892540095,3.1949756890394196,1.0074204197941197,75.9223711591575
52.0,25.0,73.10091947283551,48.81030408327103,1.0,-1.9456249770514278,4.186470659322578,0.9521631818435811,103.04932212588255
8.0,3.0,33.291629114142026,155.67521813993633,0.0,4.24805479191647,133.80349585666335,0.008798017729341802,22.663928110684772
8.0,0.0,47.81287035553531,66.12163072971705,1.0,-1.7035350325227516,108.37741606443927,0.0504009057613099,51.97914690359731
39.0,6.0,48.219442876232385,14.063880868265159,1.0,-4.2748450366243755,16.002957633986973,0.9035996693936214,57.330611683339384
16.0,29.0,72.41451834558406,189.39312906607574,1.0,4.940559567681135,8.188541557679486,0.20799152057945103,83.4591695692754
0.0,8.0,65.76794317254833,42.24554911503303,1.0,3.7002252718917172,120.72380454232191,0.14082345851718042,73.90634671008289
24.0,34.0,50.78463310208299,11.81605536813303,1.0,-0.34067216698907665,121.47909492080386,0.33197548088521334,54.87275394919567
42.0,7.0,60.244832028306405,55.05500445283137,1.0,1.663765241924039,18.07827596880735,0.34250062967433026,67.77920429973774
39.0,23.0,70.841303234562,54.6554695524454,1.0,1.7122807785667016,45.228060583295516,0.29369078749662675,87.37319709400128
41.0,18.0,20.572337241532697,90.18099766068738,0.0,-3.0551776926953966,117.00390968608343,0.0070380720156569074,13.075889356631327
24.0,35.0,44.173401863002915,184.874067985007,0.0,-2.9995136684636767,78.81181064310096,0.023051209661180322,34.927929226633054
38.0,26.0,74.43459003662471,177.0451343780286,1.0,-0.3041929664817422,143.4877291087949,0.04029350741138161,100.4316816737707
34.0,31.0,64.41878185063709,96.80996544666131,1.0,4.11573140137698,72.15939680190074,0.09929951778468728,70.88640577542651
2.0,13.0,52.57048246004448,88.07098194844323,0.0,-4.900062251414292,101.54369063482689,0.051221614435320605,45.546913452983105
49.0,17.0,51.77867162210801,115.45172643022174,0.0,2.825056359493593,76.46750486123763,0.049413271683422716,40.966004088866
36.0,27.0,40.86620585626627,56.25626227463549,0.0,-4.424732162853458,141.44482435275685,0.03881043614722273,31.902963681796916
43.0,28.0,51.23123201849087,19.915148473608937,0.0,-0.21777885116882167,59.79886381014133,0.34992981886463814,41.589087018722694
43.0,15.0,59.3229919678072,188.45258587252928,0.0,1.3787283307347642,34.46946827679,0.06979241627351067,50.19383289273318
50.0,34.0,45.10178230572758,45.47280712666282,0.0,1.8675926708246482,48.99507904214897,0.1397028950491431,34.270484585110054
29.0,30.0,62.84918878353044,47.696138556686115,0.0,-4.415207363840886,127.91628062478438,0.11912246245904351,58.545366259369516
37.0,3.0,71.67393363562314,99.76746248225005,1.0,-0.8139638261603177,74.69078452682001,0.10561846729800901,96.00242540099433
33.0,36.0,29.28109089109167,103.40653551966284,0.0,0.8383726050232465,53.137845525335855,0.024540880717618122,19.713819628439357
11.0,16.0,47.09282136904547,13.502499843140969,0.0,-4.339544626939931,81.63900327142242,0.32616557128113366,38.738102566209974
18.0,38.0,44.481205477104865,38.11140036705443,0.0,-3.649054434046902,19.984456091526354,0.2825628226734375,35.51406476931175
36.0,25.0,61.247888242983684,81.84941552654092,1.0,1.636489895040385,0.8038956938394126,0.4621892328508197,69.59410031296129
43.0,38.0,34.99204791547576,139.90883176700243,1.0,0.21638196590651693,42.087702554023615,0.030678653234046477,31.107512366802915
48.0,3.0,58.41505489713658,53.39950679806781,1.0,-3.3817133873170944,90.75085796753135,0.11280034475061253,75.33800135271795
16.0,29.0,72.64935450388928,90.3727447859349,0.0,0.35239336914733466,106.75211544920809,0.0975667848547269,67.95881852132537
9.0,29.0,45.08789598761736,115.8955622961287,0.0,4.126923734444158,123.991644952795,0.025768658327214165,33.61494100922713
54.0,21.0,74.6609419987532,178.8325739784255,0.0,-4.84412415224636,138.99953390917045,0.040781371453943005,76.11341479054886
48.0,10.0,79.5898243360087,71.95339544215344,1.0,1.426337734858546,61.81685204471521,0.21575990696074274,106.24511387058459
46.0,1.0,26.365522996877125,35.376070514061865,1.0,-4.263495653946581,111.07751993361819,0.029047486214132428,23.107646963691536
11.0,11.0,33.98319127909152,102.96172292054555,1.0,-4.9355055703529915,11.20093952970938,0.07107056531973564,34.218370705937204
15.0,29.0,77.02278508892559,151.8771043199718,1.0,-3.493455113393662,8.629499815812014,0.288868715170792,119.25509742944993
23.0,35.0,77.49966118888321,30.87335384001935,1.0,-0.770933681460807,18.71969879792349,1.0842303262809074,108.93638710900134
18.0,17.0,25.86243652320551,90.68986342242248,1.0,3.0234399898195297,67.28536467461436,0.017169932606112635,19.461410764863512
7.0,25.0,20.8999100226282,13.379176839871851,0.0,-2.1821450339544137,31.69221577481249,0.13171215892753335,13.257374064644534
30.0,6.0,29.666001395385337,16.376244512977717,1.0,1.2567321238875861,43.03874129067237,0.16690039836249976,24.138590397401448
20.0,0.0,79.7607670029349,101.76113901116646,1.0,-0.8884336204469334,97.18202602684539,0.1009761590709603,114.67804836161056
16.0,25.0,30.799976996641213,66.6574866486766,1.0,-2.6566820803399205,53.7783268204269,0.040309602441116546,27.688424089367267
22.0,22.0,50.15285640332139,170.5703868110283,1.0,0.1424711428285863,83.60573365770333,0.029483012149153304,53.140115645369235
36.0,25.0,70.90506358583066,124.40931816402632,0.0,2.974644903726232,61.86056351048884,0.10356778719884599,63.61920983858528
53.0,5.0,21.22409664129238,96.24726273116816,0.0,3.324923700561442,25.345388327972934,0.020380654013076566,13.113903835261048
15.0,5.0,56.26933893550757,87.50772050031631,1.0,3.465195318772367,11.102998538384117,0.22451419717190477,58.46453482728688
5.0,7.0,36.62152693217746,104.47664123601702,0.0,-1.614421874450206,35.434724296483175,0.04477459944112028,26.792939944387037
7.0,23.0,71.7400949863839,17.683377930405655,0.0,2.9345606471575305,8.655070423656653,2.1027731385875827,64.73289840552978
24.0,21.0,37.00766895584475,179.63073771992538,0.0,-2.8782154489109213,92.79179398347104,0.013961725481618063,27.48491286161724
17.0,18.0,61.205343216914535,199.6775995894521,0.0,2.384251012428833,119.35764021991506,0.027448054947939678,51.90349592701888
24.0,36.0,60.453177946843816,44.48255372315275,0.0,4.4838442627261665,50.96111523561013,0.25056503158850063,49.9577936207927
11.0,17.0,33.289612931578404,32.87276330717775,0.0,-4.862561653090428,58.06665830285374,0.08750598185199708,24.359531064145152
14.0,30.0,22.087951992101008,37.2797180552331,0.0,-0.5963606882120198,122.428659413896,0.019514139338894163,14.04385983089367
25.0,36.0,44.55497442712384,135.59514106452977,1.0,1.477709884140046,33.39193685603404,0.05934416269782305,43.05222351885881
40.0,29.0,37.35158911795218,135.6737593056472,0.0,2.01775770487553,17.874039779231133,0.05767027547537024,26.68292878367875
44.0,32.0,68.53866497682252,171.1055908328981,1.0,-3.239122417307978,75.16771759966296,0.06181071170738421,97.2341249577568
25.0,9.0,68.02185130732072,152.84701380098812,0.0,4.721832752385929,96.92852542998557,0.05115964340847943,58.849507846011626
46.0,36.0,47.42143713155753,95.44103794017455,0.0,1.1526536797097298,89.9481637569719,0.04640668943465928,36.908247820218705
31.0,11.0,56.39073351939314,126.44251869741058,0.0,-3.3565939877173223,107.08095679112712,0.039532115698531184,49.34327501064021
9.0,29.0,56.25557095921551,140.7740873699215,1.0,-4.794774882874847,8.512677325953582,0.16678090340714705,74.89595626347014
15.0,26.0,69.6294889056574,107.41992935419279,0.0,2.8326419878977593,64.23024191375593,0.11233055524785202,62.07359732199642
6.0,38.0,45.50014484739185,100.37368704581097,1.0,-4.202952605545409,35.78557859185397,0.08045792096049426,52.19471900375099
16.0,8.0,36.526800787430545,132.56851467210413,0.0,-3.589490789297635,113.86818893190363,0.014715936703222637,27.19813873156099
22.0,20.0,35.90209508843285,115.92016430537421,0.0,0.7483002685569062,130.90957260905245,0.015157226343729568,25.596128112425763
25.0,11.0,52.17153675693225,132.34903801382296,1.0,1.0350550344961973,42.200361120962235,0.06585904058365893,55.16857222142194
20.0,28.0,46.948892163932754,126.44240705303913,0.0,1.8688711859239848,14.28271186041124,0.10739453829880348,36.17321506880155
21.0,32.0,46.40724625909617,146.64734649759438,0.0,-1.0648598733637926,38.014194298709526,0.05413846488731274,36.61750211326802
6.0,14.0,25.468240345382434,132.13266666874645,0.0,2.738986689668229,15.601273358837952,0.027536282612898495,16.389542222727258
13.0,1.0,63.11622444141174,108.75107242308079,1.0,4.743585996158886,48.36332491701806,0.10128129834444065,67.74150657638889
14.0,38.0,32.82420127891464,139.54139414403343,0.0,-2.28905056920117,80.72978674827385,0.016681228497128144,23.35810554942462
52.0,17.0,31.817217812523282,95.40157338523133,0.0,2.030286165379459,146.05214315973097,0.013128218957566782,21.716849607639617
6.0,2.0,44.765499216643605,55.917532934794195,0.0,4.284686523951569,59.90553815270378,0.0846530804784107,33.254308386786576
8.0,6.0,33.666700497068085,10.269461825443937,1.0,1.862867626170427,33.00598857819317,0.401615418768814,28.48634891741072
50.0,17.0,55.031496038480924,116.39318795771021,0.0,1.8110949864425951,25.02026105562526,0.11866724122586267,44.989100741599614
47.0,37.0,42.28780036006829,122.22449305564179,1.0,-2.762274309147934,25.9559649208014,0.06911869753452232,44.4503578813968
7.0,36.0,46.93470335556741,194.68930330738573,0.0,0.3513020031969294,28.889652489218882,0.05005859372328287,36.67098006406309
49.0,32.0,52.23015929624173,78.68088347791236,0.0,0.6252284360458016,114.34005338061706,0.055318181785862036,42.347922358947635
22.0,30.0,32.212131348908294,84.88531613737923,1.0,2.0012956245595284,9.154156714862987,0.08913484188444226,26.706850733807247
28.0,10.0,29.345097371931786,48.341920455016144,1.0,4.968214498961826,149.61040604145512,0.020869322196858105,22.423509761222924
17.0,3.0,72.82531417241628,23.401516095091164,1.0,-4.663561774562379,78.40295867493917,0.4410571974017463,114.11557648707038
30.0,17.0,46.023422169885265,156.83285364373072,1.0,-4.347673387325131,81.64078414512385,0.027117530300479788,53.41680514424286
29.0,3.0,44.72561657795235,57.439402224471756,1.0,-4.220499305690812,53.63458180494072,0.09138003151728631,50.84525769832109
51.0,33.0,22.136729016370488,125.69192359570721,0.0,2.4297913448895683,103.53830391181808,0.006782779706969438,13.851567916017842
38.0,28.0,49.878578155243595,140.6768767536415,0.0,-3.636462048892425,70.71845113211965,0.04127850407498866,41.623120643688665
34.0,23.0,53.250183296660005,99.53497058541306,1.0,1.2245187449034522,49.35919274468247,0.0856038150000596,56.653020824189284
17.0,21.0,53.53045225727999,176.50690147516642,0.0,-1.7533112210654156,39.77076055620643,0.055988249872559945,44.959471952443124
41.0,1.0,62.42187015937306,94.32101978614847,0.0,-0.42680043789289024,138.84768103998894,0.0502313704114172,55.059490958032725
38.0,5.0,30.648910099460707,64.13263837793538,1.0,-2.843368401825861,43.648427257863034,0.04508261349783205,27.624958735485635
16.0,24.0,35.13338805383713,180.24294936270826,1.0,3.6610656130454213,65.4589889144763,0.016688740926249095,29.29274325207946
13.0,20.0,68.64382791382477,173.69721400749174,1.0,0.8615032416302637,52.551210317470236,0.07669812025012775,85.08661782284477
30.0,15.0,76.83023701060364,41.16758994451847,0.0,4.445632635822526,12.926824114205393,0.882427937389249,70.3143272759341
23.0,30.0,28.15596484203924,14.932593487244981,1.0,0.7459624970432954,27.890159172340066,0.23569625627597338,22.666258315198498
34.0,13.0,49.85897327031309,27.09725570642793,0.0,-3.7609196940305334,28.425296298957303,0.3817368203094811,41.662443391798845
43.0,38.0,32.85057516437521,64.44400572522524,1.0,-3.2912956616152456,104.04742715844823,0.0293808229999691,30.935266853782714
44.0,27.0,23.604390101298947,194.72936233092503,1.0,4.890739763678472,60.98781149487137,0.007465253428776517,16.8328688817329
33.0,31.0,39.53020028756812,116.11806910055675,1.0,2.2556519733086775,117.29513446059879,0.02092398584066962,35.54740586505703
2.0,27.0,28.621257511052764,80.91972908556107,1.0,-4.507212499709103,106.34263865012355,0.016810823924179038,26.19097684429547
36.0,8.0,62.595984406054775,178.85605797642182,0.0,2.037810050346648,28.80746495940565,0.08886349804279757,53.774552685646874
42.0,21.0,52.02352482028667,96.09590298091493,0.0,-0.8782695319038836,84.43753801801509,0.055952553492029496,42.78231999509471
39.0,31.0,28.630068259418653,69.89533939619402,0.0,-1.9279161317680948,111.43632690732042,0.019057231656820595,19.545269654758854
25.0,4.0,20.554495304330864,188.8317104616749,1.0,-3.4593920626946573,94.95643852135845,0.0037663175923994888,16.015609722043557
54.0,22.0,68.48942294145276,171.4083565766088,0.0,3.3990395455656564,90.00247621319714,0.051903040785570974,60.24962549186494
22.0,4.0,30.57166436985485,170.29699132969378,0.0,-4.361586210108993,110.94163311011519,0.008093775523095077,21.692433232367463
43.0,31.0,56.37299853324596,107.33410117954048,0.0,-2.1016453762035967,8.517110888446034,0.22183440156697773,48.56457833133321
38.0,9.0,40.215314784604736,159.99329577493646,1.0,-1.9361710617429562,109.71329210421493,0.015501658139240898,40.22286555232341
14.0,38.0,55.12915629890214,44.07713826026485,0.0,-3.3909471603649965,40.89828947301425,0.2464023680707415,47.79741192297642
48.0,14.0,38.93921761893944,118.91236193568629,1.0,0.08184883286870281,85.78083817640311,0.024498668469797192,36.43771677463366
3.0,6.0,25.21637364153525,196.93072534103368,1.0,-4.882973731891074,36.34574920447612,0.011008763052598724,22.0601525627387
28.0,28.0,33.37700051346522,65.28210179841271,0.0,-1.9902448458959088,125.82263583102564,0.024745397627844147,23.809470942901676
21.0,2.0,31.283513988744534,160.92694255705828,0.0,4.33629444033064,72.08390314511341,0.012628595362302203,20.94441561904575
24.0,18.0,45.68116114637863,103.19089736953278,1.0,-1.894704306579943,96.44118180374754,0.03549617294596898,48.73593346999088
12.0,9.0,59.49702700556944,17.56307981219659,1.0,-1.3954061289324837,119.11230652150921,0.2841230435464818,72.49966099512653
17.0,27.0,35.828364496781454,154.9736855849768,1.0,-0.2683495176592843,134.29728826070465,0.011295686950626053,32.533691001647625
32.0,28.0,20.724196118037078,42.02813743450143,0.0,0.6169337485147475,109.80931456040115,0.016656095043162702,12.918342720296078
15.0,14.0,51.136241855885416,129.97997775522254,1.0,3.0870864482074403,22.31528642856086,0.09536916479817599,51.02735458105922
44.0,34.0,56.345569361538324,26.27619686892485,1.0,-3.0967877684398237,128.17985543786799,0.1756439445506863,70.36897749059023
41.0,5.0,77.77222964010858,189.90480552423332,1.0,3.717463771925572,92.78668737982592,0.05541557459463393,96.20860731227015
43.0,11.0,55.36824818559481,65.42753856426857,0.0,2.575493571438894,91.41746375704103,0.08444673957580655,45.0319294407376
1.0,37.0,48.27035356268851,53.02829141870503,1.0,2.2265033466155524,138.20108397073824,0.06025140296015853,47.69879796054066
54.0,12.0,54.40409755386223,34.53591677260352,1.0,-4.131954262853648,37.324733349882464,0.3024822619393607,69.10955686031127
34.0,28.0,75.67403779172162,189.74041673441909,1.0,-4.783593100254153,35.938142774104996,0.11418491026227506,122.40238197502056
41.0,18.0,69.70268873609878,145.26171106384797,1.0,0.94012700908084,76.97903320424427,0.07086054510609216,86.9981842569263
33.0,2.0,39.37872400182848,150.91556885643683,1.0,3.631339625231612,112.62945998022977,0.014945798717930054,34.439013197275194
29.0,7.0,34.23526181942824,104.88686666224648,0.0,0.8444146414063591,67.08610623427637,0.02520861842795554,24.051764743870194
54.0,7.0,35.75801674196442,100.19827920139186,0.0,-2.867651345544692,95.08370848386033,0.022060677493275945,26.26120873340205
12.0,19.0,50.26526238291278,30.90403616838056,1.0,-4.094801020507868,67.87870863340783,0.19005426210064058,60.82263412299574
12.0,3.0,64.64296707371467,116.36980816095843,1.0,1.9959645281773497,91.55807707304531,0.06139128287266536,75.02334280077059
17.0,20.0,50.193152430977726,56.91413407067018,1.0,2.217702773178095,123.33934539205667,0.0634288975187572,50.584933563109566
31.0,2.0,24.067783749686754,195.6576132320771,1.0,-3.2746829931289136,27.071504413638497,0.012116715590052876,19.814639398870597
31.0,7.0,63.41484202639885,161.35037860287798,1.0,-4.718096845034637,104.30678010089761,0.03943503196545381,90.83737639503939
34.0,22.0,68.35820772025723,88.46849143664865,1.0,-0.91716486776803,118.11386090072749,0.07945198641743574,89.20187441387812
38.0,15.0,37.36987190718318,38.75483915139127,0.0,0.8271870213302213,67.06671112226736,0.0841095359379279,26.95073152046257
45.0,12.0,59.84754435700103,159.21302131636895,1.0,2.0600240956719116,48.48503656017814,0.0662433761786129,66.41894707769688
51.0,2.0,45.5955140632636,33.19021574545004,1.0,3.099450091529028,2.031648588660312,0.5546534894725758,43.02791730764214
28.0,8.0,73.34716134364658,45.97341316444339,0.0,1.1053742730673233,119.56575335011402,0.1652943553791918,68.28508448241115
48.0,13.0,70.71353348964439,50.18889837140321,0.0,-3.8911939140151497,49.190798855398214,0.29168616462757946,69.14706947668341
28.0,12.0,51.525919898578536,115.80922127188794,0.0,1.8258167214241483,53.59642041120753,0.06237414743994464,41.0752895199425
52.0,6.0,61.49033274881567,159.5407642581696,0.0,4.84176642894882,50.40092446482184,0.06667864644481832,50.984481098211376
43.0,14.0,73.00098206132624,69.71982695769152,1.0,4.055845845974039,74.81089962185072,0.16356990233600804,86.29344989508954
15.0,6.0,49.74302060469653,26.08726471230499,0.0,3.716689092695127,105.37493598286156,0.14667529371419485,38.482158223636816
43.0,37.0,38.795044429329316,98.26230806963964,0.0,-1.9782984664165915,115.77946965007662,0.024489083846857947,29.014746919473637
46.0,33.0,65.21996827457488,152.14094582038774,0.0,2.5078817645400067,58.88560806047375,0.07615202685980717,56.721451269231366
9.0,21.0,33.203975287081505,52.116130186603776,1.0,3.511034459651455,99.46530525677537,0.03641126936741343,27.142419293870773
29.0,23.0,43.311868880362525,51.785664127481105,1.0,1.7832620463126314,108.10263754069729,0.05887073768787712,41.01267919714317
24.0,36.0,71.94363422640762,189.97313519587505,1.0,-2.494382434320195,44.53759975160723,0.09136336336529136,102.39797435797641
38.0,0.0,63.4653404161589,191.2892081526438,0.0,4.538339718749583,14.49322043056399,0.11718007162358551,53.45059501228059
19.0,9.0,44.228660314849954,198.18848909169952,1.0,-0.4918058854132412,134.19985809666937,0.012606096322197006,44.64735498249799
4.0,15.0,32.88467014450144,163.45532429920823,0.0,-3.701944413341206,101.56739576723893,0.010903171578588115,23.70850123306706
0.0,7.0,41.35810344993419,45.75499214190965,0.0,-3.90222104942608,97.21656133144371,0.06142371679243811,32.2415730147597
29.0,24.0,37.04624895364598,50.276488951859655,0.0,1.4751898729904578,8.835377281796697,0.1977206055147219,26.510364668614653
48.0,11.0,30.565357276631236,74.64279588925447,0.0,-0.6229035358326085,122.68095862558897,0.017650052176525228,21.031346317415096
2.0,24.0,64.5999748139394,70.44518095336326,1.0,-4.055161248210364,84.90812341290797,0.11717751418668912,91.10197879288648
44.0,16.0,35.124193211010294,191.74027232482172,1.0,2.403645721560946,127.18266259763492,0.008931690287609274,29.94005608045752
13.0,25.0,47.25004821006583,159.92405674752177,1.0,2.993251672586197,146.18417756051423,0.017542767032449252,45.45039435970742
29.0,13.0,43.15156681016654,147.56167051069525,1.0,2.2541563078645135,143.5650481320363,0.015513243103080882,40.38344153066982
49.0,35.0,78.92464271813785,45.333012571045046,0.0,-2.977391223159871,128.41340195853113,0.1999957258208969,80.42882054107355
3.0,22.0,43.46553464889323,182.80985627884263,0.0,1.8977545599606938,1.642106074705335,0.09837098397654247,32.60903857133093
17.0,5.0,24.798948967805288,167.29537210617303,0.0,-4.892771971056149,132.85908123554347,0.004648117975195045,16.684742348015916
36.0,4.0,25.38954515432504,41.091949852305504,0.0,-1.9488786032159078,11.259347074146826,0.09780888100821108,16.81047999661742
24.0,24.0,55.445223281183885,175.52236307258477,0.0,-1.0117846859245627,127.67909552651508,0.02474388743064388,46.84200772349567
47.0,17.0,55.961813104295935,61.72703191038954,1.0,3.3524694888550153,42.02611029174355,0.16780792031529207,58.12512605535467
0.0,12.0,45.1255394289593,25.36525170810015,1.0,-1.0960562693059572,91.51025078000514,0.14201574944771117,46.766717400709
52.0,13.0,45.910621538721784,134.7962382376999,0.0,-4.887305538106017,5.710234672481951,0.12336957791209446,37.639968328603295
45.0,27.0,23.235954970452273,134.22288528302283,0.0,-1.476535881719906,115.6772544177342,0.006265517085748831,15.019525990512848
14.0,17.0,50.99279062335574,28.03708181746744,1.0,-0.010759016407128064,16.755918334945726,0.5119279299107292,54.729744797918606
8.0,27.0,50.284368522821104,70.58184369795065,1.0,4.490047866727735,61.603225751365784,0.09221673421910016,48.34730706480981
14.0,26.0,28.97295911341667,198.63474782855232,0.0,4.410343037895448,122.61690034879521,0.006210637747697592,19.026639926636566
48.0,31.0,26.230363166655653,138.90106673166,1.0,-3.1912596177858843,104.30234947625027,0.008517951448272332,22.311128989255387
23.0,8.0,27.41434943596943,148.71428165463254,1.0,-3.1485345826054845,0.9064045287100364,0.04751854129458561,23.726562111258666
3.0,39.0,26.06169478947551,50.45428426481808,0.0,-3.3661854353544953,60.45485018138233,0.036521910592729544,17.54920523558161
11.0,31.0,56.58249173220559,24.96859349074372,0.0,2.8892193241410324,6.289127544676204,1.0388163058609785,46.26633713207934
36.0,19.0,31.788959144175116,62.61132105077815,1.0,-4.939779596315937,101.02497912277038,0.027451570287218542,30.97276962922961
36.0,27.0,35.08580913124781,57.29069318670647,1.0,-3.728228018081227,145.34227376299822,0.027428995135807814,34.53945657432928
42.0,32.0,30.414328649086386,54.56337914213009,0.0,0.3795963164409899,98.28918934511388,0.030703869604352955,20.747484336577905
5.0,3.0,77.47011826691019,46.623321158537514,1.0,-2.524379331132345,33.65586466763337,0.4547440347420389,115.89055587186279
38.0,33.0,71.27704778911013,119.20358122452683,1.0,-4.076435417607379,53.284954809981016,0.124895479889906,107.3201434138631
45.0,2.0,33.82969024109125,72.33966040994613,1.0,-1.4012198766616568,146.49758334877015,0.01847258632699558,30.740595627250755
23.0,25.0,39.65397763532756,165.86555285903077,0.0,-2.2579239493975525,33.607861804852504,0.037009492774381675,29.95520743408335
10.0,7.0,32.59357053829983,44.95000939100296,1.0,0.11104306514284512,84.2293609581664,0.0440062562416675,28.1679580400001
12.0,5.0,49.512557567649424,98.27914346502345,1.0,4.792335938301958,60.068071302261714,0.05998925602725328,46.9791150172646
33.0,15.0,21.176631948455217,12.594988920955197,0.0,-3.7569536318508154,115.24729468923324,0.05340626765596972,13.606516788115247
24.0,23.0,60.28208053380774,101.51964126648649,0.0,-1.2727329516590569,130.10839079698306,0.04958757742282438,52.90579282625333
6.0,38.0,51.3894889890585,20.609261966530134,1.0,4.319850178724747,51.125591152544516,0.39205350120635396,50.1012404827974
51.0,29.0,73.9183356980662,195.76746725580227,0.0,3.7687304349382256,99.05945455490739,0.04985310952099634,66.97601761214352
3.0,12.0,29.86356105970485,160.21250444357844,0.0,-1.057289652157194,82.3571546276591,0.010747818923776868,20.485386642833262
7.0,4.0,68.2465547636679,103.12118056092652,1.0,1.989532645197365,41.76667350831501,0.13955712252533006,81.73265858657334
19.0,24.0,67.51766086800295,26.45159805407655,0.0,-4.121429864186545,40.791120421950254,0.5908086421340688,64.77910564874787
28.0,19.0,27.630871353013216,122.56463375017871,1.0,2.1254105554361513,80.79474712984559,0.012691663203380159,21.57161841899371
53.0,17.0,43.913553448647654,154.16511263335673,1.0,4.7285772948474145,23.10043102984497,0.05963868482239444,39.48302963389112
52.0,17.0,30.209158468671014,46.236278070901605,0.0,0.374881528341916,121.62148447237072,0.028631669829438666,20.571088241694678
50.0,1.0,35.28323002745294,117.95958474962326,1.0,-0.015097729655857428,10.350725880060303,0.06754021108659385,31.64044420221456
44.0,9.0,35.79477048983266,164.7000706927449,1.0,-3.1268138029808967,14.186172931247448,0.0453915230306193,34.956834621192215
45.0,11.0,53.37418364154637,155.9670777528001,1.0,1.3378819890729188,51.33394633909013,0.05145883673230085,56.69507962852868
9.0,12.0,44.68465590562793,162.56848339475906,1.0,0.9043728077891489,17.713763729570005,0.06458879726650263,43.81006335979425
42.0,10.0,76.86396824037831,177.07145072524676,1.0,1.5193305947575053,71.35500318832388,0.07304958428422725,100.14112041777238
33.0,18.0,27.58220851682031,188.15959941029934,0.0,-4.739167133152781,59.951383566280555,0.010366122491928876,19.067008315022992
25.0,34.0,78.42152809101192,87.04901948867183,0.0,0.48723488349073585,108.27146938285756,0.11852441859138803,75.93968257763302
40.0,38.0,33.838318412855834,118.06612947934669,1.0,0.9493484349737302,142.95062328145806,0.012953290669923722,29.203608902793164
48.0,25.0,66.37243618291119,160.22530994866605,1.0,-2.9246986458719784,113.03378771086889,0.04344699450084014,91.14657784962685
2.0,13.0,40.33819557036929,142.4565646496988,0.0,-2.9166714251146395,26.91729943209065,0.0483005478166647,30.851416261558782
5.0,23.0,28.584883725038836,199.148843370232,1.0,-2.237818314890502,140.32819281966044,0.005295057884528318,24.62757899515793
4.0,0.0,71.47335111477439,12.598753709882386,1.0,2.117215917272376,58.82001488296008,0.958717640324558,87.653469646573
4.0,21.0,38.53165395418779,77.47531091000023,1.0,1.0626606353237167,71.12840413903693,0.043168287762163,35.108775001720645
53.0,22.0,59.531324253610535,63.39530599133847,0.0,3.4576264611780463,63.23643560559533,0.14009318014983513,49.38442877466697
46.0,18.0,53.98662110519759,59.84001153145157,1.0,-2.043414281569018,42.082053493157844,0.1614170648031249,63.4599290734775
22.0,17.0,48.30537856345246,52.2806586747883,0.0,4.120680598883183,134.25664316962258,0.05888236642876306,36.862043748897484
48.0,11.0,49.74916835891234,144.7335297548935,1.0,2.4370616198335835,49.83582988449242,0.04926802526771999,49.66941429126196
8.0,27.0,63.93427484553725,26.104299922311153,1.0,-1.0498832998630303,86.78947045193196,0.30801443203141105,80.43479344739141
34.0,27.0,25.266374847406436,150.90567844923427,0.0,-4.04737934374544,36.00503765614953,0.01593816826378441,16.96751461993377
19.0,32.0,60.09083971747431,141.75090998309196,0.0,-2.4301633751251748,119.60630621552706,0.039016648862284356,53.41889180834089
48.0,18.0,73.74872608391472,57.652785175170315,1.0,4.567682172148503,116.12979892937798,0.1426601699364045,86.63057195786203
41.0,27.0,23.46729182119185,58.03841880138064,1.0,-1.8963662411592064,44.44682076705659,0.031098363230348723,18.56824913578412
34.0,36.0,28.439200354020006,129.48351121545542,1.0,-1.7009903985093555,102.23311097151804,0.011062397472498672,24.15005681531737
49.0,25.0,62.997916202121885,154.81251004189878,0.0,-3.10411068902283,105.58102996424246,0.04292087774839107,57.69705524634173
17.0,34.0,46.236898894677054,176.53226648659944,1.0,3.0685060113876537,84.37671241571493,0.024955930230901414,43.94967989503883
16.0,33.0,44.2129172488213,171.9065171323504,0.0,-2.2435576975772262,90.08975734075052,0.022148177380321724,34.692214633983866
23.0,34.0,28.21799807265415,193.3277688911321,1.0,-1.6974175163114436,86.16819574361936,0.008347273021551268,23.883672079688598
2.0,39.0,50.406202443067286,120.46313011393713,1.0,-0.8565189156837338,12.279660599226844,0.14262248952221712,55.02632426854589
31.0,15.0,27.592718671782634,182.64455665466832,1.0,-0.662717202253903,100.53980170706774,0.007010277309328449,22.643693334649967
34.0,37.0,48.597227378632425,163.61752191947804,1.0,-0.886592095849783,70.46625147580369,0.03463296043648966,52.063163900766526
37.0,12.0,65.8169179376994,179.9868486196626,1.0,0.03743695374728628,65.76859208121203,0.05640945027193782,81.49243190022116
12.0,22.0,35.49586147322981,12.20905424421966,1.0,3.145128796164033,128.9998828172701,0.1430733414384367,29.984287210058568
46.0,21.0,48.847170090783635,193.5215684545041,1.0,3.19285040742022,3.4840070191676564,0.1090314256101205,47.54851475256903
24.0,15.0,79.52095816381014,99.97073094083088,0.0,2.983131337633469,37.69723769381327,0.22163538554976367,75.1807974954512
8.0,27.0,61.19902540124224,161.65476801922014,1.0,-3.988751608835125,18.21052497641195,0.12736835824106846,83.15374188653253
3.0,34.0,70.48140627831191,34.16878267417837,1.0,2.996788032748141,5.301156691458864,1.2348058354996672,83.7963138471069
13.0,7.0,44.890856393632745,85.22880820465508,1.0,-3.7974822651342324,41.35154965139213,0.07495372663895024,50.38813525515565
36.0,21.0,66.07165538755132,61.57752597398827,1.0,-3.7527622994774203,148.27144091920164,0.08728949291395807,93.40071326744558
33.0,20.0,22.43055037647931,65.41516639517803,0.0,4.478627716349608,40.534375981136066,0.026218998763750275,13.932026019338272
10.0,25.0,27.3746709525347,33.41856779066753,0.0,3.1939784470554136,99.55587296936571,0.03914157648219932,17.862851485208864
40.0,39.0,32.18423557520373,163.09512818317134,1.0,0.5241046686800865,17.744833506108222,0.036714783027843874,27.43463416260432
2.0,20.0,44.11711547691317,11.75603977040485,1.0,3.749702044778621,90.2771445070845,0.306758923630526,40.478964554827016
27.0,24.0,70.7446926995458,69.37603682718847,0.0,4.893646425518629,147.672222470747,0.08982325174164829,62.128954576542554
28.0,0.0,40.77596304727583,43.13800321111886,0.0,1.1064206663177756,43.7756285190698,0.11514853333034705,30.157544447286128
8.0,5.0,59.27727161092777,121.9173987155847,0.0,1.1289843698151802,127.21134245633742,0.037580289233962595,50.27283124354128
2.0,22.0,62.558857688209,58.30795649676333,1.0,2.54427029159928,149.63570705498032,0.08148320743053797,70.30039834650067
24.0,22.0,55.17094124530048,59.209706360338934,0.0,-2.6786104763466723,88.2831133081116,0.09839196462397026,47.4301645919784
33.0,22.0,41.43451809020817,102.78424735911055,0.0,-3.3287513848120067,46.41016506420531,0.05224103508451828,32.12549670220716
11.0,31.0,54.62320050281266,134.01091747477588,1.0,2.595807500150725,101.02968898487343,0.03918023719668401,56.99293768497091
41.0,29.0,40.535935567384776,33.04789386738109,1.0,-1.5509520500589768,126.72723094029281,0.07198578578128835,40.27929299247503
8.0,12.0,25.032424313120725,43.34717596844427,1.0,-3.64929643694066,25.702536444296747,0.06269528249575816,21.12614121395753
14.0,17.0,79.56823869116086,56.963201472958346,0.0,-1.8512227408225024,67.877364576218,0.25660163992691487,80.09411718938252
39.0,22.0,27.630947217950656,195.0121606824125,0.0,-1.4136313212542462,47.87815651857614,0.011996088601401408,18.61704627983614
24.0,14.0,24.340903030163442,85.45897498915487,0.0,4.6522765950569065,42.50384954435698,0.022340033644237287,15.35632399436017
4.0,32.0,72.71184495242936,123.80811721989504,0.0,1.979597110879232,129.12318911102588,0.061141788953762884,66.72923186014748
10.0,20.0,38.110079653573706,55.8931344160358,1.0,0.30856317399733935,63.24810102327578,0.06396259657974204,35.12726505362201
33.0,38.0,59.01781844441046,103.1873097799227,0.0,4.688731386826049,50.86145127058692,0.1036724190922748,48.22181165198313
23.0,22.0,39.74034377973397,24.08264313333203,1.0,4.031397404741806,90.52658121390205,0.12293431968020402,34.6413955025966
14.0,26.0,43.48725624766827,16.60100772524212,0.0,0.12000856614159727,32.91023694560719,0.4512597151782078,33.148999769826624
37.0,17.0,35.72677832100779,99.05937009607743,0.0,4.056796353769807,34.484023585211844,0.048373396264740534,24.826363866335477
7.0,23.0,40.582640347580615,85.74526462849829,0.0,-0.9569534193734341,78.04330963072569,0.040559045417933204,30.518821260561857
4.0,39.0,44.642024035192584,36.00726074144726,1.0,-2.695793346433754,61.39090929692762,0.14842791286375187,48.19499480938683
47.0,6.0,63.224964145540575,140.6442714949394,0.0,-2.6732182317791486,44.24735758834867,0.08741223806247686,57.669991425249975
25.0,19.0,50.69217165408751,198.65166327086024,1.0,1.6231552444212671,8.09266984111533,0.0944775217825678,52.05762976790636
17.0,26.0,76.61391302941861,85.17289602737537,1.0,0.010703207072770837,78.11613579577823,0.14730262740005928,104.22609225547725
5.0,5.0,22.51282363032653,128.66614082430496,1.0,1.589508470054467,122.49138084016126,0.005293232054772815,16.532988976530508
36.0,26.0,50.18409935792169,192.9654290492523,1.0,1.8607596426216988,127.70658079290868,0.01859376452927028,50.98673700122717
47.0,8.0,55.053487329903085,167.99164476490628,0.0,-4.776771271022824,35.31599695891203,0.06491484036289137,48.570093771547135
12.0,30.0,75.21181916445643,98.07492242751029,0.0,-4.459604076520977,89.94618059212326,0.11138550427455679,76.49845208548982
27.0,20.0,22.949511417285656,150.1230020473847,1.0,0.326777265912499,128.38219641944104,0.004870924615815711,17.29786398909485
4.0,25.0,54.40997509611296,34.345657647599566,1.0,-3.089645222399231,61.308889241439715,0.2209127285143845,66.5352927482045
12.0,39.0,71.21779571167743,107.29973253812184,0.0,1.3253376880443968,139.82052259612928,0.06455117039002255,65.24154636834989
16.0,12.0,34.515663687154195,63.02145266418794,0.0,0.5218573917064806,135.44677936943293,0.024209412165044113,24.36622791790433
49.0,22.0,72.57754091143624,40.62110070027061,1.0,0.8576035837089124,31.22008461282141,0.5276747812813016,93.04902947026378
39.0,19.0,21.14260455645751,90.99337218836162,0.0,-1.9754462016898933,38.84472493503057,0.01719889719088829,13.427439452316403
44.0,36.0,63.94727774802378,34.89276534238674,0.0,1.3984350627789666,27.066299796895333,0.5391768142630453,55.819594741544606
31.0,27.0,75.98679327011918,142.80717055315225,0.0,3.2949263648502303,29.408152718205343,0.17258920403294437,70.08580669424475
28.0,16.0,59.431859698403734,96.68560837013375,1.0,4.980712535922372,136.1793130760247,0.04753455569817931,61.49232901386019
50.0,27.0,46.34175463882688,110.91748018728613,1.0,3.3844438617221426,139.67068637889344,0.0256435610851926,43.81377249519974
2.0,1.0,22.69286098836308,37.81142834694983,1.0,0.5749875967994744,7.784586177769643,0.09165830619715387,16.971512496880557
39.0,24.0,75.20682879935772,36.55661560776395,1.0,-3.0657040832004343,89.04050335083072,0.2969443038081747,112.6395481807534
33.0,5.0,48.21777336149449,120.84893269942357,1.0,1.8144587611982088,84.63473442863574,0.03591448364316071,48.06476949465538
39.0,10.0,21.73980466015688,197.1518520875948,0.0,4.376537855579782,58.582147008668976,0.0060934843724365076,13.42820182537604
26.0,37.0,61.389264279725715,28.287610815167866,0.0,-2.8813346026769757,94.75463892346605,0.25196818157652584,55.41013250830834
12.0,5.0,48.91023521457549,64.28897142749844,0.0,-2.440043794734229,142.10517382662752,0.04420074957932094,39.944342766649406
44.0,10.0,27.460719046544643,175.19723214219863,1.0,-3.5099145658834887,25.538232408321925,0.01892109890597623,24.00407769292098
32.0,13.0,32.856308558615574,23.73168232849502,0.0,2.367216436264017,18.061636457468346,0.2406254933359121,22.56919986041746
5.0,1.0,23.869440827350775,176.41828705972074,1.0,-0.9343849657634073,5.008585624346351,0.02422249063554093,18.64957628356767
23.0,39.0,54.45761238251441,109.61433684120273,1.0,-4.3730436111361595,54.574996176021514,0.07917175326598021,69.86832429798174
18.0,2.0,57.32176875512055,87.57068704602091,1.0,3.7494999149028017,50.64427156167991,0.10131942348334616,59.75855560106832
15.0,34.0,50.34453790132666,68.83930722677661,1.0,0.5767190470256667,64.62295322379659,0.09357283169703387,52.85561718561311
39.0,32.0,69.0261279801569,66.45226004428996,1.0,-1.6890570799964422,75.49650463214235,0.16081093464153573,92.97577213408267
27.0,23.0,71.66052927848082,68.10249066540096,1.0,-1.5601702393890304,113.6735991045682,0.11738347377716024,98.40111530142674
32.0,18.0,56.9374638009876,178.1125853824372,0.0,-2.097487798090932,58.817008568627756,0.04732149805839779,49.2544846747592
47.0,17.0,20.765388782445832,147.52109373320926,1.0,-0.44519827607358176,49.59196640418504,0.00861679468515406,15.337863412672567
40.0,23.0,61.713779344864136,137.2473714879186,0.0,-1.6295831151185503,124.03182303894404,0.040204576444688965,54.95503926146735
12.0,34.0,45.07995301522109,161.76233830088015,1.0,0.479463040706094,127.46950059804846,0.018317804367201485,44.84143119395965
42.0,0.0,53.93344899358322,58.851785970787546,0.0,2.7351725227129418,34.91489464400298,0.17324801430450265,43.36120129348299
44.0,35.0,58.944836121133065,127.42813429553358,1.0,1.744612834443735,47.20077340669625,0.0876308888185002,65.38776448246128
24.0,24.0,41.014196859624604,97.41258540201068,1.0,-2.0554310724588287,123.76745563651325,0.02506016379444628,41.568238546704166
52.0,33.0,75.02591031030765,158.66391068803674,0.0,0.2874101153977926,11.911236644664724,0.23895442065120906,71.30904363201358
41.0,24.0,28.03849200498687,68.75866098992424,1.0,3.401261599122508,48.87701705861068,0.03475235471427869,21.570557920875423
35.0,15.0,60.290708436862246,132.2039372052802,1.0,-4.317937652572745,67.25251605612918,0.06397320444659457,82.2243605443488
26.0,33.0,20.261574797394825,177.62035824528957,0.0,-4.217027330130953,28.060742280085655,0.01031965546301635,12.932473947514943
37.0,28.0,75.47906632431085,86.40859047703646,0.0,0.5617006804975344,26.987129491604726,0.29708062714030165,71.69691475563283
6.0,18.0,26.75024799428549,22.658196599817675,1.0,1.3911512838980322,63.72930870202931,0.07657744961337722,20.893936667831
4.0,22.0,25.69305380885448,108.04965624494062,0.0,-2.885869842240959,113.17825871022835,0.00945343652041953,17.176383152942844
42.0,18.0,39.980457983134656,75.73477268333492,0.0,2.4522012669151803,126.03494693214411,0.029702995620492507,29.063583677740105
44.0,24.0,42.413977162344835,137.72282230396326,1.0,1.4626337704072745,146.885263880426,0.016394899015324423,40.0463211654745
50.0,15.0,32.85800433937272,190.69625570223516,0.0,4.2328926823628645,11.097607513757858,0.03714532085250985,22.29351886639459
30.0,8.0,55.10729965562748,102.26558041940093,1.0,-3.3104579814146327,32.502330171898905,0.11162545815360578,68.43240113814767
22.0,0.0,46.57484588251781,98.57614372955143,0.0,2.5137426535801066,113.49447635762967,0.03125343768301853,35.58164842334998
41.0,18.0,22.050535342465245,134.37111203637744,1.0,-4.16356909416733,81.08980590834928,0.00735460637652432,17.923455989232146
9.0,32.0,39.179123735318036,29.66452568277786,1.0,0.652924095178975,49.151966094362734,0.15985079705521305,36.293615991517896
31.0,33.0,68.62597481439023,58.16617589575278,1.0,0.5189513949914581,30.838449187086532,0.34187440264562285,85.89625559150323
42.0,15.0,61.38209209171212,184.60607184507572,0.0,-1.1161495535325938,42.07163274636721,0.0669140086651008,54.19183989469974
52.0,39.0,63.49225121479283,137.28909653911558,1.0,3.4457114766856725,64.39334254514279,0.0759123765083473,70.39434519927602
29.0,17.0,61.887015445011414,12.55436835684909,0.0,-4.956293552139877,26.57268292590491,1.3363603543275513,57.684085332349625
38.0,33.0,38.658381282982,48.878839786213774,1.0,0.20179401898520744,144.6338933815126,0.0398839932781745,35.95439142879613
30.0,24.0,25.979835324606555,139.73908054549082,1.0,-2.828464501648126,16.138266689981158,0.027921031443542615,21.820487014190185
17.0,5.0,36.34803104198576,155.2358484868891,1.0,2.434986191164329,147.83661517338285,0.00980096443517264,31.41107180737292
35.0,20.0,69.90711801110956,169.57331880806797,0.0,-4.569325736939028,126.28399290010088,0.04067586398740217,68.6669500976304
1.0,5.0,78.82824786698427,65.51359264258852,1.0,3.3155468818157763,63.47274262706086,0.21681943139265084,99.3203673967017
13.0,31.0,49.63082088449368,186.8954332927369,1.0,3.380922267069515,110.97245015823152,0.02143724764753767,48.49608408104321
12.0,38.0,20.582021295382532,115.05990977979955,0.0,3.3286601240350286,100.7272865544579,0.006636566670255921,12.643565251318474
28.0,30.0,28.402688728053743,142.34241425369964,1.0,-3.4743147326733013,31.993037692339644,0.023189109620882543,25.168284688456126
11.0,9.0,39.32483451897595,123.38038392818251,1.0,1.304065185610449,50.86051291784196,0.03466473530394899,35.97773930707724
38.0,29.0,54.71512091557698,33.32061038817789,0.0,-4.856326408166104,76.96838442081868,0.1967626145571204,48.194474752089434
1.0,17.0,24.505618748318838,192.99178528312717,0.0,3.479625912891998,95.67662698315904,0.005427069120548728,15.5753969527352
31.0,23.0,76.6014379225929,33.346360179889004,0.0,2.229751935086205,81.43424720349323,0.3613165270908396,71.79655735687972
12.0,8.0,41.90502039706404,58.42757171812489,1.0,0.31153730899252663,70.94811915097107,0.06451647969205472,40.38216023419153
45.0,30.0,74.75505307548939,164.58929724236623,0.0,2.3059143309661714,66.47284101823503,0.08367883794758786,69.21654365278154
26.0,14.0,66.8313081654213,127.53342268520927,1.0,-4.056759033482278,74.73967489425269,0.07451521128071356,96.35625335482105
48.0,3.0,65.32623635093486,169.24834142150783,1.0,0.286558321768563,65.15272797689555,0.057889191269402486,79.93916685875071
40.0,39.0,56.40317478693392,107.98987579106853,0.0,-2.0872350818355456,81.19951163185739,0.06351827762987827,48.59311544599953
16.0,8.0,57.60702902311068,81.62871471966062,0.0,4.7261946322297295,133.19779485700002,0.05194430030800718,46.61644718647778
39.0,8.0,58.28019411297489,185.15064491407915,1.0,3.5711795062390173,94.92439695819175,0.031650187438728036,61.52996106542892
30.0,25.0,57.72328322153493,16.887940327811023,0.0,2.332756958339769,108.39313124828102,0.3220348836091915,47.83243310421621
33.0,3.0,53.223693883901674,172.6647418670787,0.0,4.337476352497319,89.62247005961649,0.02899376464885297,41.960144848058206
23.0,16.0,79.18484110897333,53.85537918567851,1.0,-1.5315669543452626,96.45265236210034,0.20279138320390705,115.87483624890749
44.0,15.0,63.937434045541764,171.25990227325389,0.0,4.008798989881813,86.75247426722703,0.04553415530844713,54.29543917529269
34.0,14.0,66.61678330355127,36.447356549208266,0.0,-1.7476176789328968,4.029978329373479,1.024654244001817,61.481178829666696
47.0,34.0,72.34776890502044,120.2416031012027,0.0,2.32796719691153,149.93975733000298,0.055185873168277784,65.97869302874287
5.0,4.0,32.93838576355095,178.74050461217968,1.0,2.364169117764491,5.041386031934502,0.0461805186860891,27.37370761551285
18.0,4.0,25.02824954570365,99.9725329107892,0.0,-4.816501235459065,59.27220123504806,0.01521902306456364,16.868660850336607
29.0,19.0,48.97366619591592,151.84766802264465,0.0,-1.3894030172180483,15.767351744840013,0.09071801633979817,39.56065683318624
6.0,14.0,50.844841737156386,162.8876073925561,1.0,-4.805673275915021,14.539267566139868,0.09176473070387335,63.654316326259064
9.0,17.0,69.75090679699507,149.93389965618803,1.0,4.970920176102486,119.02904275117254,0.04725560386156311,78.66161460365555
40.0,1.0,46.62701475694014,185.81265000617367,1.0,-3.77803238170762,63.888866903711545,0.026921597026931008,53.423188425683655
31.0,28.0,54.25118153265876,94.89850379878645,1.0,0.4281089564810936,120.17080624481473,0.04680636569291128,59.505252457348824
33.0,12.0,51.624256310807496,42.8938334413796,0.0,2.9055623876263725,40.917970602124726,0.20468242772827547,40.76888097033385
27.0,3.0,22.29216702544346,19.08410210347116,1.0,-2.9873639773910754,38.469418770935214,0.08592714006448039,17.708388184683336
14.0,9.0,56.91289379581484,56.82737523112597,1.0,-0.1494733190452735,37.68470727216932,0.19401287851720386,65.1254014814412
29.0,30.0,69.68259714645514,37.207525737246,0.0,1.0742876092115083,92.42184396118789,0.24697936536437148,63.39612500868118
36.0,7.0,29.45003288454823,116.01026087255129,1.0,-3.397952456044546,122.24990847684,0.0103651517039337,26.461411498507378
28.0,2.0,55.659904035595744,45.13961407022908,1.0,2.785554599115385,67.83915151128609,0.15020232313821671,58.39205307600861
21.0,8.0,55.61663266678486,17.397404384980526,0.0,-2.006635428106347,56.88733359616236,0.4540400830728388,47.589678460107166
3.0,29.0,29.851097843381524,16.838067485046892,1.0,-2.889769236611597,146.0369331302474,0.06735683378748739,26.625634564234918
19.0,10.0,27.40781442384416,167.9982046893237,1.0,0.5828874643741688,17.513105401745822,0.023572596158693813,21.906154541048522
31.0,34.0,78.80311657858908,122.37548697417472,0.0,-0.8968637235706212,72.99490230673388,0.11746533061248049,77.90122074668747
35.0,36.0,43.623150179182254,78.03620735974185,0.0,4.202859446364178,61.27316297721516,0.06495618267612623,32.15585255401558
49.0,12.0,33.64530372341176,179.9033281206469,0.0,3.80062698198154,14.718989488033557,0.03660291652563708,23.036642318100007
3.0,35.0,30.279472667262496,23.337356167465586,0.0,-0.16649336611116783,40.23005431323288,0.14061897544174914,20.711916461619975
26.0,12.0,60.056102814994105,196.26119381828693,0.0,-1.4073622527440244,4.266181886866804,0.15150695072974904,52.70738150948803
16.0,11.0,56.56671783963673,127.09544014834759,0.0,-1.7448201836873478,131.54314334744356,0.032937054372072956,48.59524252720462
11.0,36.0,58.61312737924505,44.858208254081205,0.0,-2.3243637691849264,91.17742934856017,0.1490189919799472,51.47710300197174
21.0,9.0,25.280361650687134,139.02312880562403,0.0,0.4454785371247727,122.25277468053761,0.006371715173997646,16.461251313779133
16.0,8.0,73.61207500990622,155.0424393588769,0.0,3.0497860473454352,78.23316786044848,0.06964208984406013,67.10769477587344
9.0,6.0,43.355983808542895,91.57512884044715,0.0,-1.8924339179644223,89.92647441328415,0.03604406610159195,33.6602297589283
53.0,1.0,38.80216438582148,173.710195186654,0.0,-3.0990591031191848,105.12817167137473,0.01347789603047548,29.338300425702265
0.0,22.0,47.74168683486435,38.63915738632936,0.0,-0.24516193816713217,136.20174411963225,0.07771979185159716,37.75266770685485
21.0,38.0,43.40396394485769,62.979140879745586,1.0,-4.309655832023335,13.762783173876864,0.19281338204225146,48.67880293354894
25.0,39.0,71.81462018834875,27.763548700958054,0.0,2.0127900612970686,49.642259210359036,0.5820817156963736,65.51058103000666
17.0,38.0,75.75565851187352,50.06678971539691,0.0,0.183582663019336,106.35392860500008,0.19742305654662595,72.43015034585517
49.0,20.0,38.207192986976374,55.35847426311756,0.0,-0.036251920271458404,143.75258445020893,0.03336318276387695,27.94448379812904
13.0,22.0,71.83614844759728,184.35030627512492,0.0,-1.9955462044997752,147.1211142735008,0.0346104836296097,68.9091184758719
46.0,28.0,66.89138777198403,24.840840862719677,0.0,4.046734375317367,95.71545137058935,0.32993994582884306,57.86053239846183
28.0,13.0,75.8484603406857,91.20887283566479,1.0,-4.095137081504473,29.03977166323009,0.2585207726367846,119.19107731885906
11.0,25.0,34.74501873115327,111.15575057311347,1.0,3.698240088870314,17.88133671209351,0.05984494292538389,28.822729148829186
35.0,4.0,54.617549007258745,180.75168022241056,1.0,-1.2329479758407735,141.9065466420638,0.019854411784215622,63.0240948586437
34.0,30.0,36.472675084426676,199.56228154563055,1.0,3.806235159750223,65.08915341937612,0.016676825153963785,30.796224935801096
51.0,24.0,69.44566942906245,153.1437418347688,0.0,2.287614583323836,29.222404989402722,0.1341755532350009,62.2125474778525
11.0,30.0,20.319451434263854,194.4502882081156,1.0,-3.9582927333796167,140.08387736664017,0.002815817743237885,15.942226159104123
6.0,19.0,53.88914977318377,159.549215181816,1.0,3.3153628650935363,15.678640734646782,0.10398509450212351,54.94176421461014
28.0,16.0,40.35220587631508,193.00850178456915,0.0,1.821768336995051,109.43566452856126,0.013245254437377415,29.56834705048749
10.0,1.0,39.361022424669216,144.3814379294465,1.0,-4.676980870846515,93.78945413150012,0.0177751405285046,42.399394109545064
32.0,24.0,58.694379431895015,25.155050835703502,1.0,-3.6629731789033,13.160199657133775,0.863120862765686,76.72234057937933
5.0,12.0,71.08906695883964,86.36483552860854,0.0,1.3562805583569515,50.81231934591632,0.16350553032665427,65.04647233390645
46.0,38.0,56.551723483599574,132.85348392246937,0.0,1.6260050288028494,22.489603431001598,0.12330725112507145,46.8158869722475
14.0,27.0,71.19037871880334,76.63651679630769,1.0,2.4665143283759505,90.67478887997419,0.12566001820087006,86.30158347272547
31.0,5.0,35.875826712861794,61.94294444161793,0.0,2.202454007749819,71.56695475161432,0.04427092677469313,25.290188260886865
50.0,2.0,51.17011128589887,119.70586075528729,1.0,1.5951995466995494,0.6412686990736438,0.2066183787031327,52.83783553740565
10.0,34.0,47.03219234402456,187.36535657346263,0.0,2.662389017464225,146.3565849425862,0.015257737539198814,36.006162443633016
22.0,17.0,20.698693970185772,16.646555968069176,1.0,0.7508570589237284,52.43769748343106,0.07230628639286145,14.989676722209685
25.0,10.0,53.408728588444404,156.15392867287315,1.0,-2.392086144755451,38.7306589255575,0.06170981417712543,63.10016510346411
33.0,19.0,59.691459448770495,147.31818282847914,1.0,4.123766137307182,33.3664433691154,0.09321224910721992,63.0433741127237
45.0,4.0,55.514864265144205,193.15115082377454,0.0,-4.817859690680221,23.822384426035175,0.07133408737998562,49.18228436039773
33.0,18.0,64.17679392700529,186.83513224318327,0.0,-1.3343828012850978,149.87056143247648,0.026600511874114965,57.93407261100918
28.0,21.0,54.28037170718463,154.82418678839664,1.0,2.2887029309716334,44.26642018224073,0.061227275563946,56.85370843080405
3.0,18.0,24.005015291045414,108.87766528969375,0.0,-0.7284395885032569,60.82702458364225,0.013277356452683553,15.558541056859017
16.0,15.0,26.986731445082686,48.81083511436877,0.0,-4.751655925199857,130.70338742671333,0.019948154964611445,18.545879404582045
34.0,23.0,55.78847465263714,113.59478648185913,1.0,-4.340190968837868,96.28312553143172,0.04910712472411143,72.54916106179752
12.0,3.0,36.49875151841841,155.4168788447342,0.0,1.4863736913828862,55.30416176179088,0.02170922598213544,26.000037213181287
40.0,14.0,24.77870774208595,180.1771504011997,0.0,4.6486459940529965,134.74926538857795,0.004462999551161944,15.691149590515403
38.0,24.0,45.77616460691281,160.04528175000434,1.0,0.5186363583449893,112.45863033204002,0.02068176461653162,45.839909043900406
14.0,34.0,53.259355885019325,47.10071768630026,1.0,0.06757818023769069,34.18507613125495,0.2390158741178474,58.39539809076237
54.0,13.0,39.724759300976395,123.94039970333128,0.0,-1.8167478694373274,96.56084918998806,0.022172437528987173,29.90004118282498
28.0,18.0,63.22602213354668,73.11295731095784,0.0,-2.4330932613393683,138.3597747438602,0.070661059146094,57.491268027575934
28.0,37.0,58.62623648607468,11.749076804222168,0.0,-4.790150182437153,74.46913176756188,0.6720971132678426,53.18625944540105
10.0,35.0,39.96910166550032,48.04197779984655,1.0,-2.2704513235952883,110.04186042475007,0.05514621203787459,40.22824046078216
51.0,6.0,65.29235173451363,31.51192348735536,0.0,-0.5088955913474758,145.66556159837387,0.1616719370373417,58.79684110030045
31.0,29.0,58.92170255198213,170.11663347249902,0.0,-3.0205021695104985,103.56212113428194,0.035044756218245106,52.3222333599584
1.0,18.0,58.24672272307412,59.11618790808428,0.0,-4.126520115185707,15.365803464912092,0.32876209104554,52.213203954572165
46.0,24.0,53.20566204722408,64.09261408863554,0.0,2.177278672546026,36.6839326396934,0.16327414862238945,42.78405156431971
13.0,15.0,20.683380085313168,192.387948641788,0.0,3.9462026906806713,89.26446560139735,0.0040949120743128545,12.681713400062243
19.0,39.0,61.790431008613346,82.02647737928191,0.0,4.367720696870856,41.333372305785915,0.16562309218905383,51.566863241517154
21.0,7.0,42.56250746654939,11.821271627434966,1.0,1.1799872849698934,143.63125580837098,0.1831077621231701,40.505434105778974
10.0,17.0,76.55658260951934,63.93076818576594,1.0,-4.4722541740071815,60.802805103326065,0.22981071510956072,123.08588521497578
26.0,27.0,69.07908626463232,32.66692031434437,1.0,2.408626299617734,68.58456085985476,0.347510461127378,82.40619364845156
2.0,15.0,55.26166817187873,29.53362672981225,0.0,-3.8990469473811364,105.24031402051759,0.1652433582416137,48.27216765369347
16.0,18.0,35.130918909156165,24.722585125792406,0.0,1.6974811768782394,78.63745970128112,0.10315204356110183,24.707118009178366
43.0,16.0,32.22304359665999,122.71929933332169,1.0,2.7936583574787575,57.32189503331525,0.022349789076357162,26.35098050473767
27.0,12.0,40.42309026065295,45.97606748967314,1.0,2.2586471082647277,11.495681273186815,0.22585558053935795,36.71265115972828
28.0,6.0,48.59407661480111,78.63613086779199,1.0,4.5188380576113065,89.46683842617958,0.053641465667108215,45.94277808197953
20.0,26.0,37.76393060233683,173.7833660647032,1.0,2.381462844673897,130.1370046191052,0.011469588610484745,33.2045252259035
46.0,9.0,50.895769723548966,90.62424656129238,1.0,1.932097779818085,102.86436626400842,0.04644685332742603,51.995700874561805
15.0,33.0,29.922225530791156,183.98135650981115,0.0,-2.382568278168976,57.22425150704283,0.01351154693940017,20.748733080520495
36.0,35.0,78.66276876952999,104.6082301451652,0.0,4.247686864359017,19.15890969346941,0.3261485305058951,72.93086867752154
19.0,24.0,26.475473297899633,85.77895681955358,0.0,-3.2045612920583313,122.45072803563659,0.011954905789640754,17.87849159267335
5.0,5.0,75.91664837926233,152.5738961472333,0.0,4.048966114731264,141.2622543346807,0.044851291728600015,69.4042154914468
18.0,23.0,74.8146806841617,23.903268765920398,0.0,-1.8733745665408963,58.24094861943971,0.6214363377696532,73.06716049300407
4.0,17.0,51.521628909169884,27.000892766659305,1.0,-3.6983640612233124,109.29632837760923,0.1536130896774127,62.34384469549124
2.0,22.0,63.494616310165064,133.87500564536253,1.0,3.266830272711707,61.61451598361335,0.07598755749615504,70.69585908432269
0.0,5.0,46.16289787835527,102.51873551545717,0.0,-4.975045463991709,75.34004082782991,0.04156516956041345,37.968619062583905
37.0,28.0,57.80207465254629,160.17889756064994,1.0,3.320883176808307,125.47145709246146,0.03035714271854387,61.103991685425896
14.0,24.0,40.434556245267125,184.09145909527098,0.0,-2.3768815795402407,12.513651331673037,0.056858714122923946,30.78415493797872
33.0,16.0,38.069541187126724,83.78970675759403,0.0,3.847212727556213,79.55030231800576,0.03537112485164578,26.98138539892843
34.0,23.0,54.69378717017082,123.31790505108279,1.0,1.9147918224157912,32.19304120068337,0.09686522224393809,58.028901785359906
48.0,10.0,49.88778045103882,105.13235928110888,0.0,1.6618333285059006,50.97089182436436,0.06688387149002695,39.358620721478395
24.0,25.0,54.772182148998866,196.50602457206224,0.0,-1.3468043683515663,96.66432369634114,0.02739163988007777,46.21834437738214
23.0,33.0,37.19963487722138,167.9060373977531,0.0,-4.40597026109229,4.0842618505272545,0.07341521161801143,28.09836277175217
11.0,27.0,42.01746990901972,183.2301645726972,1.0,3.300730982055773,89.07376484597441,0.018566839761274333,38.03990325511374
17.0,2.0,25.03387763773456,58.3246166397448,1.0,-3.29096204823472,42.51633591806245,0.03275988261047148,20.9430738136191
14.0,10.0,23.136582336332342,156.78002040089294,0.0,-1.2774135810524778,100.42265412121083,0.005591158029145917,14.922124121681572
43.0,37.0,35.207427780380975,60.439912749553294,0.0,1.0035468550908178,21.237202786958132,0.10796840038581365,24.90673013627619
15.0,13.0,24.454811559832745,49.66108135139408,1.0,-0.17746261439378297,110.37174057242679,0.018454484448891823,19.007207264739666
26.0,25.0,26.226482518084442,189.41057033455465,1.0,-3.0133936482868195,96.84595796444673,0.006507985931994052,22.210210713395192
7.0,20.0,68.77570432363622,13.667839176394663,1.0,-3.593836431177161,145.68627493205267,0.4275704465153045,99.16051265756579
45.0,38.0,22.332421821001358,193.42385369605162,1.0,-3.7675372774970937,136.6853044887222,0.003581661098373882,18.068947565931285
24.0,29.0,59.53656763608456,38.35976042787318,0.0,3.630078814992009,42.49542947995535,0.3134414809900411,49.30740695017357
16.0,7.0,36.35346492892403,165.69323554072096,0.0,-4.684404509386663,4.097485908815546,0.06450455327561484,27.32616429298308
28.0,19.0,72.29274084248759,62.42528508293959,0.0,4.7701425959989425,98.30528416676367,0.14533062866032428,64.169477984553
52.0,31.0,49.09953707464997,76.6334422118382,1.0,-3.014713096145859,90.43310835070088,0.060909962082819666,56.43614471523116
7.0,21.0,38.334587559669544,51.18396515117714,1.0,-3.8967770312092185,4.11431531496691,0.24465723978827197,39.6698569370224
14.0,6.0,51.05833614136607,121.24766807140513,0.0,0.7697165477679513,18.4016293803889,0.10847573200961132,40.982815522090185
26.0,8.0,42.91748114271613,76.13815402649608,1.0,-4.2001404205930335,87.70525568039784,0.044230257646242825,47.65092618315457
45.0,0.0,53.85806388018981,134.90467750398602,0.0,1.0245326316359493,136.77408960652377,0.026452444157695952,44.00938475359365
49.0,28.0,26.871972099580894,12.972990408992535,1.0,3.506266448136132,135.97504147701105,0.07566800600382136,20.341015092455837
51.0,7.0,79.81943016875306,22.231227867857527,0.0,-4.521019785325752,22.722758191811227,1.3327706414386364,83.79622323163619
6.0,3.0,45.53335266180305,28.935619018937242,0.0,2.9986860452854414,57.68609196078744,0.1749851581426803,34.375284673019124
2.0,34.0,40.89383838244212,89.6088002089439,0.0,-1.0552255901788132,6.480429652826103,0.15143570625715805,30.86008680148195
28.0,2.0,62.612590898975895,164.81127280539545,0.0,-3.4050936616879,70.39077695443936,0.05058829410140788,57.41585606528158
43.0,39.0,41.83396438971995,178.7538029718927,1.0,-3.2390351973254097,112.96251895098085,0.016066334571516988,44.374512115783844
52.0,6.0,69.99645830172545,56.51404061157115,0.0,4.187645436942262,118.49590670484172,0.12398865642199626,61.64094709364932
23.0,26.0,47.256243461625516,119.13024760541266,0.0,-3.8939424805933553,74.84841998948595,0.04149544113661138,38.719932823725834
2.0,0.0,63.17350479592609,155.9893486115941,0.0,3.6678278711565704,14.380451206232758,0.13838362592710524,53.565600220556306
19.0,26.0,26.447192986513194,64.87759168472566,0.0,0.4424462098361459,57.20459627723496,0.029297289966642066,17.405871623869693
45.0,15.0,70.76715113330671,87.71146997989192,1.0,-4.609438211835609,139.81529399615465,0.0727764673558303,108.49754068104431
14.0,37.0,64.1430792066866,109.55509851028565,0.0,-0.35523854282661693,34.441883477957205,0.14968198388340884,57.20456332602008
24.0,6.0,32.70300670771794,35.62622081752906,0.0,3.1744951447630063,47.96316748690897,0.08615677494625684,22.313581184533284
29.0,22.0,28.717160584747198,14.93663580789826,1.0,2.262027876391004,112.02407631946063,0.08677831673308495,22.68524595131074
13.0,10.0,38.97754092353746,39.033103770473815,0.0,-0.11217582315282137,110.03711833289073,0.0589892668945187,28.708572725422698
6.0,32.0,78.56423516191425,129.10218803817133,0.0,3.6004987969621705,136.83034320373986,0.06510280463673132,73.33100262241575
16.0,35.0,35.40989447402352,23.987469691399518,0.0,-3.796352382197703,58.217803608056315,0.1441642356166026,26.153789901511274
43.0,36.0,47.367632536798,46.04230932152438,0.0,4.099410533923688,77.18980858114368,0.10856930084549832,35.910829163656686
19.0,16.0,21.801213543040177,74.19223828210771,1.0,3.464412084833488,70.10886918307165,0.014397833133835315,15.453659793712283
35.0,34.0,43.833651773973955,24.795312218209602,1.0,2.0827682565723604,139.16282565336797,0.10482697781764087,41.474223689120265
8.0,4.0,54.27920092598617,46.42286152071054,1.0,3.178877421287493,115.39958832369521,0.08953265594453795,55.7109262192184
37.0,31.0,77.18747675047791,183.1412599068671,1.0,0.43815506842665997,124.71626697507723,0.048005516840065175,104.10781349358679
47.0,2.0,51.00416269640387,13.666835123127104,1.0,1.7516242909766688,19.964740324411633,0.9270414221422727,52.38398243213619
21.0,34.0,69.14643957066127,134.1520655931288,1.0,0.605980707077789,118.77700393022398,0.055252814740409835,86.72125106386878
53.0,13.0,52.82765855413403,83.03769687388514,0.0,-1.4457146949205069,64.94681490862455,0.08028086337569491,43.981088123752116
52.0,30.0,22.447100806131086,137.8032604921505,0.0,0.6886079736117756,3.500802424597066,0.03318019807246487,14.216821272900841
52.0,30.0,38.90049651138644,121.85142686904686,0.0,-2.4253466746807426,9.013252911492692,0.09128173606325628,29.24417327663258
1.0,16.0,54.53297046986619,52.464763327382414,0.0,-0.5972082915921473,101.68619096022668,0.09358117959901022,45.55261908029829
23.0,23.0,77.03563795586746,170.96980263894383,1.0,-2.1922459273975683,55.80186617189548,0.09519893224999726,113.38914405084613
7.0,22.0,71.547821585074,103.46867269577777,0.0,-3.7711221053861097,130.21733598352208,0.06793383676987914,70.24157161199363
10.0,17.0,33.70133685073086,166.2818435935596,0.0,-1.7813814361009384,110.14097008137996,0.010631069167749703,24.06789711627863
12.0,13.0,33.20658980114981,87.14238187576164,1.0,3.519872181847706,3.2520017500442644,0.10856046424963661,27.141420119182783
16.0,14.0,32.07037802683404,197.09025524389543,0.0,-1.1891922935769428,103.0332467754003,0.008512321481006188,22.463348736421867
7.0,14.0,75.34993377815019,156.3929781152463,0.0,2.4800364896886906,28.852870909853433,0.14847987085746148,69.8806947672032
20.0,5.0,71.15996918610324,193.53053897138895,1.0,-3.2480214576183872,63.38738530558681,0.0607763140125726,103.48919721629785
17.0,26.0,66.49300593517692,107.72203099287317,0.0,-0.7558084083235839,93.7102803184444,0.07569805560121694,60.55133397551781
29.0,14.0,43.56410685345365,100.00131513523309,0.0,-3.8514393066482344,130.90767619435394,0.025381424561940886,34.59133581490626
17.0,35.0,50.26284225792601,153.536223771799,1.0,-3.6137893663251033,68.41468325879089,0.04014927060478403,59.76877897041441
45.0,7.0,47.85990468770917,177.25533997255172,0.0,1.1743637989006916,121.27356812867016,0.01812258041639603,37.36506368563348
46.0,14.0,35.20388645356236,193.18770121445604,0.0,1.0748181744901109,117.44484942009493,0.009479448119660634,24.889904803391296
30.0,2.0,50.301682768926014,71.66486214617495,0.0,-2.8662809264513776,62.18077692768875,0.08270841207645291,41.737498256820885
37.0,12.0,21.829792871165267,161.75386903010138,0.0,-0.25576805711201356,75.14702451493542,0.006224366832710505,13.818081860993313
31.0,33.0,27.90862240984755,50.02266355075197,0.0,3.6330616697794795,105.07275150747196,0.02672388664789166,18.247524498230575
10.0,23.0,73.19537577013678,113.6591258816346,1.0,-3.2579849132351715,4.672265197040959,0.39587075514493614,108.49007821101017
44.0,39.0,65.1007860218854,44.17114819774784,0.0,-4.807894669264852,133.6217120698869,0.13627658896515865,62.003918800208666
24.0,31.0,45.37210454354523,76.00549873256439,0.0,1.5199514066357234,115.47242391565402,0.042642371412494794,34.65301590896792
32.0,31.0,51.029021737032636,186.95808976922726,0.0,-4.46501791911315,37.41238221034956,0.051782754220274785,43.42060311788272
37.0,29.0,42.19993315759864,37.757232956886355,1.0,4.799402385724459,147.17699297834633,0.059905533090289814,37.23864534825538
40.0,12.0,64.44679202964035,130.15617007568733,1.0,1.09620283798881,26.908552888442816,0.13691833054046149,76.47344451484557
7.0,0.0,67.05123075392477,122.66131185620664,1.0,-0.296036471560277,137.11300105566028,0.04361443741576775,84.80000543239686
10.0,33.0,65.79711141218955,32.94028701470743,0.0,-0.7000745997569324,48.67101874846667,0.41018699641206996,59.594065594868816
21.0,14.0,63.35670349006698,71.93601831607431,0.0,0.730706585169314,114.47200652462037,0.08346752533056497,55.49764275269395
50.0,13.0,32.27026032156775,116.9664858579005,0.0,-4.093755632797851,68.45648898719176,0.020402473587118313,23.215421614554426
23.0,28.0,40.27819875442873,45.56393570781315,0.0,4.300190588194957,110.47010811750033,0.057664283006612166,28.937060536863754
40.0,33.0,48.190726099020495,162.11849471843493,0.0,1.2564206855187776,23.36745719090494,0.07094739730890534,37.687804970479675
16.0,17.0,39.84757948565934,194.70973681160248,1.0,-3.1602150238909124,40.42596875797242,0.027402298860724927,41.10692883871852
11.0,6.0,65.29641200949973,50.804285992869694,0.0,0.6258105376466283,14.978673670803843,0.463815473025062,58.01840294712163
45.0,28.0,39.76121145499728,45.51327331020943,0.0,-3.6674349416698835,129.77159721567048,0.049153085842889715,30.492405018404646
31.0,30.0,28.29392520712023,96.43766364151448,1.0,-4.824472824416879,44.4439481654249,0.0274124184738935,26.00078518736964
14.0,24.0,43.942427122898245,152.07540265660612,1.0,1.3051698521399802,104.17143441249951,0.021285235742266675,42.34198386891857
15.0,37.0,78.79486596694282,63.504115944697766,1.0,1.484833418701278,123.03317966122921,0.14832039866908298,104.34983400546798
53.0,13.0,33.55288477601455,13.777182652483276,1.0,0.8369658280341552,135.2127354569019,0.10682764796526144,28.919513046899613
21.0,7.0,56.72951953659374,112.83191932624985,1.0,-3.1651679563997694,15.944567296757672,0.15514428388064597,71.31171699554284
27.0,26.0,45.97838299038238,191.75410787578843,0.0,1.0342985849476705,133.95224002689187,0.015046166567529893,35.43410532494377
19.0,1.0,24.2614740589596,84.34260252731966,0.0,-4.434890590754802,29.58791665960792,0.026742441573705474,16.174625538044705
32.0,16.0,49.27259635988357,89.82556529478907,0.0,1.092383555719223,110.53530173864424,0.04213653603317509,38.90671410490705
9.0,36.0,62.12985971889875,194.0913262516672,0.0,0.540170191076188,109.32735290469168,0.03326476774994868,54.08620309585022
39.0,13.0,50.79319854966913,141.9754462090784,0.0,1.5525483083909952,1.2754712611431351,0.17244455211477533,40.381432844722454
31.0,24.0,72.32636382479487,146.6426653400038,1.0,3.954756057523938,33.09358624653814,0.14038596304131393,85.24685467569952
49.0,29.0,37.33622099945496,116.91338102050285,0.0,3.503581052395366,73.7862771997301,0.02703077612207162,26.376248504729027
32.0,28.0,25.174950278237894,195.17575006401592,0.0,4.806541915625387,63.00520599949232,0.0082769409731227,15.982832650800363
1.0,19.0,76.19393669948036,140.88463204085565,1.0,4.762410329365751,137.78602198269144,0.05312749425610117,90.78796489176928
32.0,20.0,42.69178097169314,180.0562228049822,1.0,2.723196933737526,53.96113042537847,0.028234240979097745,39.375107332428726
32.0,21.0,54.584333087218,142.88198448931203,0.0,4.56419622177728,140.54755722539434,0.02688356466930356,43.34718420932107
40.0,34.0,67.52018756781176,149.67200671967524,0.0,3.6728388588911196,68.91439775887966,0.07377931048847339,58.86443642706976
12.0,36.0,39.458819832534836,65.17807520702684,1.0,2.2758244989497287,144.65293449602487,0.0313864642738247,35.44054235956349
29.0,15.0,62.96987229065667,67.66095262262562,0.0,-4.246157453562448,110.60322150372917,0.09089267232948624,58.56964710103857
32.0,16.0,28.12513098906968,158.76708341944556,1.0,-4.509501117301122,124.4001887448234,0.007021610770234394,25.536311334628092
12.0,15.0,37.477624832330314,66.37419494228092,0.0,3.3759956750577027,15.73153325235015,0.11911123412466486,26.529928648013737
51.0,1.0,28.682638168191193,116.92631345229101,1.0,-0.10344142128301703,87.92121498635517,0.012670798179495018,23.633382106741195
25.0,3.0,68.67383350408147,57.37693907227337,1.0,3.146066843749209,21.40505397440262,0.3824721869319179,80.1365130707349
21.0,20.0,33.35895411360712,165.22684235372319,1.0,-1.8708172934478062,44.64315030764611,0.021426245734423834,30.470639101791456
38.0,38.0,63.044213324312615,30.9952567332611,0.0,-1.023501416769872,93.53481092509021,0.24581428658117088,56.24941660006358
1.0,33.0,76.59790383473916,167.59486155471623,1.0,2.001867210119319,108.93385570408363,0.058148038241264126,98.23962392040653
37.0,29.0,51.66633254413262,124.51866209644434,1.0,4.1532673693209325,5.877567301687625,0.17590470554149862,50.673986069446855
38.0,5.0,52.40175153564126,45.512811617144685,0.0,-4.122385255211141,79.64155966085471,0.11862144844530653,44.88682108058181
25.0,16.0,47.66201408586872,112.98672324616246,0.0,3.6147814463460626,84.79709794348295,0.0389441377003684,36.35796071528318
45.0,38.0,39.553408603618564,63.67477900099468,0.0,2.9301272487936525,11.824199566530174,0.16803279017577233,28.55138276663364
49.0,24.0,48.539301855495026,71.45879359879436,1.0,-1.8446072927014534,75.10320513011453,0.0726830604305979,53.42624591689888
14.0,4.0,56.16845193600557,76.79032790340726,1.0,-1.4478338586844042,107.07634200747398,0.0620593887428973,66.29316470505185
33.0,4.0,79.15949433023957,22.030656924740978,1.0,-4.535385227780903,7.984092731329645,1.977271698178917,130.62365827518744
41.0,19.0,76.26587355909345,197.3327200362693,0.0,-4.84259388883282,114.0401664485943,0.04532737561430279,78.59925304895314
54.0,15.0,71.7291774975873,15.991579344932578,0.0,-0.229938736422709,86.46397573562052,0.6173286059401379,67.18763991444511
43.0,36.0,73.3478321422915,135.8744059050129,1.0,-4.044603545026895,124.98408124076863,0.05913411397155585,112.42935815136303
48.0,39.0,48.07095099752258,80.53325307391181,0.0,-3.0599818558478695,32.70938592811049,0.11877628800991791,39.26969123401846
39.0,8.0,59.446659630647886,132.7419552798728,0.0,3.4676719952666355,124.99105263196776,0.036406360806609174,49.281488555964486
10.0,4.0,73.70400337617285,77.68716808664092,1.0,0.7102839125045246,14.184146290120198,0.3913813323548147,95.80325528462168
2.0,1.0,43.577045899481185,138.01262278918315,1.0,1.336324372661134,60.57445446670071,0.031931529905502576,41.79274177888424
5.0,8.0,77.70574870072812,148.55474679898856,0.0,-3.1252066916807997,29.922718728697273,0.15817981069977916,78.73634619778214
8.0,35.0,44.94716372415098,141.20500167593252,1.0,3.286618044544195,131.40312484363113,0.02037729045346664,41.974388687307524
5.0,21.0,56.06495992359294,31.652776458048933,0.0,3.6797977243974755,105.73797244526607,0.1621807508171892,45.338230985308144
8.0,21.0,62.58828279634231,134.8097145843901,0.0,0.23327593713043382,3.8042665741092274,0.2509217800995943,54.8477184004784
38.0,21.0,77.0355207845563,63.19763439627849,1.0,4.125577718786598,1.428503342093418,0.9083714575425603,93.80593094681055
30.0,33.0,34.67697644313596,15.47226040817337,1.0,3.4482862495458164,43.68738817225046,0.26193774018516175,28.86565934923455
31.0,28.0,64.76785869431853,88.81782765890125,0.0,2.3132417667443805,21.49246714208481,0.24079814012519601,56.27947959759754
40.0,37.0,51.248935168644934,92.3731895327222,0.0,2.3407591569362864,94.54567163402938,0.053884929791076557,40.57529204960085
49.0,32.0,36.11342843723846,98.76308533696483,1.0,-3.946065260491367,99.56954008238397,0.023671303497338866,36.30817573862494
11.0,17.0,66.59641038778344,143.9165914242361,0.0,-2.2916396230433422,141.29263554920513,0.03871669633563108,61.89258072334238
7.0,6.0,53.13333681043079,68.68032373706724,0.0,-4.331527801823239,142.80598868187613,0.048660375160592205,45.90079089401607
7.0,0.0,59.658429238980546,69.90329748974528,0.0,-4.913187907736914,98.83450581170185,0.08010136154898705,54.64518976880713
49.0,32.0,39.37406411467406,21.504928685839513,0.0,-3.4169046861608985,0.8512669279063079,0.7410542022537451,30.015808487952715
27.0,0.0,48.8764371096563,140.49603103853624,0.0,3.8048718264694004,53.849687485442146,0.04383347552783635,37.550421099985755
19.0,23.0,57.041255059284026,117.88695736592095,1.0,-2.6012594096394848,76.97122698708993,0.05911434117605304,70.53419185868393
46.0,3.0,44.29464885619064,76.39077141181973,0.0,4.701539625917217,74.87696347626989,0.05286345223237804,32.684976981858746
6.0,3.0,31.902352390862077,143.98590599429738,0.0,0.9729099956120613,90.501094425334,0.012136036155545551,21.95222588367532
10.0,17.0,77.69842953891825,112.09797235310667,1.0,-2.6274151236530963,144.08272242071408,0.06648220705190513,116.92001943421938
19.0,26.0,50.68805240255705,99.15653971540253,1.0,-0.02869196515787209,132.77890379327306,0.03558218505784932,54.25488418786513
15.0,31.0,64.03522221726203,107.15166329561403,1.0,-2.8090517729988465,16.336205017573242,0.2244098717008203,85.6050908803258
3.0,32.0,44.66283161336349,130.90614380074075,0.0,4.839735581823739,39.89705870900899,0.054312851826700696,33.009558687620945
5.0,27.0,41.30790584154298,135.4004948691739,0.0,3.4726498390496383,124.96641261294545,0.018250008517906043,30.096433949142874
21.0,35.0,44.4298579080275,64.90198563673626,1.0,-4.737612112176709,123.64603632288105,0.04568746579524429,51.277415032226116
25.0,5.0,44.551798627138986,36.741239044319116,1.0,4.477760314674711,41.305608618250645,0.171262619555413,40.50088055529038
2.0,15.0,52.650806956517215,39.76049442619856,1.0,2.210651073028873,109.58820460291793,0.10767869289689484,54.37978480202178
40.0,33.0,52.60819219888179,131.4842683215703,1.0,-4.176187479787217,100.8056068076786,0.03742414787541037,65.60029444931077
41.0,22.0,49.8292289529723,175.84592429575395,1.0,1.7063774632644557,71.02859474549423,0.03227659813698016,50.625674866650314
13.0,23.0,28.087147095046284,87.80429288565485,0.0,1.4692669796568547,30.218242901854403,0.03710136197003813,18.63544800604676
10.0,12.0,49.76452871003187,42.20883046259785,1.0,-2.8121125419241655,133.29647713411293,0.0759494053927291,57.25225459829837
17.0,17.0,30.14623402523909,153.75447467583237,0.0,2.5844670000757564,101.67767764602522,0.009867122755166357,20.2146313361798
53.0,12.0,27.56814717774591,168.17300013969523,0.0,-4.129352966870329,25.348938731756203,0.02015529246086363,18.95693085125236
11.0,36.0,75.95874304047007,177.31066419298364,1.0,-0.10554818768752194,105.72035172612912,0.05599193526517017,103.15351942695145
22.0,38.0,56.297000788862256,125.29797149360931,1.0,-4.90076792836912,111.21505793654698,0.041952505290874284,75.31582395206573
11.0,16.0,59.56940348747506,173.5384262837361,1.0,4.687374888947464,133.0320427681561,0.026969428709087497,62.08939762811282
12.0,14.0,44.10762022000183,12.92884210519746,1.0,2.5156363177690935,33.42588828629024,0.5641772916323149,41.47605263481674
24.0,17.0,74.53885351489185,30.37480233620947,1.0,-3.41147923840344,148.31311581201098,0.22132347266896785,112.51531230111642
44.0,22.0,58.27582937477993,27.589452739898764,0.0,-1.5832596004871702,23.009013379038183,0.595911625904701,50.597994810414214
50.0,29.0,66.15019217141524,145.39489000839927,1.0,-3.394376221918237,90.10333377893745,0.05812455160577231,92.2764693390211
18.0,33.0,42.11374814166283,23.220538873280013,1.0,2.6661746412931464,98.57647579102178,0.13814114089555685,38.64530341912838
54.0,3.0,77.60071284914753,104.30923076859834,0.0,-4.411036745722848,62.84293428987908,0.13668186020615106,80.14112989828517
45.0,2.0,69.22767740949891,99.81431074089494,1.0,3.404066555637142,71.25565631555799,0.10228759788516431,80.64167067759313
35.0,6.0,71.23690778087261,69.03366947606578,1.0,4.421963388357298,133.6365145083206,0.0939447555177303,82.32107847374115
44.0,17.0,30.331656045545255,175.37698228899896,1.0,1.766279428062999,96.79113444981928,0.00920689396309514,24.666381829325395
7.0,6.0,36.257792472273174,42.38230835719924,0.0,-2.870345499985658,74.55014373520294,0.06322661021172157,26.747720711971
28.0,39.0,37.13759598101463,76.96792903585558,1.0,-1.3990990418644922,19.252434365028705,0.0996198891251232,35.22863849325463
54.0,5.0,36.25455339481227,157.09258500435652,1.0,-0.22760125191068736,1.1006437834701954,0.07833679524334336,33.06589357430673
52.0,21.0,71.32448972625727,15.780239734724006,1.0,1.0462477220225375,18.74529272277502,1.730140970319639,89.9892604337916
54.0,0.0,21.913087712515527,137.86057604681005,1.0,1.6866308981168743,143.4276851214758,0.00413370583750248,15.93338107029523
31.0,3.0,24.56599933884646,165.1155680086984,0.0,0.5421471531888278,114.61301744869961,0.005253086066900429,15.881940770391056
50.0,28.0,36.43489223779422,187.13088937925178,1.0,-1.4868607917814425,145.06744912653716,0.009113551559105702,34.32863479866164
43.0,20.0,31.992378478966618,176.49636169338214,0.0,3.9091728056490305,5.356306456225779,0.04731532939016609,21.599731211228878
17.0,25.0,33.9115768329709,70.68298219840018,1.0,-4.186079419820418,102.03306057879588,0.027866549297797614,33.29428091442386
5.0,13.0,67.876591355198,121.40918685136099,1.0,-0.33743945756504967,6.644028960512699,0.28305267272078444,86.59311382158847
17.0,8.0,53.78759563352281,24.685763698588513,1.0,2.755648384674807,117.30847033032347,0.16717736429572877,55.471867698755574
18.0,11.0,20.34623967757808,58.99530067412164,0.0,-4.391273347085991,57.14252591027914,0.018053275989848024,13.013343346007327
21.0,5.0,45.75936594225171,27.902251962026405,1.0,2.053352168113012,14.364804015974226,0.42327366310793985,44.221627677806666
36.0,19.0,44.473095611021535,69.88558512925313,1.0,3.19711622753325,85.2069962681273,0.05537387965075152,41.40188215430116
31.0,23.0,26.836716166672613,176.2855705571585,0.0,1.6083129852705225,42.018029490208214,0.013720535045198701,17.595461801237107
40.0,26.0,60.56850731608743,75.9616995381156,1.0,-4.87063107724644,98.93609128077277,0.08550227086211164,84.7714641963857
2.0,37.0,62.12583130276946,116.76063957027101,1.0,-3.1986297286779375,98.72621392706856,0.060399566211367044,82.67160008298646
27.0,7.0,63.25359314312586,92.34236114183875,1.0,-1.5788692110804925,105.75112111811292,0.06761214436890024,80.42705506778768
9.0,0.0,63.708256733515526,97.19413961675971,1.0,-2.6630996436195407,148.86976181666387,0.046325363934695434,84.44953986062987
50.0,23.0,20.003169615937807,194.21868984894607,0.0,4.626521402274274,58.004656492110804,0.005522039989286255,12.154472696880394
34.0,6.0,77.23524823080334,66.26934897013301,0.0,1.5159391411379364,69.79732117276514,0.19671025307471382,73.2978728583277
28.0,18.0,68.85252602327978,129.19164920940256,0.0,-2.0302904264842967,120.69175515380113,0.05337824824946823,64.76367946134603
53.0,21.0,74.23890179535712,89.81190722009494,1.0,4.296974986654456,86.7555034532828,0.11955460907186996,88.10297837273458
14.0,34.0,20.938597718446047,21.61777439906038,1.0,2.4059419947618688,5.588581603169946,0.170443377276642,14.867621129297499
32.0,29.0,76.03152774714437,102.97285800860483,1.0,-2.1539278817295804,126.46177803897848,0.08133899299726043,110.79164832534909
6.0,28.0,68.58731172128628,164.53523251857058,1.0,-1.2111843059804461,7.724802290706146,0.21729108513739265,90.5505234559374
11.0,21.0,70.23314857752192,28.76306404952079,0.0,-3.0057114169604326,25.623020473767642,0.7734151186498541,67.58400976283758
48.0,10.0,25.597243083318112,23.222451005298705,1.0,4.710739982658218,15.311995046128079,0.16021596418689268,18.757890622713365
29.0,19.0,64.32668173511586,39.18998887472067,0.0,0.17296495890073205,11.689069932168028,0.6844801990340497,57.08360250293343
20.0,28.0,77.59500137852545,155.23602116396816,1.0,3.960566874979846,3.85273129570653,0.34342846808416366,95.27893312735671
30.0,33.0,60.712840485089636,147.55912298750022,1.0,-1.535002289831523,8.254157095855108,0.189773478344896,75.20844566338246
23.0,0.0,54.233684277476385,117.353376092161,0.0,3.608416030974757,66.3658783768215,0.055067722701184235,43.338933231805164
19.0,30.0,76.73778066493982,98.96301677760016,1.0,-4.46113151572836,37.92784049739208,0.2182938399268141,123.5172236398549
36.0,29.0,46.57622730406616,178.7819047934982,0.0,4.82090317524288,18.980532512822812,0.06608851723173063,34.90601188078905
3.0,17.0,55.95761397862872,155.67258652836168,0.0,4.1203436703330265,98.8058314089789,0.03418896228950952,45.03391381013287
27.0,16.0,48.58029760966197,164.269027747343,1.0,-1.3679705522334507,33.916786595138774,0.05412996835119411,52.75042262764886
43.0,37.0,75.97077328161795,164.5198372566243,0.0,2.7472216531457736,2.842373301721418,0.3334069879218002,70.50482965470007
19.0,13.0,24.565083605930436,132.116259401656,0.0,2.5225792647382606,62.76296756509915,0.01104745800985274,15.701848926716766
23.0,22.0,50.06718204952089,97.02277862002971,1.0,4.012547971029317,46.56494879674577,0.08042068652961565,48.49754184544983
49.0,24.0,61.2171464831263,174.28877299127356,0.0,-1.927450188711889,47.79066470197391,0.06649727479083795,54.52062854536736
48.0,14.0,67.51439230533421,185.94140934461763,0.0,-0.344799946858505,66.79050422723422,0.0574045667479219,61.5937180613671
50.0,21.0,54.98111884664818,14.523148219085172,1.0,3.6499961260605307,100.33708908514166,0.35951711784482265,56.221004019603015
31.0,2.0,74.53506464728724,19.795425920587746,0.0,2.78579454135216,92.4718680056991,0.4807065601277417,68.53924061607619
40.0,18.0,76.5194868130323,192.1612264126031,1.0,-1.0653328125972084,140.58924146833132,0.038973796640108666,107.74328789245041
35.0,33.0,23.85915339161501,62.660516630397005,0.0,3.457252329121221,77.65749994537822,0.01997460274184705,15.080912471013757
52.0,34.0,44.14223237248246,175.94019353338956,1.0,-4.530459607675985,70.88548645876082,0.026258888815995418,50.37295739574496
33.0,0.0,21.407541303269266,83.8710726026665,1.0,2.8204630296299014,32.012165282534546,0.020093135285319103,15.21782793396472
35.0,20.0,39.764999442466575,32.629010945777566,1.0,-2.932341405662994,113.30719332722352,0.07505727327602545,40.69632359419457
1.0,28.0,52.21209307823613,25.28420803977351,1.0,-2.138790921762128,21.11636643214271,0.552023818853711,60.39660978600217
14.0,5.0,74.64769583059693,39.73650082528673,1.0,-0.06785156404406356,73.66993347307262,0.28871371366792997,100.1488775991337
33.0,36.0,70.79325934792418,57.479707024799296,0.0,-0.5026549893002608,63.198329758116664,0.22686131866679465,66.13410211344947
35.0,0.0,27.649983600319143,102.81848724685698,1.0,0.20570106869880922,98.74513176066048,0.01199427783255844,22.328253804259692
5.0,0.0,25.581822484453742,143.28460110749887,1.0,0.44775595672023827,137.64322049349883,0.005405272379294525,19.983751995313945
38.0,26.0,55.35604032540002,197.415729532207,0.0,-1.6847230896850307,141.98933872473336,0.020170491319562812,47.096845933677216
41.0,20.0,51.92707834752696,93.88628122494251,1.0,-3.2477248698297,25.16989007447376,0.13147795650424657,62.12427651236979
50.0,15.0,35.98265848580143,108.45513904519088,0.0,2.68481229287306,39.27258274007673,0.04109352525944539,25.29794550360105
50.0,39.0,73.96718507323011,109.14498326281857,0.0,-1.0002385091285793,121.745297994706,0.07715909729045413,70.99978142455045
53.0,25.0,75.64198456769321,112.49252754270785,1.0,0.05840862459059015,77.74196436737893,0.10948066221397428,101.92581101126613
11.0,15.0,44.15668630040976,108.37072484984783,0.0,1.4469671835111808,67.95518525335977,0.04112234719952697,33.43415284265075
2.0,27.0,73.41815342681122,11.667203461764387,0.0,4.09637922306656,106.59381785710588,0.7656734451556068,66.08529791718632
44.0,0.0,43.036933655778356,10.327716200869734,0.0,2.0755283114021994,90.28874289104577,0.3134208720769353,32.13303162423996
17.0,35.0,64.20900990978201,28.556600443963355,1.0,-4.5454077440961544,145.6071081632002,0.18807249725644146,92.04486622754885
39.0,9.0,48.55653305286345,29.295754651543977,0.0,3.3856036339801765,87.59619784324005,0.14886072537028486,37.35345145138315
20.0,16.0,27.35498939043098,143.93041270141126,1.0,4.893550151275191,69.89607395208799,0.011716959708394039,20.433102551498994
14.0,22.0,75.67605207422129,48.93404617803996,1.0,-0.2751497462861785,81.42260431172635,0.2385019911197733,103.0826968428621
32.0,6.0,47.245795602652194,179.99567990356644,0.0,4.695903364546007,121.28097250454599,0.01720492357487679,35.61309772332441
34.0,6.0,64.06922241934421,186.4352026196337,1.0,0.4732874234314943,91.90125851778312,0.03861072933016306,77.0950938013917
25.0,14.0,42.03042886587753,195.41973420022074,0.0,-0.4038400412805021,97.05721370800765,0.015560370724485196,31.8207275307408
7.0,33.0,21.132852714574078,188.42544792853383,0.0,-1.6859523527254494,145.7158320054888,0.00306458708984058,13.396672525578294
35.0,3.0,26.031821521510153,61.65878116451968,1.0,1.5755487583333883,92.7593226638186,0.018907053103819977,20.075539939462452
47.0,13.0,49.77316876939546,106.85760049366738,1.0,-2.701795794749554,57.04278725018097,0.06093496936456151,57.0614448444488
29.0,13.0,61.397861427581745,43.33644433741879,1.0,-3.9506578148559566,103.69890405191948,0.14140373786011803,83.46942684386568
22.0,15.0,40.08411959475674,163.1798344827623,0.0,-4.727628974157859,98.91890954659671,0.016725436564811208,31.18059965522025
41.0,6.0,61.72930755065902,178.80202397737827,0.0,-2.076198872847362,2.077145325957286,0.19015424166148848,55.281467024335804
43.0,31.0,61.918135365917365,171.74487946652783,0.0,-1.0422916783296177,70.09939451787497,0.052937075039130296,54.823306983251655
13.0,18.0,62.23615443966985,92.33972025239864,1.0,0.5207669628124778,111.4355404323599,0.06497296193710747,73.53888871217583
13.0,1.0,49.55131124123051,154.1480380904884,0.0,-2.0725017481299357,74.85621865816934,0.03174025815654849,40.507178138136275
1.0,9.0,74.89316900729024,28.540042219491195,0.0,4.840595723854112,116.94317039030841,0.2793309347118863,67.47128593200699
54.0,16.0,49.35179107883693,17.64650641765763,0.0,-2.082548317588324,67.63255446414216,0.3227427431034534,40.285451011454434
36.0,36.0,47.015911609798295,153.11491871866457,0.0,-0.5902461155359129,147.49823964558536,0.018659652642887905,37.09768475101048
4.0,11.0,31.96284914063762,90.81750212244991,1.0,-3.9672383446809967,43.93373838058331,0.03463807209927847,30.2975463949567
37.0,5.0,38.45930524138019,199.15436030051814,0.0,-2.3937348666292433,13.81839122191103,0.04299887101197975,28.793981572944443
44.0,21.0,22.5400695510982,28.478301012551157,1.0,-4.516678602110089,64.5017701731146,0.043823859176323296,18.642768946461914
40.0,31.0,58.012117616970215,172.5692594916944,0.0,0.5950863343732804,81.25635373108786,0.04114041851671114,49.04778791491627
53.0,19.0,34.91214463562557,101.19678245050842,0.0,2.510646831324317,52.36405975236922,0.034411811729026784,24.36459616631943
46.0,0.0,38.249315269127905,167.15853714573663,0.0,-3.042901856639321,36.34217401769384,0.02998006869799565,28.764821516593052
13.0,5.0,66.24887129985927,165.25418361232752,1.0,-1.3208906218392924,100.80880370782336,0.04236448531433601,85.91814958611147
38.0,18.0,39.63327098968723,184.0384802587947,1.0,-4.833837732728394,56.56876497843781,0.02288334523497733,43.090103863708435
24.0,17.0,34.53175352078853,66.59150214435952,1.0,3.3952205572221206,94.70527936509554,0.03179278147893876,28.722657911445477
19.0,5.0,30.143464948022345,190.46187715778058,0.0,2.7996352493166956,116.86071728981638,0.006746940977497939,20.184619477702082
1.0,32.0,66.49150413091735,38.816722467947855,0.0,-4.367459691257077,114.15039416400356,0.18121854261631087,63.5567256593223
38.0,22.0,27.782375479401612,25.5740677427632,1.0,-1.351323906795887,56.29639659535369,0.08225807508363611,23.190921782340062
5.0,22.0,47.22522561502121,92.00694830074634,0.0,4.552866138494954,85.18473434252621,0.04750365516071154,35.63363198403831
16.0,25.0,50.41580696463166,167.3813640419501,0.0,-1.0797294392102297,67.44873366641136,0.03628760330013389,41.04570278059
24.0,12.0,61.24339476114287,99.95001482035467,1.0,0.26208676724016056,130.62078790644904,0.049796323236624536,72.22302995253266
27.0,6.0,57.99700893997973,167.56446873079767,0.0,-1.4475713898964482,131.8137719699999,0.025839913780355123,50.173094481320234
1.0,14.0,68.6432403767105,148.64049310091798,0.0,0.9613138812826183,51.56123743320552,0.08822496633868228,62.112941855996255
34.0,26.0,22.68508603557429,49.79139336639737,0.0,4.781568756368221,13.760617181809609,0.06440027523402678,14.101143969471007
36.0,25.0,37.78644348676383,190.28750873089814,1.0,4.975025034811971,25.13737249860292,0.034875730689264244,31.74127871821672
4.0,32.0,36.80804712652279,21.548422039586647,0.0,2.7471497801119114,55.05026131963257,0.17887102099145433,26.037745552950152
0.0,14.0,28.761014335526493,180.67314443332103,1.0,-0.956889019795607,84.6374932144486,0.008709538420278978,24.141010815812365
39.0,35.0,37.35069523138659,67.84425530817106,0.0,-0.05567799171011689,98.5180516446644,0.03746482902631102,27.128715793362264
11.0,26.0,38.5859188485742,105.02813580123586,1.0,-1.4326867188769454,49.705656942900035,0.042598273527622646,37.310027077139964
35.0,4.0,51.3130677156487,90.24685581313955,1.0,4.855746299043462,100.12486794359786,0.04730753498128615,49.46384669661268
44.0,1.0,59.82226873557536,42.648565814214074,1.0,2.077603058254037,140.6609975510634,0.10107418518533239,66.34648892493375
22.0,32.0,42.86603081670884,78.04790461632169,1.0,-0.5106855456648873,97.80211907534257,0.04274582314176522,42.61944899518787
46.0,15.0,63.168213878802874,46.6575428956311,0.0,-4.878847298903977,23.784784416652688,0.39801072194008574,59.37613784499836
30.0,22.0,40.1699203147748,48.73843033749953,1.0,0.2048341439054835,86.95033694664414,0.06425212441173225,38.03297127904873
10.0,37.0,37.41702063888562,45.54079884501227,0.0,4.8392820170161785,81.28432751504742,0.06585642542980234,26.203073761634148
9.0,15.0,52.47128335142146,102.9133022658529,0.0,0.23060908973051908,130.6050166347631,0.03567643000027549,42.79124754007769
2.0,13.0,21.422981618347436,161.60695982714995,1.0,-3.1757331451088633,52.54545828194615,0.007766478362600845,16.839884838725215
53.0,28.0,24.78734741804002,118.10430641463579,0.0,-4.7790625289522515,63.441841508501994,0.013225770375875232,16.659824442850873
13.0,25.0,45.078172615191626,179.70925182465996,0.0,-1.4529624187579093,89.79885832297406,0.021506086985131206,35.33295467905263
15.0,34.0,76.57476268350538,130.9434528295776,0.0,4.182280556966069,78.66379676130381,0.09761115004823143,70.17736133306445
9.0,14.0,63.29070679060542,140.97462197019485,0.0,4.9655410817588095,107.85248886077613,0.04445114151948577,53.02386882539654
28.0,2.0,25.287594170033465,136.8453736481306,1.0,4.4536797481200265,6.058348636874372,0.03447273439705811,18.52113417311858
9.0,22.0,70.77908076685242,95.39724670491083,0.0,2.2941999325425675,84.52740288104397,0.10368836326074407,63.94027210681265
11.0,28.0,63.93804623649086,140.97437621801572,0.0,0.5814272844065527,18.25078395058129,0.1598824070353295,56.323190984169045
29.0,33.0,56.65679154215919,23.244471829102622,0.0,0.9068614638225203,47.2813488779582,0.44053725013472034,47.288347014186655
40.0,32.0,69.21757763655064,173.37177966397599,0.0,0.3899200909196088,99.24402922985855,0.049640506976159605,63.29624313056071
0.0,22.0,44.24659086457743,157.7843072543443,0.0,2.070493049229883,23.612130088826653,0.0585515178928364,33.34438098999223
4.0,6.0,33.290063051231165,56.593692064018974,1.0,-0.8112677330464757,46.326275325694326,0.05676483244862036,29.62259372783418
19.0,2.0,50.72140334652556,155.92616630827567,0.0,1.6920400495576549,105.4509724252968,0.025109155270625464,40.24962613901078
7.0,31.0,52.93050533560843,12.402094266003514,1.0,-3.78387885042799,97.62078637902509,0.4088572960848429,65.28026985003994
42.0,30.0,52.29958232059472,51.27684877136728,0.0,-2.3430469343851623,13.655950381460707,0.3376770700526495,43.8108094555011
11.0,17.0,53.90442748880632,22.376075347470227,1.0,3.3600303880862947,86.59027402384858,0.24687063518601868,54.91166463213225
0.0,6.0,76.92229509435084,158.2431141574,0.0,4.037489307433911,22.088169287795917,0.17024378965480405,70.75468607148433
53.0,0.0,74.13473738577387,153.61608872389357,0.0,0.39008237560299697,37.8407068071739,0.11989807204854387,69.97532046914581
19.0,13.0,72.54302219353636,164.59084452234782,1.0,-4.683643827870676,68.8816917953668,0.0720097814818225,113.47468230492032
27.0,31.0,68.08500865451762,10.851521731850479,1.0,4.269735707917681,16.40202349472837,2.5036706675602782,76.97226340592557
42.0,5.0,76.60568643591712,105.23421806889752,1.0,2.0206425802728645,149.04704518778502,0.06476978253584757,98.20464182150835
36.0,38.0,25.909678500764194,143.91887752829393,0.0,-0.8597207624463921,24.80543415810017,0.022657579042814412,17.112513689182855
46.0,9.0,35.90739568674437,39.52621446041294,1.0,0.9837894319949636,117.19689426429066,0.047468071622749484,31.76371421361337
36.0,6.0,49.703356739275094,133.4602382273987,1.0,-0.702251655586339,124.47582675348376,0.02517012452352344,53.61780303419803
11.0,25.0,70.79206958740431,25.980918868840284,1.0,-0.3466077326794903,149.16959548440022,0.23800823750157105,92.69797055858743
36.0,33.0,50.30994269136395,44.451912659819506,0.0,3.8680986565940167,64.29798267784025,0.1450426931632361,39.02613361916194
48.0,29.0,64.88208436049533,100.40139484897419,0.0,-3.389157530828885,131.11417802090102,0.05898748080344587,60.464425369574464
48.0,35.0,28.33759431493497,134.17737900940938,0.0,-3.9633086451776323,143.63091585252766,0.00790040119754887,19.607028209728277
43.0,20.0,35.14482877859361,37.715134121240254,1.0,-4.972712554869842,25.934121734200072,0.14750350807397902,36.04287020708547
27.0,16.0,63.906565702260345,45.1924328578782,0.0,-1.8599962438787332,71.9154133589299,0.1997257272916534,57.96278474987361
46.0,32.0,29.884040533263445,48.84480974247597,0.0,-3.5258623351557263,9.001622828413158,0.13509724142786791,20.911184887255438
14.0,9.0,41.0813560792956,55.35315289280591,0.0,-2.800145048618888,93.10860180363024,0.05292721689989775,31.58264741344493
5.0,11.0,35.89197546881429,53.04523121999534,0.0,-4.88761017334623,87.21092352848495,0.04462156302344202,26.921026308127217
43.0,15.0,40.991701653348706,85.07833061455098,1.0,-2.7280458531229677,30.61894269947957,0.07942866127485856,42.3521712149965
19.0,31.0,62.49944294467822,134.22003365897734,0.0,-1.6728841806762607,119.68541383411892,0.044413638065427606,55.99546590747668
49.0,14.0,42.07083086856806,93.22603879554924,1.0,-4.684325035901187,5.590308414530981,0.15083270180599942,47.00263319710323
13.0,26.0,53.31579935647641,157.43504266247874,1.0,1.0790412429714769,120.93409861913355,0.026846176798441024,56.96718256911054
1.0,27.0,25.99591262326458,146.66101613023682,1.0,0.6880034888375797,3.9967936745801067,0.04027788751605133,20.339499544714116
8.0,16.0,68.30106159407767,34.04011366932438,1.0,-4.02964221490075,98.52432182045254,0.2330652022668732,99.77809763293405
36.0,1.0,42.19331753888749,19.279908430941347,1.0,0.9500977751840101,11.815427087235191,0.5586956195286903,40.1956315687262
19.0,35.0,58.912049542000545,176.80889715992515,1.0,4.986539186088777,37.68382789684844,0.07341914147607223,60.67168463290261
25.0,6.0,63.52337609970996,25.16790264694595,0.0,4.444689528115406,108.28700239677538,0.24393261011395326,53.56852070298618
28.0,12.0,32.579655326702024,38.184444336745486,1.0,-4.973290066323367,42.06071994380802,0.08968971288694517,32.163027783235144
0.0,14.0,73.080499097201,14.205322356042432,0.0,2.9537831133035963,76.67607730766021,0.774106238781301,66.47737295337079
54.0,24.0,56.973455096417176,129.3839094067442,1.0,-1.4639472376351403,137.28724042801716,0.033468313302804455,67.83282949395588
34.0,22.0,45.72350850508889,120.65040700008623,0.0,-4.363486296653726,7.445153105486751,0.13116983093028778,37.19332724070488
5.0,21.0,30.940111014693173,197.51169662269857,1.0,-2.0401678628379196,121.66196906035103,0.007025741712608608,27.44541488457151
36.0,25.0,76.5380562740724,178.5171553002627,0.0,-1.782634836870377,9.79079978527343,0.23109501261157914,75.49503331252787
52.0,32.0,65.3040922478975,88.06020372137284,0.0,0.23244239309056836,19.019226650501498,0.2660795102035616,58.294598595026415
4.0,10.0,32.481473763994934,80.60130977338164,1.0,1.6108376726885465,17.897865583381627,0.0676851335602669,27.21399753686096
32.0,9.0,40.26264648345347,66.40188651319717,1.0,2.49055612208408,149.11534248160893,0.028631666670839384,36.33302101136432
48.0,24.0,68.58045548528439,38.95731480719746,1.0,-2.5409695743673333,27.02794789973001,0.5381180911514992,94.81194396342046
50.0,36.0,61.74065979292034,36.23589475438172,1.0,-1.7822942975150302,134.51427693844022,0.1474455490661292,77.88215161361128
13.0,37.0,65.94705756294346,35.13390452182503,0.0,-1.916182931402648,148.63982444198314,0.15926920513022827,60.71457839963553
11.0,23.0,46.47206613277594,31.681803865487925,0.0,-1.3726313187912353,57.56771556184469,0.18214249347502492,36.802880159341306
41.0,39.0,62.98857575853001,55.69728805705201,1.0,4.996563089563387,94.65728152930282,0.1355619067523572,67.16508182947433
19.0,32.0,43.18962337183482,68.26703975949212,1.0,2.7794330282742585,116.86368806454188,0.04268977198322157,40.00142201604599
52.0,16.0,32.67577501629179,192.70000449739402,0.0,4.74990465268697,58.89676227543124,0.014382637776262745,22.06570747254002
49.0,23.0,57.9606220904816,119.90991769035828,1.0,1.931110595470572,24.272121074671094,0.13228589889651862,63.41142106549931
23.0,36.0,78.56083553592765,197.6431971575234,0.0,-0.9372929835271571,65.06441156888418,0.07944408110999608,77.58632995684695
42.0,1.0,38.63605828371978,80.76872008687792,1.0,-1.1025581637302506,115.78314675044169,0.026306916077830055,37.06711745649329
33.0,31.0,47.65817553275238,96.9490601919938,1.0,-0.11418855024954877,117.11441441226046,0.03647450850118023,49.496542326748944
24.0,23.0,60.44008226419122,71.66994524140304,0.0,-0.8313021663556264,34.580818825637,0.19418891883331998,52.82675060425789
49.0,8.0,52.490376927349274,44.74865367034501,0.0,3.2832624609274577,26.24484598361198,0.2652275548940316,41.56349873215487
28.0,3.0,70.60566774254295,37.20129447774004,1.0,-0.3499798697330714,138.08410531505245,0.1636676866211071,92.31316033612114
38.0,16.0,65.70456238817096,189.56504758348805,0.0,-2.04385639789154,6.599854583746584,0.17458728279656577,60.48969864077725
30.0,16.0,23.497832231741423,197.49402954176358,1.0,2.7486026869665183,110.21077136476303,0.004366404265013141,17.204719358714062
46.0,29.0,79.90527403542644,18.532804336658995,0.0,3.5442040938139465,6.9632078170131,2.715813849638211,75.22262334283016
42.0,39.0,65.14414722316803,38.56571619903564,1.0,-0.7957104385954861,125.68500762914817,0.1648090532793426,82.22714797398908
49.0,10.0,71.83419897764679,90.4695775371943,1.0,1.67808571905532,135.8122220004153,0.0734318769290204,89.42028854357099
22.0,20.0,59.071862725720784,45.40336050543739,1.0,-4.411954661116953,44.61286863436485,0.24468662910373834,79.8329717893416
43.0,20.0,71.37710768280573,79.13727478910782,0.0,0.29464851971466643,11.090346527504636,0.4283924391117945,66.27140883149562
37.0,17.0,26.742978495722564,34.52830647333034,0.0,-4.550188622544919,72.10268045211429,0.045999764320264126,18.302355240505833
19.0,28.0,40.86427013355893,96.73723377714015,0.0,-4.708091595055319,44.76945551182152,0.05628013155942307,32.00146787175945
22.0,23.0,72.58525661626956,61.62197707215926,0.0,1.1292485052273904,62.57042142155685,0.21521879855014558,67.23153554164091
44.0,9.0,32.09931267601353,76.86196059414556,1.0,-1.9666461760501286,99.74781802330203,0.02233018190504165,28.886701579754735
51.0,16.0,24.694525914801364,27.919403777922042,0.0,2.4253716245546544,31.473905392307543,0.08687812547796166,15.811183386102934
15.0,17.0,67.28713639671314,91.34432963492692,0.0,3.9608256063259217,53.54273542711295,0.13679384441866568,58.39990533353973
49.0,19.0,70.12916933859778,196.81894608269826,0.0,-3.6060882626964927,117.38437354390105,0.037567891713179334,68.0157728319194
41.0,36.0,29.759133091394038,72.47827890742616,1.0,2.245228385789239,96.56429249292324,0.022696888210482893,23.828190141795616
54.0,17.0,71.26075896696292,176.52156222006266,0.0,0.14519998288343272,48.9413236726858,0.08577055591572329,66.23546438294915
7.0,16.0,61.206067735830175,170.20783690850018,0.0,-3.8788074983730114,99.64524003898929,0.037062636967826586,55.908475682156464
49.0,8.0,51.204960992995034,190.89109947647,1.0,1.515926064807247,114.79693843379499,0.020298359554888,52.99276441934584
20.0,13.0,69.8150115668831,160.12080733074794,1.0,1.0946680310647283,88.87283714291812,0.05599560020810878,86.84013371403134
0.0,28.0,45.154954959137946,135.32339714117484,1.0,0.1564186740078255,35.92452487515128,0.05670641768060345,45.31087728635352
54.0,30.0,31.639637373403833,172.75104440321695,1.0,4.26471204559658,0.036793576798960226,0.06168690543179982,25.092570358222506
7.0,3.0,37.09116059663682,24.37248932489643,1.0,0.210796961040165,120.4273660482422,0.0763310079946499,33.843325483185026
28.0,17.0,50.30984109759889,97.93782486777347,1.0,4.905151154502125,123.39503329742466,0.036755614388517446,47.994806200460616
31.0,19.0,51.879847560390544,197.95868533686118,1.0,0.09228813848111028,104.64067520915431,0.02242248941733465,56.04441239059432
37.0,8.0,68.33484958647402,156.22402874599914,0.0,-3.841479616986324,11.487139705142068,0.18803696806794282,65.67547493842389
4.0,12.0,67.48116341914006,192.7943218270724,1.0,-0.29528748924969594,87.78334312620693,0.04333442404198312,85.67265415798559
46.0,14.0,54.88199343227449,158.13052766536103,1.0,-3.176712374449288,123.15310069074108,0.02702421274146479,67.66375841074627
21.0,26.0,66.84712900192858,176.2275738140074,1.0,0.9713348521742726,58.45024801622485,0.0678373936850293,81.3140411931854
46.0,14.0,31.50640749762026,144.24063013760627,1.0,1.9313217519360115,29.700110133038116,0.028123060748587305,25.926894765141085
33.0,27.0,23.00387162559766,154.49538083927555,1.0,-0.3156472129290633,88.1440945862206,0.006681946772751864,17.543093347348538
0.0,36.0,72.41802935808201,109.40382186950514,0.0,-4.022970323168518,123.94599409513168,0.07201088627820006,71.78921138388148
54.0,18.0,24.533269625766174,185.60516315468524,0.0,-0.31358601416447085,7.330493806059835,0.0244631255958156,15.939169055499718
54.0,25.0,34.80130578463984,166.7573930184387,0.0,-4.185457852655996,89.54268257411036,0.013950987725221112,25.658121718528914
25.0,25.0,61.71913697746307,170.33814347647012,0.0,1.8212595550653399,96.47606930090129,0.04019663113742225,52.83210332992511
42.0,24.0,44.56687625763855,137.87172918297995,0.0,2.903682248650875,90.35505590224194,0.027334659616352775,33.43086108019778
9.0,25.0,72.57883819493053,67.87018994657731,0.0,4.62380327227039,97.50505263555728,0.1378104745101353,64.63413944654769
29.0,25.0,37.87878767973617,16.769661124126472,0.0,-3.5119789287154357,94.70629614062318,0.15628505384186295,28.52561781934999
49.0,27.0,20.712280800161558,187.77447458781347,1.0,0.32420335533304145,19.560582747052358,0.012211201436355722,15.099856419781343
17.0,17.0,38.039338433644645,121.36286627304442,1.0,0.6753736753541861,35.2405165423373,0.043841502487309406,34.74890779267722
16.0,31.0,54.6845029510899,66.64716451814665,1.0,4.224765337809798,92.84910079335152,0.08473045552488874,55.08770721005435
25.0,2.0,42.5563025241976,38.33567049103218,1.0,1.2727664059651422,2.653974170515616,0.3999955417838138,40.41307976265797
7.0,1.0,52.092365345525316,167.6094014451434,1.0,-3.544903543546789,95.21167780848667,0.026411195443784074,63.09507454212127
46.0,32.0,72.59588713010112,168.93883694503998,1.0,-0.6364867603681079,99.80799356775479,0.05579782988873289,97.45693425089831
39.0,18.0,74.74910325382211,164.756513944801,0.0,1.547625285062505,35.876213979248774,0.1246316702746261,69.83151820432161
48.0,16.0,35.95844387924673,132.5657114736894,1.0,2.0028443206929736,89.71992446297095,0.018184619606237563,31.188234501090825
11.0,32.0,47.72842839619404,79.54292364245643,1.0,3.6307399859057354,80.11350910856468,0.0611215244810954,45.532461160536144
26.0,11.0,52.94864091448707,67.77335410824882,1.0,-3.1949288015560287,39.10373222296707,0.13947970591857314,63.953694611067164
7.0,2.0,76.94674741329483,11.625406322452335,0.0,4.515421467554984,69.44610178121319,1.0757313539569238,70.4156132814463
24.0,25.0,79.91703914986309,168.38543615076566,0.0,-4.408605879844077,136.44367941182722,0.050749072121282664,83.80084614135953
45.0,34.0,34.124434930491596,26.612212523792067,0.0,4.837621345689021,63.99041706898243,0.11222933730486258,23.296064301108274
3.0,7.0,63.61879228074893,129.84344962774585,1.0,3.577670928664085,94.47662653192525,0.05256785829021913,70.39437158306067
32.0,35.0,42.68186373399171,105.77423989961679,1.0,1.6027278276217127,5.30262315610413,0.14694173399463137,40.295492521825985
0.0,6.0,20.486491813172794,110.07097819600672,1.0,2.349955002644216,11.67001699831482,0.023070963607640035,14.464221247517271
18.0,35.0,20.55515134615414,186.07544060847692,0.0,-4.2730799408120355,12.196210995497768,0.015215515106359774,13.165970029135984
30.0,15.0,47.63396045373534,16.006852141536,0.0,-4.585201371055476,116.73611454396682,0.21007017902603808,39.47747630222892
15.0,23.0,49.300094780260075,156.94452267946673,1.0,-3.9823420344863445,52.5385342205179,0.04429564799734766,58.741068890713834
13.0,0.0,21.35418179440656,19.889955689788355,0.0,-4.126401853358622,34.141753254872,0.079637215326236,13.780523334175836
52.0,24.0,61.215645006458146,17.249185127721667,1.0,0.47381233469435124,112.0986852677584,0.3449657754672128,71.74274521172408
47.0,9.0,37.640203315697185,91.66536264686256,0.0,-2.8455601288821084,25.49400938342617,0.06785729744790621,28.101969569002463
4.0,15.0,53.59358609215696,21.984283125163678,0.0,3.602056372067265,36.97387876054209,0.45943025502629214,42.640694460342274
40.0,15.0,38.055144389925125,159.93735074565328,0.0,-0.5425137693192783,64.63971649050313,0.021756150742352428,27.91922601487117
25.0,7.0,30.02805889215843,110.61698779318407,1.0,1.955104764582749,49.71571035219199,0.022916754206933558,24.245379149460405
27.0,28.0,44.43042431593252,15.517368705357145,0.0,1.5287309297015983,87.80883165549665,0.24948513961167654,33.6879909736251
1.0,38.0,33.936401887430044,17.695130431564706,1.0,-1.8014696107028993,50.67609286122715,0.20039179869464424,31.186662914589053
49.0,27.0,52.08805861515008,126.40702065050108,1.0,-2.5683242647427096,58.94274537883379,0.05749031678757451,61.011737096114985
5.0,5.0,31.929711817188796,163.16124535509692,1.0,-1.5754371470336481,129.4329912374229,0.008006456753686823,28.397427924294554
8.0,15.0,50.504358598677626,93.18191094220697,0.0,2.9665837384983753,132.67971594420035,0.03599029440877877,39.54526956126163
32.0,19.0,29.442710892132055,115.37032759176864,0.0,0.8627684841961847,124.15667862201113,0.01071702722913961,19.847504389605913
40.0,15.0,60.2584825691471,161.9675962694813,0.0,-2.4646133748082466,129.7246399056949,0.030450496404287597,53.65663707586625
24.0,6.0,65.23626106648544,125.99617306794565,1.0,3.178464430604302,85.45930040086756,0.06247313752310649,73.88954646704039
47.0,13.0,26.623654054996027,52.7044451551757,0.0,-4.452406138896933,96.9349822127076,0.02328933260499292,18.184121412761343
12.0,25.0,48.06814472224035,126.47988491520094,0.0,1.9918337499029537,83.57597498324108,0.036824179553556054,37.30376528542577
8.0,25.0,24.252302039292417,129.37309722239058,1.0,-0.6089919425068913,117.838212607938,0.00687998653973079,18.942120023280072
52.0,13.0,55.89094673252014,149.48032636741408,1.0,2.3129038606588823,82.65007286421664,0.04129573311441909,59.41429961442111
12.0,6.0,35.86425787577872,127.96609563579223,1.0,4.274612802434268,16.66154468261708,0.053040741852502314,29.841576724402465
30.0,32.0,51.65746741032247,194.15600478702723,0.0,2.5003409794690388,121.43701806852899,0.020798411334172033,40.95776917851053
40.0,25.0,51.04766056305747,47.48477865624301,0.0,-0.5803464468861763,114.08777560163045,0.08592311663287684,41.53988193710609
10.0,19.0,75.46126077162802,190.7072291177445,1.0,-3.4902431848611926,123.0450892923938,0.04261209146555997,115.21851203390288
3.0,2.0,52.944993354123376,112.28450316650309,0.0,3.063509758054337,28.56441950846428,0.0967436899935118,42.142523825362545
33.0,3.0,54.979908783098935,137.6716666940333,1.0,-0.39294473078628434,40.74255790724506,0.0700274343035742,62.13415224560242
37.0,25.0,44.09918754586282,28.89770351591607,0.0,-4.246876765428702,44.3627545895295,0.21940077841426903,35.33360638046885
45.0,10.0,76.94477619096901,82.30942886184033,1.0,2.1905539777686602,76.21208042785105,0.14972306324092263,98.44344092428067
3.0,1.0,66.63115456637658,156.1820378280028,0.0,-2.081480340834103,20.081562624518966,0.13275606251356203,61.76845294416311
37.0,13.0,37.12431741817049,144.31309286880816,1.0,-4.5111177049481475,57.807262991230104,0.02476194769840555,38.55518559629908
18.0,29.0,70.65257514657392,17.626483751427934,1.0,4.0275101497407775,27.32372416185444,1.2675546187952396,82.02228461907305
5.0,11.0,45.9437816111054,113.85291006447648,1.0,-0.16898907906089944,39.71440695491047,0.06115974372710666,46.8916445458774
33.0,25.0,69.72002861201564,26.772856663997793,0.0,-2.1903894682697844,105.9581451837641,0.30224296240717213,66.10899188835941
17.0,32.0,69.37328409761012,199.21272154385085,0.0,2.1638655788491157,128.22167344759217,0.03484495989925391,62.20535330626665
12.0,12.0,31.332211205771262,180.48635182132597,0.0,3.8590237768256372,3.435879989577578,0.046105727152627875,21.0473609477969
40.0,13.0,62.06846788301461,14.005325481422021,1.0,-4.996929249662445,84.88454450325005,0.5297050556967013,88.73753352512296
22.0,23.0,37.43857815839186,173.14341999149985,1.0,1.8785218504215373,5.408964309340069,0.06622000929966389,33.11936776361182
18.0,33.0,37.849560199560095,184.69162410609744,1.0,2.670116940184214,12.787386751732544,0.05073571103427226,33.129263168833376
44.0,25.0,37.780884612834846,77.17416228705646,1.0,-2.90072572720507,105.76260519211635,0.030896955494767904,37.64430532668719
10.0,20.0,63.53409485359689,146.7053144590755,1.0,-0.10376168589825596,110.3412159753175,0.04325788209346273,77.35967522762823
0.0,27.0,33.78956250755216,93.99971177947799,1.0,-4.107141010820642,122.09710097591982,0.01792608008527074,33.035156766017685
23.0,35.0,20.054350114765413,134.49417206950537,1.0,2.4674988251534757,71.13622676554574,0.0070804424815139105,14.0508073691465
53.0,39.0,62.91421120895799,74.66030681665637,1.0,3.474560185633525,128.97112230242823,0.07764581409583056,69.35812296218998
6.0,1.0,30.271084630107516,71.28625496032099,1.0,-3.918133426753394,25.025743746243652,0.053603494508070025,27.937013146364983
24.0,8.0,26.26894371847008,90.64243888294001,0.0,3.164602534328347,37.457462045250395,0.02606151304908253,16.982286341929996
20.0,22.0,34.25096723564361,37.65787414397522,1.0,2.715701704845336,20.175322140295698,0.16053479081978442,28.734014093576818
14.0,14.0,42.79403133936224,167.91640324272268,0.0,-1.5308667962910272,119.63058908728149,0.01566069696145516,32.952355092605224
0.0,12.0,48.55437964839204,76.25260011871096,1.0,1.9028952993358328,34.30126775799284,0.11231502527211651,48.470768310950916
11.0,22.0,22.67420244275785,86.02841524211058,0.0,-4.9995187610568825,23.326686413744348,0.028484653281066693,14.931466591968437
6.0,16.0,78.23439995764163,179.87037641340748,1.0,4.317976544659986,93.46660313820843,0.0603933497316735,95.6871652306015
14.0,1.0,62.963783205173485,104.35852467200256,0.0,0.5038323530837285,11.56230395410116,0.22770998348877208,55.14807077790312
20.0,19.0,39.391643919460165,113.40824277666395,1.0,1.2033886406199945,6.735041583025881,0.10483793019796471,36.14419924597835
18.0,19.0,39.12183543712384,191.73464370764873,1.0,1.6465941353909863,16.007647282868838,0.04538264052936733,35.45318724055801
28.0,2.0,46.91255296210756,178.47801279754793,1.0,0.6136901721836674,0.036132598075139244,0.11830885018162068,47.45092290104458
24.0,11.0,57.57468936578198,42.19867468880351,0.0,3.567638875394631,104.54852313326887,0.12556593541834926,47.088023977815936
32.0,39.0,28.782383995338066,99.91085568443995,1.0,1.0970183215154394,84.3352982571718,0.01734163457942743,23.216866721740576
48.0,1.0,31.33578882589714,194.54628321142366,0.0,4.077599912404725,31.481266355658583,0.019020216579867726,21.021773876312892
31.0,35.0,71.56607497001305,80.7495966634345,0.0,0.8233162223400892,34.950742196639375,0.24916472656335978,66.10099980272805
48.0,13.0,35.375295433344355,80.59889061807802,0.0,-3.2887757801943343,121.64528977050595,0.022204229606702524,25.993433712258344
34.0,15.0,42.81169987851065,47.05574403993933,0.0,4.135625558393029,75.27301737904506,0.08296701023809151,31.385143057594327
43.0,18.0,72.27631105700702,31.72139168263379,0.0,1.8162749835977676,104.77925356226095,0.2713160100355059,66.27431492910154
37.0,33.0,59.788869763989354,150.65791024363654,1.0,1.9923899443555615,67.91331769123734,0.057958594688535967,66.42996412955438
25.0,5.0,40.5027127605013,156.30578905328812,0.0,4.854817505716017,35.65770390311884,0.03664831233719498,29.029743878813402
10.0,12.0,61.02197274347725,194.11246306556998,0.0,-4.248034457904208,145.56042010243604,0.022992311124478606,55.94740215323041
34.0,35.0,21.180992922884823,156.94946007201898,0.0,-0.7140739290482867,84.84713450630962,0.005885931394209219,13.357970979064856
7.0,21.0,64.13855960068192,56.23697386638376,0.0,-2.6090460701338483,19.647285565186863,0.37913017125297716,58.83549170136569
45.0,17.0,49.22096243097437,17.622149874817936,1.0,1.3042646471365715,60.91350632758601,0.3483774333920983,50.17031279904761
13.0,11.0,68.79092883706768,197.23310303023544,1.0,3.068116837480719,49.40061179203511,0.06842621569016762,80.50674714438719
9.0,29.0,77.2782591203881,74.68563215328508,1.0,4.663107088924127,32.1131202882782,0.32456859028568413,93.05964907846553
1.0,39.0,75.5473129696741,69.27459306215994,0.0,-0.4540389304527992,140.01599838603892,0.1123850541501463,72.73177383672353
45.0,6.0,74.55590260732045,182.13148985238269,0.0,2.862182306426042,132.13799931896287,0.03959845577401206,68.50740880400461
8.0,31.0,50.73019735603323,121.16898072354736,0.0,4.170515920403796,29.87206747801746,0.09067245859721801,39.36548516786718
2.0,18.0,41.60852684833628,50.82552303133557,1.0,1.8332543253588474,52.822183358327514,0.09480606291833202,38.62760264206681
20.0,5.0,47.902119483840366,178.9282861160855,0.0,-2.572674475502288,114.34730875062324,0.018489033242516315,38.8653006994537
25.0,19.0,61.393760198801644,198.73856246040123,1.0,1.078541511077914,31.27590722103235,0.0758900589228041,70.88730078660964
7.0,26.0,73.03986661227121,26.46892661865784,0.0,4.699520478171866,88.73472939063667,0.3879281392388338,65.17374052230839
47.0,36.0,32.41917818000717,173.8278093774726,0.0,4.875538288615654,104.96909131872249,0.010477246887970379,21.83087046460738
1.0,6.0,75.09158950770218,84.19798256003486,1.0,1.4235982371677813,98.09584885661495,0.1087597564312031,96.70457787050961
5.0,4.0,68.91081391819334,109.57376483627382,0.0,3.8698775787198922,105.96129604132508,0.06554907702675711,60.478630392105615
27.0,10.0,78.73136091069408,183.81503539534634,1.0,-2.9965063615139718,106.00493835431445,0.05315216596546257,121.26508005362041
52.0,14.0,72.81510639690123,194.94204719727227,0.0,-2.539213950477832,144.72088797733926,0.03360151119369232,70.835797068113
28.0,2.0,36.7962397815144,59.811142977671885,1.0,4.528876128848597,51.97483342804794,0.06046190511465973,30.804189846442945
25.0,4.0,26.35735468064286,50.44164648238362,0.0,-3.647646245051921,131.78856365637594,0.017558477977119916,17.83900524334356
24.0,22.0,26.734464319495316,25.298146132387252,0.0,-3.088935619065211,3.271059377266017,0.25161157066741546,18.08315576303726
11.0,36.0,37.47339911469657,116.74159200580623,0.0,-0.7945140087994829,43.23044449849248,0.04115330457176731,27.418199678764267
4.0,8.0,56.85102343907236,12.584835135626971,0.0,0.8958428775335037,7.298367299869735,1.8264314741314736,47.52120027853201
33.0,14.0,68.25921956583035,88.26067654588795,0.0,1.0381721896827167,97.68059399337604,0.09068025068178007,61.55565457550859
47.0,2.0,73.95501841889389,23.942963163881625,1.0,-2.0802399133443563,15.118555609742934,1.2660579997481496,105.54979323357085
36.0,28.0,57.42520306215397,86.99289875657345,1.0,4.206138979503482,126.85602954780694,0.054642310369979116,59.33247763528388
14.0,5.0,20.337878764883225,17.58711596046576,0.0,4.1509990760786275,96.98875256853897,0.03877010729811603,12.420190789108771
43.0,16.0,31.17900659111201,168.69127951566608,1.0,-1.0793194694762753,4.322310158040854,0.04839302390294198,27.13420051198345
35.0,25.0,25.983572231202075,49.85040884832752,1.0,-0.6570823056970287,107.21660481519345,0.022330846337323396,20.83501609164201
14.0,20.0,41.7994685341406,72.37865496800327,1.0,2.024971168239118,129.30524208854416,0.033175590624137184,38.73066893574784
42.0,7.0,50.08105961802475,175.30911935521445,1.0,1.6299589639890077,99.16815114932241,0.02375079583338546,51.10373462051306
47.0,20.0,22.603830714713652,151.79055165311897,0.0,-1.1770298503903764,4.578632390254827,0.028360158897205973,14.494159113557508
22.0,10.0,40.90867854773932,51.61728871199111,1.0,-0.8575574847899659,128.68793226906098,0.043193541111774654,40.09884117056242
5.0,37.0,30.750780477519356,23.66088954492425,1.0,-1.5196105657846104,109.86958694010525,0.06676259706446218,26.87206280816088
45.0,7.0,58.82420997553243,145.9780176025145,0.0,-2.646149930466921,56.76769687259763,0.06117624999820311,51.95072096899037
49.0,23.0,47.856342159460404,84.23348463074078,0.0,-0.41861637075860325,49.2945387473254,0.08202158113226474,37.94245776504487
43.0,34.0,49.719058816034526,155.55519983246202,0.0,1.8643413190254043,71.97302721111602,0.0372173154303427,39.10271319792208
42.0,13.0,45.66150728200766,94.60600675128998,0.0,2.4196670531429296,130.06526264068063,0.029684201687238447,34.675603972829364
44.0,13.0,77.36118262919402,75.74045846473251,0.0,2.788736482559626,37.80890278043363,0.27648263228494857,72.36621166816701
20.0,9.0,32.88410750729379,95.72902756035533,0.0,-1.2526798654687854,15.14457168618017,0.06333710224336773,23.212486299655612
22.0,11.0,50.99985559063246,152.22620727742856,0.0,2.6463599428497364,129.6954559441575,0.022701103120180807,40.19213484329403
42.0,37.0,64.16104210192016,181.42185444267108,0.0,-4.934836843081247,3.9434773321084418,0.2057315339211264,60.80311932421536
54.0,33.0,53.41066478807375,19.45576735182935,1.0,-0.229500622831178,136.64955333660967,0.2012060874227926,59.130546040703265
15.0,9.0,75.74125314300807,109.58119283312148,0.0,2.9390440013269084,45.8617791452101,0.15616755684892328,70.03919386794138
46.0,16.0,42.67810133847705,16.238731525936743,1.0,1.300447206413533,76.23340525324015,0.2382812129092227,40.558707846957844
52.0,16.0,47.82054834639068,98.99781355462815,0.0,-0.25936875845492313,19.84432871283421,0.11873114087892438,37.843347757735366
14.0,2.0,25.311338912883706,178.20373752841107,0.0,1.4464200660634918,135.33824540650278,0.004400135430842803,16.386981240528403
24.0,30.0,56.53994666311571,78.70215061985884,1.0,4.069460031486639,112.47543350766071,0.06519787806584611,58.12207972377871
35.0,0.0,37.29271810688636,187.16558000532223,0.0,0.6638180061020738,138.62333799120512,0.0089727667780236,26.91354203695454
10.0,11.0,29.61854237093413,129.81560961361578,0.0,2.997861914601062,102.48435766772437,0.010901118251540496,19.72125788771501
50.0,38.0,52.67187757427048,187.48951532067122,1.0,4.807427252251975,27.70406651134892,0.06751235844876576,51.46989858920237
14.0,3.0,51.93861580279464,153.86165882837875,1.0,2.055682020755667,46.2400504479374,0.050566081798364915,53.46147098730344
3.0,12.0,24.552298473442853,29.652681663264836,1.0,0.7332576388906353,73.027286265521,0.04318786651297621,18.810686998294393
20.0,33.0,61.892927209668365,53.91875983690864,1.0,-4.625140528746598,91.08873080403103,0.13717788016741367,86.93046153801646
12.0,20.0,57.426331439051175,84.89238637086618,1.0,-1.2552210174541245,138.96891560044105,0.050108959123935336,68.24316408888947
21.0,21.0,31.341036964789833,42.32030758229445,1.0,0.6544273351511831,57.59271986837084,0.06173144620500734,26.35879406827251
18.0,3.0,48.16609172924263,104.0332049075655,0.0,2.9720657170603246,105.46080328607188,0.034066490995593675,37.081504940620206
33.0,17.0,63.2193749887136,99.55994958328321,0.0,-0.6189521035242374,144.15132733662327,0.049957415767361533,56.19987160457164
13.0,4.0,51.766144432476594,191.68924762520243,0.0,4.600582757647734,22.85610951231795,0.06256494867789375,40.31041151100156
3.0,18.0,43.72934457101421,92.40829775023577,0.0,-2.282062473763251,129.40643831693222,0.028084628620555156,34.190205831248974
47.0,1.0,39.340307484856616,159.26909281471958,0.0,2.4456719521031642,63.105910558979794,0.022670100929322385,28.45672488022599
52.0,11.0,56.62363199864322,188.96300352178116,1.0,-0.809685829158725,109.86326638940052,0.026329094909320117,65.85435323918657
51.0,16.0,76.34652189861444,176.62787788505725,1.0,-0.1401150543409413,44.03075081056255,0.10551956292343101,104.1288434763623
45.0,9.0,60.304690428649,49.64684865720245,0.0,3.025020338654403,50.097632739900234,0.20853534887987416,50.50111707869723
26.0,33.0,24.48475421817893,104.24567990817341,1.0,-2.0378473834829447,4.06998373020992,0.051269567534442125,19.740979085900875
28.0,5.0,47.64109840892802,76.07055863622588,0.0,-4.031879434048569,145.71062297504395,0.03506117640682699,39.2232032814819
46.0,7.0,73.44944789063766,85.97315207607095,1.0,0.20255584613427136,122.01788628461766,0.08758243889033326,96.73702866564449
27.0,10.0,25.667745548065213,78.55329698669273,0.0,0.2879461180374876,14.087693688933072,0.04886607560817484,16.78947979683587
34.0,11.0,79.3325427282526,167.0082499332508,0.0,2.9716777222537374,149.92631934956617,0.04436147510901514,74.92900723474565
7.0,8.0,76.94416361872528,95.90642047326502,0.0,4.683192062321018,90.75368958044122,0.10844261061965169,70.2835682903706
15.0,1.0,24.69646884379255,109.50192312649075,1.0,-4.446993136716516,128.05929569465746,0.007123566478628352,21.159355522202468
41.0,7.0,76.00479922697329,196.66499783894417,1.0,0.9168947374310887,9.999114491680345,0.19360846185238245,100.07385961224722
35.0,10.0,41.78795541556773,21.396061716388125,0.0,1.812785303147999,58.41767677378855,0.20751056406042145,30.96879166496909
29.0,35.0,70.68255002455174,102.71195156024227,1.0,4.858013507485217,100.44766834554149,0.08716759533134569,80.51012615545605
17.0,9.0,45.10300026279629,157.07172431976207,0.0,4.425902142769116,15.96505780495523,0.0708359290170228,33.54999404648561
1.0,20.0,46.45130676215095,38.72077205576304,0.0,2.1245076471197755,73.33542579810009,0.12194678535279284,35.575854565902326
48.0,19.0,58.054585458652554,126.19100297680704,1.0,0.21789411244465873,66.40168118162123,0.06383201940294231,66.49072432883234
12.0,7.0,66.468645156559,55.49830811154869,0.0,-3.3847607770073873,32.40603367103696,0.29522930229821576,62.64114007872415
3.0,35.0,22.02734905689492,174.80678151266784,0.0,-1.158234447955826,45.040475377770335,0.009200145754643943,14.043586792896576
25.0,28.0,55.58935973162806,72.14893642601507,0.0,0.8512232505715434,145.06775317424737,0.05484285562749846,46.07360311478528
24.0,11.0,31.20397964584226,72.52193521117282,1.0,2.2520039659575373,43.297272901490395,0.04222907913455481,25.437650157659967
29.0,13.0,40.75697107179218,123.65683691839976,0.0,1.3539955747911225,32.01392009526165,0.05193254562768924,30.07631308813925
10.0,20.0,40.87811996931299,44.876952542782654,0.0,2.1412280182774124,80.43137566025001,0.07597456671915072,29.999443552890227
6.0,21.0,48.14362041326922,64.1288413915816,0.0,-0.7084749544810232,100.64370511054467,0.061540384395537634,38.36739480046896
30.0,20.0,40.048184712570404,89.16005152268819,0.0,2.2762729057100906,108.76396666043473,0.02880458756460817,29.16881109270623
43.0,29.0,26.441667107040065,77.19119399662097,1.0,-3.562587439802808,113.13707767453742,0.014455377071008845,22.776745083375868
9.0,38.0,28.737724311527085,109.72667142106066,0.0,-3.374136882368864,5.524873727212965,0.06416822189165045,19.864047914742393
38.0,19.0,22.00627913366586,123.9316273731036,0.0,-3.371678541705372,59.064060056934494,0.010179221740753697,14.225241153197189
12.0,23.0,48.21494511972526,117.66681621253127,1.0,3.9086495703577606,116.09371196746352,0.030095874351049916,45.96221579512408
30.0,22.0,77.26686169117932,134.29197927846712,1.0,-4.239659366913655,135.72781527001942,0.05925288858690919,123.74335718918267
6.0,6.0,26.940513418886994,68.47240815548585,1.0,3.0150837273347584,90.33001849991749,0.018501381412689276,20.55879274235993
48.0,8.0,76.77586958018492,34.02098315945533,1.0,-2.6642910195326284,7.84602802645285,1.238933533503591,114.77779644730026
41.0,0.0,64.00169088392562,154.55343287190465,1.0,-0.31570059504749337,59.49687087826968,0.06413005008005576,78.76384500211067
41.0,25.0,58.24992817604979,171.6482726998296,1.0,4.15956595465678,11.134067380268197,0.1333188894695437,60.691570271726036
35.0,37.0,58.71666531941378,58.83118412226212,0.0,0.8593722968750672,112.28067940268768,0.09616310518575165,49.747388494673125
19.0,37.0,69.60365890377693,87.34747167002375,0.0,-2.898823137676414,9.525820392249784,0.4076495590492278,66.59035371037949
3.0,21.0,26.415191862789282,104.7281512230755,1.0,-2.1590993968119285,27.85966001027659,0.028567448962820992,21.99444720507427
53.0,9.0,50.2852594139325,111.33210012305791,0.0,4.204466238957857,62.54376359471613,0.055096418875893755,38.88718135597456
6.0,5.0,61.825468295645514,135.30313250665384,1.0,-0.7285607489002166,69.3972550672308,0.06055921866707735,75.48202141891902
53.0,16.0,55.20922670441382,17.904614337511056,0.0,0.8698548300678943,60.97225504725184,0.4306990892767432,45.62558419722423
0.0,37.0,69.96674426139768,147.08064571946323,1.0,-0.40067803374611244,69.5094969909,0.08066268964812906,91.11099881273167
43.0,23.0,24.33630254068109,21.77449132608795,1.0,-1.2156191195155042,106.98587280302998,0.04472389400940349,19.25249218952893
44.0,9.0,61.44206236994996,98.9748278578449,0.0,-2.7672087306759807,55.390323443331226,0.10091856569662529,55.39689979208377
41.0,7.0,52.04166382308306,167.2575157581469,1.0,1.861915004846021,82.16256887259287,0.03134026820178027,53.86651195826508
46.0,20.0,42.7496518387966,95.73090952289529,0.0,2.1824202627212044,45.505388629309834,0.06033652847351188,31.819719397430788
12.0,5.0,40.416498934041854,38.327052265967076,1.0,-2.251149083926005,53.04412426357239,0.11235441946875065,40.8851943881606
54.0,20.0,57.249957966451575,197.15643055113233,1.0,2.890108430548304,92.06984385631212,0.03076736426872502,60.8104875025787
21.0,38.0,73.45972247865589,178.96423779411003,0.0,3.545352003016795,73.574197745553,0.07012769349102416,66.53840082250197
53.0,23.0,49.77055556606692,156.54959031275266,1.0,4.206750962396304,108.45544422889216,0.025768630284094447,47.885515030076334
20.0,32.0,69.4833898446152,88.18720455084998,0.0,-3.3878758608163007,84.08078820776245,0.11248370243397206,66.87951929830373
21.0,17.0,44.12938291063805,44.93068810896658,0.0,-1.9607631638673362,120.53611280758093,0.0627399566300455,34.502297658677975
27.0,27.0,26.143667767590593,188.86812446951524,0.0,3.603533475036956,66.51123194920748,0.00881684450443317,16.84194162437967
8.0,31.0,23.690344187518313,111.1467140382564,0.0,-3.0145979717210603,73.65504298002023,0.011479052998981845,15.540215229139841
25.0,11.0,23.080062279420655,171.94753747362216,0.0,-4.965315407565046,100.49570233514093,0.005121159129195141,15.260245756880018
8.0,26.0,42.8090085174602,74.99805109429089,1.0,3.708273102516345,33.18659166180733,0.09617200688289998,38.7791084983659
14.0,9.0,40.234265050150526,73.70478024509941,1.0,-1.7355055824863064,57.88943053968913,0.05536629643246235,40.0305087127781
9.0,31.0,63.07622141735417,197.25269132806744,0.0,-0.8550247486105,93.72618660175617,0.037765116437937646,56.17589817068905
23.0,25.0,64.56929009509194,109.14827921402146,1.0,-0.5366597427936204,4.331440389860458,0.3285425434881598,80.41964600119948
41.0,24.0,23.05123813002439,36.7321305335418,0.0,3.4827460066722846,65.54571504509124,0.035401430189728626,14.465300113352757
7.0,10.0,33.267395773340894,51.73818881899441,1.0,-1.621078554065396,89.82749044591752,0.0382425219877255,30.163252595211457
23.0,22.0,36.455711009533985,101.56941308461695,0.0,3.9227988585648177,145.10632979672968,0.01642045810225785,25.50157058113546
15.0,33.0,52.856719048568564,18.069472992798154,1.0,1.16939138048048,131.55248424265068,0.21874426335447236,56.091060230791086
48.0,39.0,28.670913434417017,97.88145722187708,0.0,0.2728672403368426,42.11129294139872,0.029501193254417458,19.272822210698365
25.0,22.0,28.03647316400002,89.59875999522424,1.0,-1.7438549287253757,76.0815156043387,0.018928140787437726,23.692049839366053
26.0,28.0,76.62733335247748,158.07389041070252,0.0,-2.5628830371881417,8.462155899013696,0.2758876982208644,76.4673289366504
36.0,30.0,68.25217443786686,77.43897325295593,0.0,1.2405844277734868,36.11316222267107,0.22826078682957487,61.402188601796084
3.0,6.0,30.839294125470218,196.68426469252387,1.0,-0.5310583994342388,116.22838021021352,0.006818982084979289,26.39688768152059
49.0,39.0,44.39406847432946,44.346284667171595,0.0,4.105160099320063,18.49710184130168,0.2518773199011646,32.93559829319565
23.0,32.0,41.337319955453935,122.28747014394563,0.0,-0.08361283885950255,38.65357872509349,0.0509598277185055,31.030655631674215
18.0,20.0,67.46024444392444,27.04286643156838,1.0,0.1179491670119115,141.60637526037118,0.21394675502495658,84.56676399106472
35.0,1.0,50.61277498868732,149.4341569588566,1.0,-0.8327671886399923,123.5783700738687,0.022967310032257333,55.33738751581718
38.0,17.0,27.670984219608023,199.0032007317746,0.0,2.89262996991285,117.27415689733681,0.005734813163199799,18.134014375278777
9.0,32.0,64.33952378937464,165.63634117281012,0.0,-0.751608018907296,129.6836235453235,0.035667533486304755,57.73166838045858
24.0,36.0,43.813278693495135,115.58367273685724,0.0,-2.306580002502451,112.4408529873531,0.027138471419505712,34.28823099890479
17.0,33.0,35.77545485792882,102.10085790594148,0.0,3.620308742935098,18.087932417735242,0.07057748833804092,24.94459620032901
18.0,19.0,42.52991732124321,168.65569264070092,1.0,0.9682822136524027,77.4841989727847,0.02252166523351364,40.65308298843659
35.0,34.0,49.86539381641378,187.8350760950376,0.0,0.9151021976900175,66.6365881203483,0.032899511643515636,39.61647937212133
9.0,17.0,40.586930985020565,197.94923990163767,0.0,1.1082220716392654,46.67273674055701,0.025271398489156036,29.97220270917274
32.0,23.0,34.51434635550547,85.34245323725199,1.0,2.1883974820566676,125.10606145794083,0.020039695592064633,29.32488311378264
54.0,7.0,43.91012172823882,198.27432021095734,1.0,-1.8693201068743315,69.62088035613505,0.021587369096386776,45.847995407721584
49.0,29.0,21.150374644993896,39.625987913027984,0.0,-4.661556291669972,9.044640203632454,0.0826401965047713,13.669981924328269
4.0,9.0,66.34987076577883,58.17445742706275,1.0,3.105931608770096,41.24483755804024,0.24101284060570916,76.00151112654291
46.0,22.0,30.25669361405515,26.913063699440276,1.0,-3.710949461183626,34.29315870441677,0.13050380957572835,27.754738840933697
48.0,10.0,22.634276817838234,61.630318132051514,1.0,2.2181973721054415,133.12183272169253,0.01088557640414189,16.500082081286028
34.0,1.0,59.22192157430475,155.90813480742213,0.0,-4.176847017126713,97.11571509584998,0.036923633951231355,53.516971539641304
43.0,25.0,66.43616772942033,172.05562805390545,0.0,-1.246921579715079,84.05643988231127,0.0517838056666025,60.84827747613608
33.0,35.0,68.82974789557059,157.98960256948862,0.0,-4.369739301684618,75.99738625180576,0.06743508920157543,66.8974324013648
32.0,32.0,49.610550959636,129.90249785186228,1.0,0.2221367962772458,97.51695413121982,0.034512671987158905,52.1574407811529
54.0,12.0,32.322091081399115,107.65363737930267,0.0,1.5313577278157509,113.23133201656871,0.014737151367419214,22.23228209722726
20.0,39.0,64.2336606349896,144.65381495059282,0.0,-3.285668588218117,83.15770587472649,0.060341923464797734,59.498886331791326
16.0,24.0,61.98278462926023,84.25837436077214,0.0,-1.2837238156159791,140.74281227289157,0.05907409429285372,55.06612233718019
21.0,3.0,34.77624404619039,169.84858678494336,1.0,4.302394910430536,146.5251255975577,0.008213919184542581,28.573096158236947
47.0,18.0,74.20446535176758,138.66611785558922,0.0,-0.5761088289254324,149.30134749132344,0.048270399959123404,70.94093134275272
36.0,17.0,26.26228748496974,142.5828927139376,0.0,3.0254356897655663,100.40866651329671,0.008214608683944191,16.990337898103295
14.0,36.0,78.96129437547954,111.82783869452354,0.0,4.271847450602091,139.89307001338176,0.07544029714170222,73.31582718692417
34.0,29.0,71.61486865864788,178.1935070001228,0.0,4.743458249772865,60.671954296193206,0.07572800313036133,63.325067824633166
27.0,18.0,61.27391872874451,57.88279939901997,1.0,3.9832201969136927,128.9388586871078,0.0891005843008257,65.82362932867373
6.0,22.0,76.32499329678997,82.41805413859964,0.0,-1.8259467084103087,136.37614481095213,0.09320274910423802,75.22685197856262
31.0,15.0,63.338670099422465,157.75208823876093,0.0,4.62572886161193,135.62107084984135,0.03312667008785484,53.25522373170262
10.0,0.0,31.427419821802754,103.62229026457416,1.0,3.1239524174604694,124.62694243625724,0.012358537965284563,25.31460857833872
9.0,11.0,46.5293682867687,178.95066255059626,1.0,3.371755836394877,60.98987424618756,0.029497468208735087,44.08637142673609
8.0,23.0,24.290181459898122,75.81587075494194,1.0,-4.848270158281652,23.83612229711015,0.036764381051252654,20.895292969487237
13.0,33.0,43.379445337286924,80.1727320757325,1.0,4.542388633182936,50.09345345166688,0.07178594872514031,38.922499633360886
12.0,7.0,64.49618118423253,178.85979998345883,1.0,2.780902238487407,115.09328539471394,0.033458644274669956,73.29259147560191
24.0,17.0,43.186601055849046,98.2303608345878,0.0,2.6796749650789997,34.93282669949629,0.07039046625970735,32.11979721348966
1.0,4.0,39.817650528088045,108.06367099847249,1.0,-4.184752690714138,71.74080972389586,0.030357684719844565,42.43205946815
34.0,25.0,55.72134335061871,73.22510591377909,1.0,-2.6743145892666877,84.8099276977008,0.08484419405669205,68.12128379046993
6.0,29.0,72.3322717399337,62.56728901402556,1.0,4.6226166513789915,90.57878436568129,0.15988783616404584,83.92221606891428
20.0,12.0,22.854991552766744,134.63025505929448,0.0,0.006770748054762965,140.3588322568198,0.004826477526752936,14.587341071247465
17.0,18.0,43.128226081984124,32.769725692828736,0.0,-1.0214198176274392,99.22395306214763,0.09706885290482738,33.13547918874752
2.0,28.0,29.494444508915763,177.06180182475276,0.0,3.399408171469137,117.94482241159534,0.007499150012598962,19.569862852533696
41.0,2.0,61.72125504391218,158.0485959853705,1.0,-4.126595858860557,87.28175218374501,0.043571443221457756,84.78078450909878
53.0,25.0,26.343473625868093,46.24217010410253,0.0,-0.8305798372894069,125.0370478292945,0.021769339189276884,17.46635661492141
38.0,39.0,59.88846551481467,141.86378970666743,1.0,-1.242992255779164,39.549541960464424,0.09263948355099232,72.90860359863315
40.0,11.0,37.17085224787444,124.50025504427062,1.0,-1.5014861296960724,31.481650750318384,0.043233142799795524,35.36728709420488
48.0,1.0,31.93500882423348,45.06165963996238,0.0,-1.9230775634692687,138.94800731369546,0.027623465625655257,22.47405770593241
10.0,10.0,76.18115346949912,61.90866614954417,0.0,-2.89925043209922,104.02213145360676,0.14869523195007944,76.17143540390242
38.0,27.0,21.11147460475735,87.70743570942854,0.0,-3.270891970094778,100.72883655873316,0.008886522724260127,13.512307942388752
23.0,17.0,46.266636313374136,142.85611969664004,1.0,1.4040611691967408,70.09428579426749,0.033859219199884334,45.61185141073282
45.0,12.0,21.297619547707626,131.35744767523113,0.0,4.193948412086784,56.504588894026575,0.009102150376649897,13.11497468890688
18.0,36.0,49.01558288625974,111.1246210585726,0.0,0.08851645249881468,83.35367917179582,0.04526299753601154,39.00952714460769
3.0,21.0,50.062842667665095,155.9980031916665,0.0,-2.020254476533557,18.084952413250065,0.08656762900871157,41.065570837256566
25.0,11.0,39.29974828368482,154.00817052517152,0.0,-3.4083980227777366,68.20688416246617,0.02264618914332037,29.93710103771533
37.0,1.0,27.92970665150142,127.39323927182862,0.0,3.3014336505259423,68.30515566982214,0.013357632712567924,18.29985142762571
41.0,36.0,42.58325226406852,159.5281158431168,1.0,4.714920564732138,80.75047694163977,0.02442825692868756,37.78124011512268
31.0,6.0,60.335776395953964,73.51004120804974,1.0,-1.5084459853214816,95.20284215508035,0.08420891132094202,74.40104814016274
38.0,25.0,66.94374851866755,177.43741038129508,0.0,-2.090495744478711,143.59775489780432,0.0324002860143773,62.19972019485815
44.0,25.0,51.84503614328854,126.83291630236874,1.0,1.0149295297494132,97.82536906376353,0.037786656676664976,54.66989133433819
45.0,23.0,55.39006366638534,166.2490676243618,1.0,2.753289809534257,132.5587727930117,0.025267984165816753,58.00443399415933
35.0,11.0,32.03698226747916,113.79302991015395,1.0,-0.44597196450335663,83.44557922037457,0.017449023840435778,27.81351105452181
39.0,15.0,37.23981999365897,51.50326654784927,0.0,1.300731498609492,94.03918239412347,0.04800171757280218,26.727389767409335
36.0,22.0,29.713736603141506,113.05792444887864,1.0,2.165490680232919,10.475542966435441,0.05326114024994035,23.810273266701124
32.0,39.0,34.95772100027668,80.51121611755174,0.0,4.605922878561792,19.989558432662335,0.08282542509385334,24.05733296454759
35.0,8.0,33.493206813531906,142.52481684704796,1.0,-3.349626694799166,86.95056527963094,0.014562584721983551,31.882692456851842
2.0,31.0,51.16692718347426,100.4008204295998,0.0,4.973824938253695,59.35693049370438,0.06990771571246651,39.553272905473946
8.0,14.0,53.761325347443766,168.86143293626066,1.0,-1.0784334475877122,119.82157797982526,0.02447190338738191,61.20306248437308
7.0,36.0,76.69684524929028,138.83377734116416,1.0,2.2320014272655375,81.4766812311264,0.09031151704760693,97.82264307265501
32.0,12.0,31.734238826091385,140.06344227595156,0.0,0.7241437797299721,132.34365584270068,0.00946743297657936,21.84400488624748
5.0,4.0,58.50054260968976,51.25951336330235,0.0,-0.1333138299115988,145.8497517693437,0.07669481606410336,50.03095522968059
40.0,10.0,69.03555613925137,197.00745563334516,1.0,1.9807536873158649,22.145277768222748,0.11470609669853964,83.25378328764324
38.0,9.0,53.61448782698315,169.91828976158286,0.0,-1.042461497764049,59.224162748343986,0.04247643046486774,44.7000402182105
3.0,12.0,35.30021915006454,159.91092806653197,0.0,-3.738900186631936,99.74715378570463,0.012860659129259891,26.03223260492046
12.0,14.0,35.75301380120001,72.74089278040522,0.0,-0.11106616878760245,45.823313310052455,0.05347695601801533,25.63370832582698
48.0,6.0,22.355183184259996,111.77001404097406,0.0,0.21915870682318594,40.054850658224275,0.014718713621455605,14.183604901932911
1.0,39.0,38.326653592908904,36.049605734122444,1.0,-2.980978466000608,122.0607840943255,0.06260874232933303,38.55390156252178
4.0,27.0,64.67622074020281,112.31043556591413,0.0,4.356193563286571,147.05677035881143,0.04679516163645148,54.992007272254114
43.0,31.0,22.851065432426623,37.718956831824585,1.0,-2.7252435335370873,116.07049968712221,0.021737977134781154,18.216437707582536
26.0,34.0,33.15771695028984,115.07719035802423,1.0,-0.907724059159023,78.55149342061704,0.0208628077068035,29.518316928275535
31.0,14.0,62.37394991190692,133.25715722943207,0.0,-3.4507031315527668,66.3766847917972,0.0682718721577483,57.13298998999711
20.0,35.0,66.9590937693726,84.13723377748144,0.0,0.35796646186944114,80.94715807955474,0.11389795908621904,60.34828597885675
7.0,20.0,47.31910460371571,104.72352688294572,0.0,-1.9236239189991033,69.42595532816037,0.048942840151401025,37.94509265989587
37.0,5.0,61.88446030871893,176.3741436581713,0.0,-0.10727480023915992,75.4332085178502,0.04454774439784102,54.18022379864634
7.0,0.0,43.277130119293524,30.62699749353378,1.0,-2.753830835417981,30.517957579384152,0.22630971412465542,46.03635288192224
49.0,3.0,29.59479470144765,160.42924966993405,1.0,-4.462248720512843,135.56129239639915,0.006864868723211698,27.46281954663455
2.0,10.0,43.88896961137439,42.44336468927732,0.0,2.792266510822553,113.18025022849022,0.06668886374788806,32.785519514696865
53.0,25.0,54.79806921218857,16.974516732879394,1.0,1.4108628395965839,102.14661340398301,0.30469686676339575,58.9218433341897
43.0,36.0,76.88319691117341,45.259174521559075,0.0,-1.5926064428898712,142.48874564617097,0.17404215841501175,75.80369342629379
2.0,22.0,24.125057125320637,155.35820609439304,1.0,-4.525057753176778,42.6591497869257,0.012312708433307569,20.513189206138502
21.0,28.0,50.44364563069764,86.9739539340034,1.0,3.6557506269712094,12.173911634042135,0.1920819215939503,49.399930291543996
5.0,20.0,39.73518669264346,175.77889820077456,1.0,-3.3020499506432066,123.92079905329975,0.01276650279928339,41.110359155098436
1.0,26.0,50.498701656601675,109.69443282463051,0.0,4.30742218281428,149.76254454738825,0.028620698995400994,39.07630031800028
22.0,38.0,21.4385268425919,14.227566866002881,0.0,-0.21404621404041535,86.76486570302991,0.06584851503855468,13.516156051238116
43.0,39.0,38.78152128209488,146.1755858243661,1.0,-1.5961329009151626,8.82140818690228,0.07789380682657755,37.75224306730962
1.0,12.0,69.1920888516203,30.944252657034212,0.0,2.417594768909639,117.07020602324118,0.22279610104983968,61.79578149096416
37.0,22.0,53.23650403127825,159.98213035776564,0.0,3.7683940607518576,11.062357326876231,0.11856585709563132,42.18806460435825
16.0,15.0,47.03494956896704,41.939484462984204,1.0,-1.2928643635428927,81.00209793889218,0.1052275101184611,50.089031376583996
34.0,29.0,37.131504302920376,75.63481330304755,0.0,-0.9265624782981274,41.62987113157906,0.06278221705124201,27.120561425348118
33.0,3.0,37.882551367481355,154.64157162881847,0.0,-0.6684178065280266,137.2540170888593,0.01143268584251878,27.782794636038997
22.0,39.0,42.98608601543507,191.3039579205201,1.0,4.22323061478669,67.69968198892275,0.02403540071463837,38.63840768282191
29.0,15.0,70.13424259787362,80.57245062287915,1.0,1.9256399151433268,134.769502271783,0.07989939824695579,85.49298819626807
51.0,30.0,78.0327924084961,167.5860418377978,1.0,-2.523538829543445,44.86216278818513,0.11944996889055184,117.292980218571
7.0,24.0,46.31932288102247,46.25053044040936,1.0,-3.150003024980206,58.104387573202686,0.12341191603986995,51.76502896760184
21.0,11.0,43.60117032486571,163.36415633847332,0.0,-2.696323365751839,142.06787823706208,0.0142733694199168,34.201194798032915
43.0,25.0,70.79304654919177,134.9238712586877,0.0,-2.3643611081448257,30.197167639745302,0.15543036369653912,67.77573581611786
35.0,36.0,45.61431923817822,46.62126637035,1.0,-2.698165086659985,86.77517274767177,0.09048525372744838,49.82417752061656
4.0,32.0,53.12109033773907,67.4757524667682,1.0,1.5850644719239615,58.2765492840167,0.11407137267610057,55.944859885585835
12.0,27.0,33.85649987592467,35.03646883343684,0.0,-3.8406648934249366,116.1250327603091,0.05052464682293614,24.66236298758639
28.0,8.0,64.61015214674451,82.76373210221952,0.0,-1.1264151029203928,19.394455675703608,0.25240814849898136,58.35006405123008
30.0,11.0,51.91929909624691,48.69324181342271,0.0,1.2505357297036646,65.58224535070028,0.12915503048496962,41.73919945183418
46.0,4.0,68.5420730144205,132.35961118978997,1.0,-2.0914002605706914,104.83989402678947,0.05573348804896054,93.20937835415862
54.0,27.0,66.84396380172018,198.95596980190615,1.0,-4.3472561529834195,61.05243525092397,0.058624908618574195,97.55789987205449
15.0,34.0,32.90028609620171,12.281740986010186,1.0,-4.181760771540317,8.779760891306504,0.6586003490319499,31.824483337283354
41.0,4.0,62.938133033465746,112.77476452458674,1.0,-3.7403322369531367,105.76683920030158,0.05459349600530456,86.20205307707937
29.0,33.0,68.00326447708228,118.99665353431185,0.0,3.358430248681552,75.47974915274746,0.08735877996983037,59.66440460012525
54.0,33.0,40.766434446943705,183.69967003935426,1.0,1.5786350560496976,1.6963030020150816,0.08963425588297215,37.69398054111991
15.0,12.0,30.356546774136472,106.14101360571813,1.0,-4.354775889023552,91.89838428425595,0.0154380612649235,28.41226794330666
11.0,38.0,20.15792933477529,113.30326973253432,0.0,-1.0893112084858014,137.98215337931796,0.004940106683951509,12.611574888938344
16.0,13.0,47.05421918558889,99.61403225239384,1.0,-2.2141482715293437,16.653892231753346,0.1212116573756452,51.4952116190572
15.0,10.0,41.14596389233049,61.09181786668147,0.0,0.780401116288002,88.60068525137534,0.05034957469123292,30.60596518885062
11.0,37.0,53.294590029524535,20.6455353172936,1.0,0.2280594967231342,109.30033226439456,0.23086148263681253,58.203372862719476
7.0,3.0,31.282465555327146,87.64495961986886,0.0,-0.18875976630285063,10.616050521045818,0.06925284663296058,21.592252440233995
19.0,32.0,71.57993285998852,19.992379535728922,0.0,-1.8548762962738685,3.3923187246279465,2.3426592551711227,68.41573437678441
2.0,6.0,35.465312937686576,114.59356919852438,0.0,-3.6220022795600926,69.62937999674209,0.02350630040362498,26.16382274586349
15.0,7.0,33.585776305258996,68.3857922160357,1.0,2.4237638287263796,118.67800308515457,0.02316438993371507,28.100153187080647
29.0,36.0,48.84284338906136,111.38445628983129,1.0,3.798567688426544,24.10791151489925,0.10510353351543197,46.95304886457874
44.0,9.0,49.931061424656455,35.51642323508547,1.0,4.4415090923281735,125.49559083223843,0.09623707238562558,47.89131106182859
22.0,14.0,32.90511372710557,187.19969349047832,1.0,-4.413810293864195,98.48658831353941,0.009823206684405072,32.061005988603576
27.0,37.0,36.31164360355495,179.95903627448763,1.0,2.3990871158888294,49.825993168272845,0.022773804160693682,31.38754698914172
50.0,14.0,30.182314349314694,46.099336748434055,1.0,2.2650345940696246,77.37386977386743,0.041272114101146,24.28791201513328
39.0,4.0,63.10761069939001,75.25441382586187,0.0,4.4710961414558925,144.83624695901077,0.06268503928529719,53.06241284785146
53.0,28.0,66.20534187524491,126.56362665187612,1.0,-2.470854055022346,32.46554559485082,0.14002753536069598,89.27956980472649
4.0,18.0,47.73970984755696,28.18037938812219,1.0,2.4217903829515643,74.93030966160603,0.17282027634367061,46.71766275366436
19.0,9.0,62.845221361101046,77.36788601206865,0.0,-4.453737112335155,93.67298341614311,0.08844269833209238,58.57202460225961
39.0,11.0,64.15612351624674,57.71133449561116,0.0,1.3124572076161911,20.702190821349937,0.3512755070006568,56.13358381849703
43.0,3.0,28.296531660668517,183.94817845617237,1.0,-1.4915217594782026,6.528313293496446,0.0319860500602632,23.86830764195561
0.0,30.0,77.97068149007221,171.977020894949,0.0,2.6890943954747515,2.018992939720693,0.3402930399746538,73.28942184384714
29.0,17.0,69.26191682578586,120.16822084070412,1.0,3.6330428643539348,48.70392849000243,0.11854096008638278,80.25735117352204
20.0,15.0,32.26900767174941,108.86580400559909,0.0,-1.3517895778248379,11.092094172729805,0.06208954982512646,22.672035021247215
19.0,39.0,31.169902144764215,186.83790096362546,1.0,0.25586092699300567,120.56549288116719,0.008073400986446126,26.3643047901706
5.0,35.0,27.539668734774963,187.1612787659749,0.0,-3.825959376364001,149.59792907426188,0.005151570325517966,18.884906589078206
21.0,24.0,28.302713752515103,194.17272381681548,0.0,-0.8309303477652341,9.195573260169605,0.029461365595343184,19.108585877062197
17.0,22.0,64.88970794172177,33.821987980555654,1.0,-1.3919960674083076,64.90894139001594,0.3033085388850816,83.28765515217131
7.0,11.0,48.179255417097416,40.50598404500234,1.0,-3.168765402154823,3.859818447386215,0.47370209440946626,55.07289246928781
38.0,33.0,66.97605036439204,138.57997274917847,0.0,3.944786247667759,20.098633613589485,0.17336461620962054,58.025577436220544
31.0,35.0,64.77529366101233,112.87255055587053,0.0,-3.5191216195983976,48.43838413660111,0.11725106122797146,60.426906725328784
32.0,36.0,56.27676281031329,13.508521929714833,0.0,1.3573935753018718,59.05473195864748,0.6419720995075744,46.62641048901513
52.0,2.0,61.18199639472077,21.77525683800868,0.0,3.9014264347988767,140.96744196429603,0.20846089126823275,51.088408186170255
15.0,8.0,21.101343462748506,178.73527262917298,1.0,4.119685798632257,59.37552131353438,0.006139426267243215,14.699989983022476
11.0,17.0,38.70665880830132,175.0854511524834,0.0,2.932396998405684,74.44164885861032,0.01836030119653699,27.755860890852457
37.0,34.0,58.26933075556461,77.88147517924858,0.0,-3.238588661258234,36.83750524107996,0.1651676020842908,51.636453471110144
51.0,33.0,20.560697209174652,179.29961721680158,1.0,3.174314092138697,0.018770813486324034,0.025313297704607607,14.380734587522339
33.0,13.0,21.978616620955606,122.79826413560134,1.0,-2.234351875843754,134.90016850997029,0.00511511086421706,17.098158334579416
13.0,3.0,71.113278948223,163.12207293359137,1.0,4.22398027432509,12.257213555445723,0.18345589483662383,82.47889154924158
35.0,28.0,61.04149170152431,91.21190352044071,1.0,2.0908668142384954,144.63732615543435,0.05251845036241628,68.43364343575576
32.0,14.0,35.922183987220635,31.54568219553266,1.0,2.8526756100888653,19.62661561503904,0.20858915856089932,30.65356772430606
22.0,27.0,61.27777040712254,92.40814190274308,1.0,-4.149675464980628,90.73177211256603,0.07728154683832024,83.86453039618789
49.0,15.0,67.54740014835579,96.8869616194106,0.0,0.8276511344354442,149.91158817849555,0.05653074785915521,60.77927464851357
44.0,11.0,38.40765698660608,114.67939682971458,0.0,3.211421268986796,20.76968941045138,0.06338180753431408,27.41982216653615
1.0,4.0,22.162242649951246,30.060715451841318,0.0,3.615903527724993,63.59146274097364,0.03710443684762114,13.789542046089895
40.0,33.0,75.96674748126406,198.36635397942618,1.0,-4.713682952663585,117.06355034572148,0.0455893212298252,122.81286571770512
20.0,0.0,40.71079029773783,56.385995953312204,1.0,4.391592325551192,4.828522477495239,0.22406813548284968,35.62727451866993
1.0,38.0,26.388905797082383,47.724956672047654,0.0,-4.566612666975203,103.46741267100667,0.025716954188552524,17.998044817468074
26.0,31.0,49.51141228358884,110.09255458262794,0.0,1.1451867967484985,12.056000683619922,0.14818030488138476,39.144962209825536
8.0,25.0,66.10806773984802,112.06955408502884,1.0,1.9338752761531208,35.47802134098396,0.14662079831941865,77.83971700570544
0.0,16.0,33.29883887705355,93.56594018831642,1.0,-3.926547088320902,24.011424374004065,0.054067721925639585,32.14792260230623
10.0,26.0,36.1694030080018,156.65950780179836,0.0,-4.519881343908073,136.10046474704043,0.011203099892104686,27.09587297661482
2.0,23.0,34.56289920791499,108.1643361384345,0.0,2.8491215445072915,27.068507517252126,0.04850717877530982,23.99515852064999
51.0,34.0,79.50038316990069,125.84213647754699,0.0,-1.1532937520256603,6.06511432727358,0.41520294905134586,79.21268696581754
22.0,38.0,31.844224023832552,147.51181322747925,0.0,-3.928874846848763,88.14385176716432,0.013834001109779821,22.782389524729826
25.0,25.0,54.53121301796744,14.754769297134656,0.0,2.62667816387642,51.9271388114553,0.5866292203220446,44.07121532952191
3.0,37.0,75.51587849941785,118.42239468355851,1.0,3.491630701436206,60.855933096204964,0.12920293877697106,92.32289680676328
17.0,22.0,28.813794132666754,177.99694953339016,0.0,0.8738619075880738,17.859411729382046,0.02548590336108785,19.314959561855847
54.0,21.0,78.25125187206201,13.303861155832443,0.0,-3.387631915653544,112.23517371497918,0.724061189957699,79.88560242412784
5.0,3.0,76.84863406373748,86.98459972218261,1.0,-4.847775285085092,90.23304744652769,0.11674468012038547,126.00627108918871
34.0,8.0,73.07431922349575,185.9832155391077,0.0,2.008024813019439,54.632556712242,0.07608549864949522,67.19180574449166
21.0,3.0,32.87339127980013,77.09933643368218,1.0,0.5013967482531678,25.736241564470397,0.05887144397191931,28.283237503906744
42.0,6.0,58.043303360659,97.15847659804577,1.0,1.5079714172007952,89.01776087558406,0.06268923338935106,64.22929857264867
14.0,22.0,65.6534883776744,196.49286467841944,0.0,3.1318467019959573,116.7895919261066,0.03314642805682277,56.88132313206276
21.0,1.0,79.16167569178579,47.87153320060902,0.0,-0.657722230070279,46.85959258007924,0.3726516148421669,78.17764637222658
36.0,23.0,30.825429324882226,22.39848593375113,1.0,-3.7548453116637956,3.8790575307895647,0.37042267449793476,28.553703050654946
51.0,39.0,65.96155397115778,173.2902922636478,1.0,4.399832853908264,32.1515977129476,0.10504086166992008,73.05895641699367
41.0,30.0,40.32807019562678,175.00841483035,1.0,0.452621272468573,102.35967283392439,0.016179409998645238,38.03505359005343
11.0,30.0,30.53758793408014,99.6947885892025,0.0,1.1529411908854026,148.3644566185384,0.011794603894103787,20.74159196225369
46.0,39.0,45.28261647283129,107.69936315068439,0.0,4.334114295517511,2.006435911316479,0.1887704130419754,33.75219018001663
48.0,33.0,67.63015472891698,168.80321022738886,0.0,4.315836563102629,45.923034319815116,0.08832384404682685,58.609744907922
41.0,23.0,47.89098822224313,150.32630464200108,0.0,0.7209460672817358,9.303130567325828,0.10867254172737772,37.55877938823862
37.0,25.0,52.25138601218291,60.37831042123202,0.0,-2.023885752785739,47.452393164454826,0.14066700871327645,43.59418358598159
17.0,15.0,79.70956461200727,13.209737463588507,1.0,4.9711363401273925,60.887151469113185,1.1986117746203933,97.03611217003237
44.0,12.0,43.946557973445564,101.14303088137369,0.0,1.8081708995353596,138.12931379193824,0.02434216280402124,33.11714512772156
34.0,14.0,56.92404528255439,173.19334195817186,0.0,-0.9156332310794346,12.08411991074681,0.11792330126160964,48.561558951608674
29.0,26.0,41.91465209692231,180.2085885711308,1.0,0.5983680285358972,116.5701079598655,0.015003847897430492,40.12591217928133
23.0,3.0,43.5671387797223,191.68297744446923,0.0,-0.8416594973197034,59.330159409444505,0.0240143712917636,33.533327329567186
41.0,15.0,61.738445206724485,177.11701514642843,0.0,3.883051522966474,121.68942745003916,0.03089872006627052,51.750542492105325
29.0,29.0,76.27321856569301,120.20827550663869,0.0,-0.17500625134253878,77.01032779884319,0.10582474126659208,73.50150714569108
13.0,29.0,52.541537029539285,94.47506385485917,1.0,3.2352837598124715,5.892305826511512,0.23886788220682031,52.97700811819509
5.0,35.0,66.10399573692679,157.22147084147883,1.0,3.40176297823004,141.9308827072258,0.0370060424725341,75.02395436458585
2.0,2.0,25.352393529017828,150.56611052946332,0.0,3.2433233773524837,12.410109515178275,0.024763165195577547,16.253197172093216
15.0,21.0,32.66948224591562,112.24725171547634,0.0,2.2218861247567445,89.65252538006342,0.017863867156841025,22.42854107630088
6.0,21.0,50.127898455171945,26.59220078610913,0.0,3.5487771680758184,131.65016444002737,0.12799782823293063,38.94315208229814
51.0,11.0,21.200703417726487,185.95545588951458,1.0,-1.1277042037703078,11.965469662529083,0.015231787116126688,15.951756922266142
13.0,20.0,35.17129872575353,96.5644821253158,1.0,-3.8533679385803965,83.08400826240194,0.025491027686891893,34.79768865841534
8.0,3.0,51.04407738949797,79.03341856409021,0.0,3.424542043725145,123.64348132866783,0.043620883174081394,39.95733652132314
14.0,30.0,20.897671895378043,129.6178050820666,0.0,-0.018315843126547326,147.94870629686937,0.004260523790706672,13.092413716505222
20.0,30.0,35.872777173562504,138.0292126217256,0.0,-3.72623967472149,108.64911012210318,0.01540241386847408,26.58934307798497
34.0,22.0,50.841849168552166,50.03070423575727,0.0,-3.8468747781799206,41.750156319494046,0.17382703035573738,42.86509028987082
1.0,19.0,54.38895487887474,169.01838051389169,1.0,-3.407576059901073,104.93554947681142,0.028497851335344628,67.24761435666161
26.0,14.0,75.54510158331833,65.0880477958518,1.0,2.509732596671058,105.8650153961459,0.14042591364006948,94.76253920500588
1.0,22.0,58.72073739503647,45.469945923720175,0.0,2.108566734662811,104.99490181569261,0.12489921578586144,49.104466491051696
34.0,27.0,44.88414815179963,87.21597204235451,1.0,-2.9618131981511677,128.13906556396586,0.03290073206304142,49.00562983829684
17.0,15.0,75.82107062798407,148.8064153705184,1.0,3.469234181097952,13.107009377923639,0.23521749035157286,92.96998247190956
13.0,36.0,67.09297900326766,193.43705390356266,0.0,-2.187052044717551,16.262976812315006,0.1388324325279158,62.482152619715265
19.0,20.0,32.00053526676486,163.76344023057231,0.0,2.929855833149475,96.09256863383371,0.011070062285984153,21.743822935591837
17.0,14.0,27.850541680929187,188.66619175733643,0.0,-0.11194092265058075,143.08216441472817,0.005061687447826282,18.6324126235664
9.0,16.0,60.54869814456398,36.71510277454009,0.0,2.315486825385661,69.87579583788688,0.22404718167779666,51.15686826385803
24.0,36.0,53.59298993461903,23.52359178409859,1.0,-1.1861233692643414,144.08440524385128,0.16104133636672766,61.099049078441034
1.0,12.0,67.38041682756534,115.96390476226752,0.0,-1.5285940290522404,140.7127889274231,0.04808525074068131,62.33568379128431
24.0,18.0,64.32830300472119,65.15652177836652,0.0,3.413595989593323,135.43646073514793,0.0835119557856204,55.09692275773084
53.0,29.0,57.512692031450904,167.33044486416185,0.0,-4.646977454859304,136.4776462296128,0.026870877337994786,51.62957381275733
32.0,17.0,79.18293029773353,137.67769556644194,0.0,4.747369472575073,134.7478189991979,0.06009818596048153,73.22922750339308
35.0,13.0,52.01538380662452,194.43835115730093,1.0,1.4817955826537343,122.98340753087733,0.019617593338520655,54.31667577459626
30.0,35.0,26.78634539010319,58.4105475889478,0.0,-0.675166118005579,104.24684379079955,0.021341179811334612,17.814529056975136
13.0,35.0,69.6964138889593,102.29898172749415,0.0,1.280545311504252,3.6612267888912364,0.43286043815135694,63.26134625865005
0.0,19.0,35.11120174074254,105.23569071081712,1.0,-3.772590535410172,19.83803882340787,0.059794698343564066,34.623357996569624
45.0,18.0,66.6381288886351,55.44359102290148,0.0,0.14052455293547594,20.13480817972007,0.4104782351744959,60.08562713939798
15.0,6.0,77.42642576000308,122.11774590272148,0.0,4.850955233397976,3.5310426419384813,0.4044738050601111,70.79548140244185
53.0,3.0,61.807730837860476,94.22433735505551,0.0,-2.6473056215329316,17.5052652635455,0.2119134225959656,55.787578000736566
45.0,33.0,55.76180965698806,94.87709563807599,1.0,2.2227809903634945,137.96196503506593,0.04457570461452409,59.33139813357346
51.0,1.0,47.623170540502436,78.91996311477189,0.0,-0.6502862416829935,99.5706430366179,0.04671001862569852,37.777512464001376
2.0,4.0,41.864591959724194,13.216576960851661,0.0,1.5245814848795358,46.81095274431337,0.3771279076783807,31.119334297478314
34.0,9.0,41.180285058310176,109.1980950138099,0.0,-2.9511277130822453,119.004001835502,0.02218074842637405,31.73433565888201
40.0,31.0,58.18236234257544,73.69708878306291,1.0,-0.2953501738239761,73.25542304322764,0.10521441863787862,67.69716376074386
5.0,12.0,65.07638701626476,10.250775107022639,0.0,4.800927138592751,21.319055537381487,1.978392071279917,55.22918758807692
24.0,38.0,60.71102416906486,68.50930445576708,0.0,-3.0471284898399045,132.6753121839739,0.07668939011920763,54.64542954660779
12.0,4.0,31.904606071613763,62.93938328705383,0.0,1.3644502784875712,50.799291935470876,0.04377812139679642,21.89330560149151
52.0,9.0,49.63923080860947,84.7551491124908,1.0,0.7559774876679537,104.82888457948413,0.04661627605213775,51.50086383990596
33.0,9.0,67.49840433098377,35.05187803224542,1.0,0.6505158629040331,43.58912407494111,0.4056175034211604,83.3341639936954
7.0,37.0,48.54224469134338,106.45992668066604,0.0,1.1512328965161711,75.01068760107,0.050542658785030684,38.100384150310745
20.0,26.0,52.19739678412963,141.5636669784447,0.0,0.0223797368822809,122.43790672956231,0.02835369824782388,42.573470957749606
33.0,20.0,66.26816289024933,129.73525812036877,1.0,-4.83069249742342,23.516601963655155,0.16051426323070536,98.18608670745355
3.0,7.0,59.67591837590549,162.71344003814622,0.0,4.000968114631178,146.58770928589175,0.025364023684256918,49.29136412862648
24.0,0.0,44.56069525294355,95.88157471754542,1.0,3.2697882748403084,10.53238842910893,0.12881511955841385,41.46112303599354
14.0,27.0,73.72476267165314,108.62742876454836,1.0,-3.2583231907887864,80.10133646107562,0.10512024442380408,109.79993247310598
3.0,38.0,29.754024119808715,163.97636876320684,1.0,-0.8672682262113096,137.4038279027922,0.00746403644960213,25.274330501413566
44.0,13.0,79.73098691541948,91.26322245565532,0.0,2.705489806935679,141.8540827323788,0.08705207602178114,75.72123781160107
11.0,20.0,27.131154708574233,143.3038764809234,1.0,4.800623153872844,34.8163444319664,0.019208615080628894,20.236094952628676
31.0,29.0,20.896998266254336,92.57445005641846,1.0,4.5113704644178645,21.597747182221294,0.024060877649212213,14.452612397428082
31.0,20.0,73.40113406892588,89.3698769571969,0.0,3.993591996761742,108.66045004768364,0.09663842918645214,66.13671583142215
27.0,8.0,34.697210501957365,154.43906866054044,0.0,-3.416261027008604,6.296035241435566,0.05840858323927208,25.36924880177623
12.0,16.0,63.781977646803256,43.21901393858012,0.0,4.144751060090048,72.78584535454713,0.20484826502855502,54.035930597016176
30.0,4.0,68.66092249592415,74.33133466889898,1.0,3.784449129510794,119.45328401897729,0.08830475667500565,78.8825593464127
13.0,30.0,71.53918346192701,52.592732581911335,1.0,-1.2305008883361046,84.03820867752508,0.1986191908222565,97.03588462658097
19.0,39.0,79.49565413985,78.23088916384346,0.0,-1.0547740546373796,28.201989866100753,0.36574035843308206,79.09816443831286
17.0,37.0,37.64238260239994,53.771216249544565,1.0,-0.40091078044839246,73.05664492049448,0.061449243441201146,35.06742516433833
28.0,18.0,62.614600515635544,120.08706990646438,0.0,1.5617563096641696,138.19120746733392,0.04223770278445407,54.07341311950192
5.0,35.0,26.923991496849695,161.65245249739058,0.0,-2.3916438401698423,92.58194670664152,0.008587892416312401,18.149097915799633
31.0,32.0,44.408557481410966,159.45648163140135,0.0,-4.770515705600554,108.22359413535297,0.020646030299765784,35.8939890826706
28.0,12.0,70.87830159875543,79.25518326427056,0.0,-3.5877047540275777,50.439581949377235,0.18019183488989537,69.07961876567552
42.0,13.0,42.0594827635465,197.86447711990974,0.0,-0.5988409242322634,28.27256627514266,0.03743548008739487,31.9077848827106
1.0,32.0,55.46572283213684,122.83232929410215,1.0,-2.1799743057379817,38.34633448494054,0.09162294002582845,66.51955631172886
22.0,28.0,50.22640662347804,85.88605733787601,1.0,2.6451656103613184,79.97663906404424,0.06206920759982946,50.15388197078846
18.0,35.0,58.7570918667227,168.75246305587083,0.0,-3.9330992945072865,42.03302304160556,0.07115192291633796,52.73765501878261
30.0,9.0,78.3736633632617,148.67606240210176,1.0,4.174652255548038,81.29471811391517,0.08081164220664543,96.29596058295017
50.0,30.0,23.344131590084128,152.36231399657984,1.0,3.953271799439111,106.16878910642653,0.006044313600474899,16.785659342806948
4.0,5.0,54.43769105009778,47.2664764494356,0.0,4.087568169332881,110.15938142554522,0.09215441744265443,43.37289629334775
18.0,0.0,71.78172675501709,98.98161840002547,1.0,2.3960999860332666,24.702740949164014,0.22001717724066386,87.60512657502342
33.0,6.0,48.88296270490565,173.74734485667452,1.0,-3.930000285164007,112.56462732507947,0.020346638079654072,57.848682626397945
9.0,26.0,24.71163115649437,105.76722144946389,0.0,-0.6186242863043323,100.90322093885386,0.009998568899032466,16.11298105327258
24.0,20.0,53.63236114500625,139.85602124999957,1.0,-3.6859462819453626,1.8007700053060016,0.19418505546574663,66.42785922811622
1.0,27.0,39.92443344942922,121.70740927651026,1.0,4.876991927610827,8.830826263462626,0.09528573135073024,34.3621067304644
10.0,15.0,29.296507120276154,170.0477896664926,1.0,-1.669615766013267,96.93742527905705,0.008672854054343834,25.168445642129612
49.0,22.0,70.94207079700838,64.0665595547045,1.0,0.8533054189006206,57.55558493455645,0.21111401318431686,89.713184534199
30.0,19.0,51.2959707794673,119.34030279840933,1.0,2.793930542442218,21.915599936349885,0.10809269677825972,51.596063825427
14.0,37.0,75.996584742744,33.41458692186276,0.0,4.2061608422564545,6.659483875444988,1.4068117095053434,69.39032882805995
8.0,24.0,68.36099027618414,141.14004757289888,0.0,2.5554772584135996,23.90975110086463,0.1567268431835249,60.638583838476706
22.0,27.0,61.57830762642004,149.0738892870153,0.0,1.7450377876623757,143.6270946482425,0.03273791979824948,52.70433242911251
18.0,4.0,20.301530201918716,18.1390910259097,0.0,-0.34018217961848674,109.13484623564545,0.03387864349596646,12.66743028241586
8.0,20.0,45.66940739829499,138.40028308931716,0.0,1.0540013375052404,79.15581314014408,0.031122396594883722,35.106600412579624
34.0,17.0,31.84917689912194,88.7911292914994,1.0,-4.058361911471701,141.23107500818875,0.014479300444825352,30.220476266909664
20.0,5.0,74.64787466293207,33.578406460839645,1.0,3.8392254196126254,92.86656565224058,0.28478834986641316,89.86305754582443
8.0,28.0,30.475039080581617,89.78243406270884,0.0,0.437773088398854,108.84677824210009,0.016922326795249507,20.791391137013775
27.0,18.0,37.16360309955713,46.904256642160526,0.0,-4.598649495650573,42.39777277588081,0.09654750802802198,28.11827589653601
45.0,32.0,51.01020606406995,88.95631110343014,0.0,4.199021256598975,88.34727653837938,0.057849148568110784,39.65068108707046
50.0,0.0,35.801817139884754,83.02441531212027,1.0,-0.10698026163131313,21.521586644676038,0.07194086641249152,32.380661199127196
6.0,2.0,32.59188063674727,150.29441101785093,1.0,3.6858914156100173,60.67247177966631,0.016536036909679964,26.376260044072957
15.0,20.0,55.945959506165146,157.10095605160816,1.0,3.568879542053569,4.986048747991517,0.16366870268155395,57.823165465832346
15.0,34.0,25.335771365301433,125.33544433306386,1.0,3.1575158745711485,32.49421313740207,0.020982278648208376,18.898522511244117
32.0,39.0,23.490065523255485,14.310500014665033,1.0,-4.38596980704644,11.230294413401204,0.26941266914225837,19.685096832884057
3.0,2.0,42.33471771116429,186.89423302348885,1.0,-2.529333545757911,58.166822926084706,0.02308797539699284,44.21437900975383
3.0,24.0,63.23986727047174,140.38432321832505,0.0,3.7554787246543073,126.45527469577353,0.04037549780534496,53.59770209801317
38.0,37.0,53.28840549643688,16.49713548502588,1.0,3.989910560520938,56.69011595175796,0.4872220394294641,53.24966979637456
39.0,19.0,45.37258810800673,165.5782508506824,0.0,-0.4193113763119394,124.7459438991965,0.017696131461803717,35.28387908877116
16.0,33.0,53.945093853474944,48.05056939641926,0.0,-0.5995853234579773,98.4747468868331,0.10961209648102037,44.8677102238851
36.0,20.0,41.92708907919641,120.05202601851029,1.0,-3.2485936611385027,76.42941699462416,0.03135976319418942,44.539073883375146
38.0,22.0,76.16878012592677,98.66053029053556,1.0,4.684107886911512,35.53375398919958,0.22018977655918534,90.90833939313441
51.0,5.0,23.29429345464646,89.76936864746456,1.0,-2.8686152464095684,138.32341392662286,0.0075314545290774745,18.763068263245803
28.0,12.0,60.40348874179011,179.04560682363552,1.0,-3.0906321564923447,8.13012132630499,0.14505801118066364,78.67694930555419
51.0,22.0,73.47695988966504,93.0986453968968,1.0,1.607289701491743,103.3369526548223,0.09803755739708282,92.89986197199582
35.0,8.0,68.2330825241152,24.31538233889864,1.0,-2.571556969995523,93.18598392140532,0.3347455469839472,94.13174376769871
37.0,16.0,31.042462089286804,189.861358170841,1.0,4.387716110143898,66.15622833847902,0.012008938626250859,24.40209034449408
38.0,1.0,37.7555809388173,184.90169393552924,1.0,-4.890930046822052,36.0481432938908,0.026514572171631192,40.078425295485246
49.0,18.0,63.022876322426285,140.04221102050377,0.0,-4.942467376766987,64.60439052679003,0.06902815820293653,59.23064106154884
36.0,18.0,25.05623355084593,98.89958034508474,0.0,0.048768014355995426,130.9159088330131,0.008629908811039255,16.32166742935655
51.0,6.0,68.71170198995505,27.64329985926904,1.0,-0.11937540086528031,125.51491653824313,0.2323706014407011,87.72402922353285
34.0,19.0,63.13441667628742,160.24214252972047,0.0,-3.366359780990895,141.20718749655438,0.031744516662950605,58.083323803353835
6.0,8.0,63.77639895412055,24.3408037405655,1.0,-0.05480437029715568,46.1689809937872,0.4909922149856338,77.71678458729036
26.0,16.0,26.014482216055484,23.034187130077676,0.0,-0.8833889483001356,58.06562375533094,0.07642475496391116,17.20134791794281
27.0,26.0,63.06563268897385,112.10293006347995,0.0,3.9032952534236873,2.8089228989794988,0.3268232466382985,53.31078653310274
21.0,1.0,60.7890875131982,40.42436563508164,1.0,-4.907460797830366,141.44249920800124,0.10777158650541127,85.41388655204905
13.0,35.0,69.85534944931103,11.468750794666306,1.0,4.762698050329522,49.40851377259033,1.3222271671618557,79.21606117340355
6.0,18.0,22.49575737538817,90.39155188919939,1.0,1.2439276429584245,60.624573229948986,0.01409788899109837,16.602000694113773
36.0,16.0,21.38664010806753,36.07127400591253,0.0,-3.4815655435472435,136.17069171710918,0.016546064722068366,13.746466452298101
21.0,4.0,42.38042599271365,40.497928903331335,0.0,-4.532399861888337,78.98976452502198,0.08645564747701698,33.56667396668377
4.0,38.0,28.927297030949173,24.613021359713585,1.0,0.3810565855923187,84.9261812633217,0.0705095399090309,23.690818365496945
54.0,17.0,53.503068654213315,48.96781320748589,0.0,-2.651098340281799,26.434925722637526,0.2587716148036936,45.39963822976982
1.0,6.0,75.04093409040493,145.941994157134,1.0,-1.9883446299874075,74.79900312279817,0.07806104582863445,107.76168594304602
26.0,16.0,43.48878382004094,163.69618837138037,0.0,-2.548678351654864,137.73129013631612,0.014874230589306994,34.028542105641336
20.0,38.0,70.69702263635625,95.98139236556712,1.0,1.5017231357251082,83.8077132161889,0.10916845739602404,87.59546372487587
53.0,35.0,20.014452471071987,106.24522501746937,0.0,0.5352896211613356,38.26745469596371,0.013979611354314145,12.396534194191908
37.0,39.0,30.11087860755105,16.204456572898494,1.0,-4.220255764781885,4.677129620214426,0.49474436384498055,27.964801862531548
14.0,3.0,21.825412379245137,23.170089660550204,1.0,0.26526533175175393,50.445266018110196,0.05575386946275351,16.195281548756377
20.0,37.0,39.68883083090412,58.937867873408216,1.0,2.911897655632999,85.8886371096687,0.054774150783960814,35.29814756551306
9.0,24.0,74.49137574179016,113.34069993549804,0.0,-4.188054091796757,6.391993255624517,0.3856591903631801,75.0814211155301
22.0,4.0,25.817127415939265,150.51471825964865,1.0,3.8973897623041998,91.46888659367343,0.007671511151703166,19.177635051589856
38.0,29.0,56.38458660462802,124.95058165422628,0.0,0.7830664944772914,78.51207406771692,0.05484840755644107,47.03164520497587
4.0,11.0,47.08975634716665,84.50429244748977,1.0,4.5062446927031665,117.51532037498563,0.03756517583884383,43.88167671519269
0.0,3.0,76.30809274194874,32.48157387059626,1.0,-3.5185878227762437,4.333225840794275,1.3897789469717527,117.52721199936344
12.0,23.0,27.35114855222563,158.346914628566,1.0,4.935649993533152,117.12710172281061,0.007142560173020399,20.417828545183994
20.0,28.0,32.721671030133734,79.11934980382084,0.0,1.4427286596967681,78.13155686371603,0.029125874278666863,22.59737556108901
25.0,8.0,21.772518116689596,149.85026275173,0.0,0.6749419948106283,55.57939991695672,0.008237570105852144,13.703340140872648
49.0,3.0,46.03611497788243,107.46597996372495,0.0,0.15279624112085388,144.80744645382362,0.023406483221649343,35.788378181576626
44.0,23.0,36.66997397387926,150.3457901767468,1.0,-4.7634562690168725,24.017932085407956,0.04243451539414861,38.16592054694671
20.0,13.0,72.19435603341925,182.38501667598865,0.0,4.396391915495781,81.19876786366598,0.056554308798943194,64.296476166839
52.0,4.0,56.2964487918653,184.9956080502224,1.0,1.439944728541983,48.14722103887176,0.0494362152235325,61.37345584226868
17.0,17.0,56.845444278542104,111.67028820011465,1.0,-4.083735155007088,79.12295681930037,0.05929833774213866,74.03684180624477
36.0,18.0,51.914641812878145,107.18658930547137,1.0,-4.790478297054751,82.84131788706182,0.05016210357882574,65.77498805313498
44.0,11.0,25.51102023375206,60.478908445539076,1.0,-4.492163607632486,13.417237263726866,0.06468937611068817,22.184916380266543
31.0,17.0,46.70112102352132,187.80196799056534,1.0,1.0939576343224067,99.17027203775245,0.019894321984381305,46.58926301282274
35.0,16.0,79.970311382511,97.00464176792796,0.0,1.1401541489458522,95.17222438785177,0.11661152894104111,77.52930333917236
16.0,29.0,70.11375745076089,34.24233546460166,0.0,-0.003327082185589081,115.42009119516959,0.2244869851067886,64.80283413405394
34.0,23.0,73.60754325002695,92.21393377904448,1.0,-1.9323417934704845,13.59877404887565,0.3644645506249496,104.17808325921106
48.0,10.0,69.39358155478996,34.140117545220754,1.0,0.3174273161464136,44.58878203555317,0.437891193648936,87.96227489678589
10.0,34.0,26.18250160585896,105.48102000884427,0.0,0.16301820876257866,97.51658995921518,0.011889887892011763,17.22085139700809
20.0,22.0,33.646895243887975,116.64234782268032,1.0,-4.805844401234344,20.50962388734127,0.04960371249208807,33.566203096495315
51.0,16.0,20.187299081384577,74.17359468378122,1.0,-2.1753076967250196,101.63973161826634,0.009247705054875786,15.230256175941577
54.0,0.0,38.21060749268669,23.613616703982085,1.0,-4.468146585328505,8.854006623063448,0.41562090157170556,40.22668456720733
52.0,14.0,26.516444140789556,189.26567177031544,1.0,4.001547514476554,50.23973294394416,0.010763311203286349,19.842753740792936
25.0,31.0,48.367600718094984,156.93709156185162,0.0,2.252231627851354,127.00666834987787,0.02162967257073108,37.53064059193492
3.0,8.0,60.627649314434116,169.387405295973,1.0,4.961151701929123,116.14369355717403,0.030920834520411566,63.40783311521439
33.0,14.0,72.47031770228462,79.70499491438359,0.0,-1.9782873669471213,96.71410728406319,0.11412311531176803,69.79481093614281
51.0,27.0,64.95302990545389,154.5578957036956,0.0,3.784858477569103,130.56876249376518,0.038343135362655476,55.644491345719686
47.0,23.0,76.31513574671031,102.22085008214691,0.0,1.0305426793248174,106.39043162583006,0.09419704444085072,72.4460689290483
17.0,34.0,23.233897423627326,48.20586279714873,0.0,-0.4687459309639508,77.90626578162045,0.024601289142495014,14.924661504041616
39.0,21.0,20.730790124992488,33.64044161237052,1.0,-2.774268887113649,146.957625057868,0.01586504360205364,15.97045031106585
34.0,26.0,59.68028683017276,75.5596651711908,1.0,2.383921652861428,104.22841196839792,0.079821955737561,65.60696888098651
40.0,18.0,37.36114461333477,36.13490118027654,1.0,4.041407489042999,90.20507652195047,0.07199837591661054,31.730625103217214
28.0,11.0,35.21006096634639,199.67110547877303,0.0,-2.6469160192462926,61.3305841430347,0.015228587496543027,25.680322382284583
51.0,19.0,39.85322526162766,19.34590814408419,0.0,-3.2460966502638744,135.36187478685756,0.10920164967347588,30.454958371878057
28.0,0.0,36.18776347354185,93.81728388012455,0.0,1.9622191500486696,44.356364340748925,0.04132509602498722,25.620466556592866
37.0,20.0,50.686184378095234,95.89776925417299,1.0,4.769731627255192,1.3829391316354023,0.2588085601308858,48.6532837908248
41.0,0.0,46.40890683344795,67.12006643051835,1.0,2.49955101104078,29.511078364853994,0.1246680848220035,44.72161623721366
20.0,9.0,50.74571308259938,118.55679748431962,1.0,-2.154192609523511,16.427623791353874,0.11749770676362334,57.79227421919676
41.0,31.0,60.36281669002617,38.495634588793486,0.0,-0.8004457585221436,47.84906612596081,0.29801531946706594,52.711257906331404
12.0,38.0,43.2278305382689,158.9433523115744,0.0,-1.1568236454162828,123.88180161876825,0.01778179211856604,33.28242732343446
48.0,21.0,35.078461228529406,73.16506646705128,1.0,3.5209501804704546,97.72945280475112,0.029679562101635075,29.298380801059118
40.0,17.0,29.972032208524727,122.35509206174193,0.0,2.713707788722238,25.347088385056875,0.03314716981206528,20.0518076586919
16.0,31.0,40.96844717195753,145.97145485272227,0.0,0.8897543476152014,118.32325816385078,0.017714407999228115,30.402292225323787
8.0,26.0,64.50838851477032,178.91800236113062,1.0,-2.250408896030968,75.63297991491041,0.050909770007902616,84.92661647957922
40.0,27.0,65.40229460668817,168.799612925918,0.0,4.379885277220562,76.90719361774454,0.05522370829006883,55.85327742894815
0.0,17.0,60.01432320105262,125.57871533967632,0.0,1.533152247691466,54.316827147130994,0.07782550075402721,50.93710082239542
1.0,38.0,34.04169051841247,83.79470427293852,1.0,4.704766464417824,129.6924547233035,0.020103904438642472,27.56311890218395
47.0,28.0,55.285174751281865,105.60888731424315,0.0,0.8011703304203077,47.7490955783689,0.0905561801210101,45.74580503611959
28.0,17.0,54.24137969461088,156.05961074197248,0.0,3.2119275836361405,14.120964100453298,0.11268133959036265,43.50697359220182
32.0,7.0,49.05597188658353,176.73365308629988,0.0,3.1310537939452674,45.40934909579176,0.040966846004647534,37.957938207383314
9.0,30.0,52.99873918303185,29.718566353567656,0.0,-1.6267122316640792,107.30303194018286,0.15757370004987778,44.270516117383735
49.0,33.0,49.50743795742008,83.12268987368016,1.0,4.640207229572281,98.63728302049932,0.05341218411223041,47.109712902432115
39.0,6.0,53.92738196444649,157.46215369856512,1.0,-4.78058532402436,28.202573033036675,0.07539582721132655,69.90063975234996
20.0,35.0,62.930357277267724,92.01383489285259,0.0,2.687109087674142,16.767644865741303,0.252569314321802,53.81248404603487
27.0,17.0,26.577691664206384,73.12327517259394,1.0,4.655570857640439,99.12986376026196,0.016531443257611578,19.7278069702461
10.0,37.0,64.97754512894143,88.15131239642122,1.0,-1.6109179671627716,101.45652534823684,0.08556173937339519,84.07490449107516
54.0,8.0,28.153169007655652,124.54050188940666,1.0,1.4811058779097197,54.922445581585606,0.016958053232190646,22.36991856669217
33.0,8.0,23.997679904622483,199.96297738542228,0.0,0.6222324984421057,126.42020752936196,0.0038880846244324935,15.425924014628485
7.0,7.0,78.56478117328805,103.66856152986104,0.0,2.615073096765237,146.73078056998753,0.06915273155158504,74.17604343486067
21.0,34.0,77.41950613222649,49.6139502413095,1.0,3.6617792164505234,30.84678351740931,0.5111673828408801,95.64737468190468
7.0,17.0,23.626192696433844,40.940849303028,1.0,1.0304456929954797,86.56030735590426,0.025883473075877763,17.77865971897273
48.0,4.0,46.59520648849773,18.046452020518714,1.0,3.159045863814569,0.8019493505908748,1.134925710685625,44.37019469727311
14.0,13.0,31.174696297986483,116.17527463448108,1.0,-1.877144241107448,106.95815940394311,0.013157870282866297,27.63581494410697
16.0,27.0,49.120693828065086,113.4686973828785,0.0,-2.714129412951831,62.142317034497665,0.05446068045332556,40.30743104905763
22.0,29.0,69.81063457997524,48.99444608825874,1.0,-0.6933231046715982,28.990384035474726,0.4303101844409691,91.62747267599316
23.0,3.0,77.03670648457341,142.11258722598774,0.0,1.7773659958078325,112.83328826465643,0.06048267093622038,72.78918375265415
44.0,38.0,58.055159207092245,150.81033790963934,0.0,-3.1275305106127638,121.5973196334121,0.03435146139495454,51.29131192922117
18.0,19.0,41.23434003270902,59.228659022601136,0.0,1.8035219215189147,16.674975176390593,0.16023707960588607,30.429135422942757
4.0,24.0,56.199533938675906,75.37895516564994,0.0,-1.059063514279327,6.149364275705099,0.33268412504434836,47.768600877183246
31.0,27.0,38.72007836650702,198.18961774597875,0.0,2.9557527389263196,50.11176625036759,0.022755515057956883,27.763499973586303
43.0,11.0,74.58941844992363,81.1102488916395,0.0,-4.631641828966967,93.89856986415533,0.12093043303391306,75.74935488150271
0.0,1.0,72.22402778635022,154.55231763365936,0.0,1.6798263782939449,119.01292907829496,0.045302658872671875,66.31018137013811
22.0,13.0,53.49390501677966,96.01783105968859,1.0,1.498223366499677,81.90937449456865,0.05862328189714755,56.66531951400469
36.0,21.0,39.48793492282163,160.73551729358542,0.0,4.409354761253144,87.11231644604709,0.01876470862410147,28.177794584606715
7.0,30.0,37.6033805349787,156.1144153687031,1.0,2.1336755356407044,119.97873326293367,0.01372928620543967,33.16156410388648
12.0,22.0,22.005079682303567,136.87364478772176,1.0,2.9630189642328117,79.3265061328139,0.00735753146856248,15.742498523731737
7.0,19.0,68.94925106151771,172.40788579616006,1.0,4.045910158531684,91.67317353394508,0.050348984011328736,78.91211306974182
22.0,37.0,47.02299278234048,188.45151402676018,1.0,1.7505191829198785,77.43260099648388,0.026134521601665756,46.36176437230377
42.0,3.0,39.50797570401586,120.19683088589593,1.0,-2.0984636504002543,132.0687350051556,0.01663714394511356,39.34351941659718
0.0,14.0,48.266621299865236,55.11909237232169,0.0,3.6977379958352206,35.32749278776333,0.15206120303657764,36.953962185909916
44.0,23.0,69.12427942727912,85.73950271237425,0.0,2.475781194759751,39.5990376810764,0.19528099439343943,61.66875021811476
50.0,24.0,27.47685246245127,154.0780855675257,1.0,-0.7556239599910652,19.194219240273863,0.026214553748889063,22.55385724596446
23.0,0.0,71.45935929450964,133.6678621735352,1.0,2.1052917264996207,122.92001272416326,0.050721824829366775,87.65411247124531
34.0,6.0,73.85053010650124,43.78168432739726,1.0,3.676888771811421,61.7665935843536,0.2989584632113866,88.70121472224196
23.0,30.0,76.8024749020333,19.735512817820695,0.0,4.756521313912715,52.18409113218657,0.8803470240625709,70.03997264796921
16.0,11.0,43.84927954535767,139.76270277299233,1.0,4.523515039590553,147.20230756307342,0.016312496198296805,39.546329522214535
4.0,4.0,33.028424242260314,57.70501456557562,0.0,-1.7467217323585849,139.02050496596783,0.022628639707830744,23.43933101794681
19.0,37.0,42.41844910800191,104.93734630852015,0.0,-0.7830628628181824,145.79815231871422,0.02244269239237197,32.32965809782176
20.0,11.0,39.974725773884195,151.8818867773929,1.0,-3.9046339502262875,21.344849513803926,0.05055938727733064,42.292754989491364
39.0,38.0,30.569234750171603,116.9066883247033,0.0,-2.52455712981954,133.68777197222494,0.011319647327592726,21.349987042260985
30.0,17.0,56.436000206089275,25.827490791241313,0.0,3.8242120848695027,49.306439908117724,0.3631232154482584,45.69164723915161
45.0,1.0,48.59744963051773,45.26024498887553,0.0,-1.3915007372064103,1.8985155317793767,0.46142201527832266,39.142712377073096
35.0,9.0,71.94205953944022,51.67235496587464,1.0,1.2055265859488107,58.69475039746031,0.252822276977761,90.82864002938169
10.0,14.0,21.926574828923496,58.99420819252053,1.0,1.6596561830703327,76.37945297070895,0.016920725342561158,15.952448410448557
51.0,29.0,58.63207565330758,117.4266444705958,1.0,2.81829275143312,16.2330635351108,0.17182689193884107,63.18058917743696
14.0,16.0,65.77693271069367,105.75349816682476,1.0,-3.1719996975436904,80.65164253113845,0.08214806888034994,90.64986684672436
18.0,3.0,65.56919415129842,48.600407289199694,1.0,-1.9518686538556451,122.91953762650972,0.1186295293705423,86.30485293171768
6.0,6.0,73.1644380257315,22.835420256580544,1.0,-0.5166365854181942,56.647642625879094,0.5889710996958031,98.32179941760994
50.0,30.0,63.74202456976965,42.57211885019643,1.0,-1.3515893876172647,52.89672098014533,0.2791511915299284,80.82517767823813
27.0,38.0,75.66860369886177,197.03244939753463,1.0,4.829052328596898,50.82156303460161,0.08930006165011091,89.66113172366997
50.0,33.0,39.95939598925349,99.02392046037973,0.0,3.3494080321371245,138.4641668825538,0.021869143060301265,28.84265658192686
42.0,5.0,50.19256500509258,174.79564589340137,1.0,-0.20313245379513956,7.313714818529865,0.10360539807689148,53.69380265611224
4.0,37.0,20.84477979697344,171.26296866708023,0.0,3.7926862608646794,66.76142129894329,0.006343881452253701,12.80800673002543
4.0,33.0,20.417455238197473,107.188715917946,0.0,-1.523470524167032,39.68991812245753,0.013957226429374596,12.838568832083709
29.0,14.0,34.407597227091195,144.27066460750328,1.0,2.858283238902646,134.07105380812413,0.010749419545989465,28.84567565224095
53.0,13.0,26.048431828345116,46.622881978415336,0.0,-2.7632440189354632,14.407839537570588,0.08582589692938983,17.45881112525684
31.0,5.0,35.61268207614522,140.79537393611258,0.0,2.7232204522636594,61.71641500206162,0.02150587263608147,24.95658216855302
7.0,36.0,30.622597671703844,61.75307006002501,1.0,-0.4354659680427164,61.02242280466285,0.0405386992467728,26.082072047097675
9.0,31.0,21.711201490318896,168.09179838328865,0.0,-3.9250067900775765,133.2591626320534,0.0038961677572853176,14.044181263537427
37.0,2.0,74.55824878436296,25.907585290692882,1.0,-2.267375454444177,32.32401675614542,0.7932279601957932,107.70902224885705
46.0,2.0,20.49338788333349,156.89634784820274,0.0,-0.9772537597643538,96.73431154524167,0.004460586589097573,12.85620755180962
31.0,21.0,64.16492866022513,28.988012248037712,0.0,2.4929291166443712,20.160919033168362,0.7318037082380824,55.42895478090844
47.0,21.0,29.12887321517099,177.4259550099187,1.0,-4.270172852690491,143.09635711208142,0.006090546792571593,26.683942072948494
27.0,9.0,74.733777319976,67.79885844565071,0.0,1.5954699509263959,88.95224389084288,0.14957272749380723,69.77054979184345
16.0,2.0,73.56775637539315,134.3347393178092,0.0,2.1601364093284356,93.93850954810054,0.06734190712132199,67.73381482256104
30.0,11.0,59.23406878215544,102.62543293785316,1.0,1.5392136992575145,65.06601024907083,0.08024872009062142,66.23098769563283
7.0,28.0,60.33404898803631,79.5975975998444,1.0,2.6066963816755564,51.34240689994834,0.13509421056697704,66.36172340415537
39.0,16.0,20.320348518181312,132.63394830486433,0.0,-3.218313839771617,31.901464424231445,0.012235709511926884,12.895062302513761
24.0,6.0,79.09229396681613,190.02936630473522,0.0,0.8710335506303735,90.59816307483884,0.05805734128497368,76.52979650332699
8.0,12.0,72.66995621454886,17.84125200117815,1.0,4.4114494720387984,143.1842618022357,0.3595310068114773,84.95650702209686
1.0,1.0,73.70637354380553,184.58204261778982,0.0,1.107842698045377,53.96864311386045,0.07432448331870813,68.77302326752452
14.0,3.0,59.554672223052314,125.72551445399257,1.0,1.1133634695295302,132.47353329930814,0.03534625587138185,67.53372517686213
49.0,9.0,40.68721571927219,163.38971714611995,1.0,2.3643964211326898,22.31644692708745,0.04786369286985712,36.98207268076223
2.0,38.0,73.61891894542885,82.93624115251274,1.0,-1.6679576787414097,140.41890313227012,0.08864530974615635,103.23447264423064
48.0,23.0,37.49101568907154,99.65016521914661,0.0,2.0047590132154056,52.572942584711484,0.040621250050768914,26.815206994999272
35.0,16.0,53.76269260053217,175.08164284222116,0.0,4.16233833313215,56.959081739001846,0.04370043086846184,42.60868176015319
3.0,5.0,25.983858340632942,88.82111426386639,0.0,-4.89104526974657,69.42633855514924,0.0162479209468423,17.696232805201262
13.0,18.0,75.317337807965,111.58531768232615,1.0,3.7011304110886534,107.73664049214753,0.08102441670142219,91.45660186639194
40.0,4.0,28.4462274662728,13.837035386023253,0.0,-2.813816687411409,107.94801505335528,0.08929194952970497,19.51949455531116
40.0,31.0,33.49380834382443,40.13362110922804,1.0,-0.4407672629962478,71.93828770794978,0.06494433766929222,29.635608662756262
24.0,9.0,53.4880494876929,131.92043651521195,0.0,3.5234780095263796,78.4729348970904,0.04349647890573955,42.55612240170955
54.0,8.0,65.8455800127789,146.22561120213666,1.0,3.23912127456629,4.501573166121176,0.2415904794744962,74.85895134733738
49.0,26.0,57.16107835617794,120.6941779890549,1.0,3.919274781260559,45.64450523374885,0.08695554680300169,59.28417448745559
9.0,12.0,33.92803476800937,37.22890689236603,0.0,4.404167926325261,51.902561134591416,0.08528435236799467,23.190856637167585
20.0,18.0,20.05658255164942,94.62703142978862,1.0,-0.528430432282414,83.80909030886392,0.008358365952102901,14.670661095140417
35.0,20.0,65.42903481844635,77.46800560900607,0.0,1.5636381080100692,83.74496510569567,0.10997651146573884,57.57202655594229
11.0,23.0,79.11243955466563,104.17565536666679,0.0,-1.095215594738933,106.48496965918098,0.09844702769440844,78.57170672792674
26.0,37.0,68.59478721836543,175.3625165652779,0.0,-1.4928328250783418,107.55409443271213,0.045653956116164754,63.954987377076925
39.0,3.0,47.61239708939692,157.41367334514385,0.0,-0.6840458940233052,35.28160863181245,0.05066066687642717,37.77870037885772
1.0,23.0,74.22603568394639,25.9580052639402,0.0,2.43076134782676,115.52807266572371,0.3236538183438452,68.40405402785396
53.0,34.0,44.590860387101,179.15874757716722,1.0,0.01440747141552845,2.9405352069423074,0.10425502441524619,44.62126712142046
12.0,2.0,51.496045054608054,99.63575871846648,0.0,3.14059674448342,107.42428269100807,0.039641868872712475,40.543722340830506
52.0,3.0,48.627786043741,151.3338075283397,1.0,2.4521847719615586,15.309165527913466,0.08670456812739942,47.98758743847557
31.0,36.0,46.857432359931494,36.607453940226904,0.0,-4.795215388756007,109.44723126318286,0.10029425687822996,38.68155920770421
30.0,39.0,66.51144615763434,137.43670988433914,1.0,1.302381571061616,79.06771358526065,0.07089987798741956,79.93121232436827
15.0,34.0,51.60613443616952,54.90194334579701,1.0,-0.6342887669140895,65.58817510246382,0.12189079174456863,56.70529360361628
31.0,30.0,39.00302732151297,93.292370456777,0.0,-0.43371010848858416,103.59995846421435,0.02807514139833066,28.814022346769477
31.0,24.0,35.4894900595087,13.203945315599837,1.0,3.1837305386989465,5.4556250620849065,0.7829695356735593,29.956330130509897
33.0,39.0,22.264839018046004,38.80602120679045,0.0,0.47607986084676757,33.52054885133675,0.05208304424794016,14.09387417772943
10.0,12.0,54.99170971298276,27.495293693487756,0.0,3.8562182345894715,92.4660213701481,0.19405946525211332,44.07361035727186
9.0,3.0,33.797684924062054,55.551392858269104,0.0,2.1280559239169037,127.08231099462269,0.02659515503003438,23.43636005154707
14.0,13.0,28.888035320982986,29.00343710462123,1.0,0.5284000876405281,57.16614554176754,0.07445865734331042,23.58027612407156
16.0,12.0,59.22979782966066,141.46290505771677,1.0,2.5453797615110374,38.814220895033564,0.08394165061333156,64.59165865072578
39.0,26.0,60.872555469292934,15.51758141975168,1.0,-4.616509490745927,77.81046536834914,0.5139933100791356,84.55908288176568
17.0,5.0,65.12929353545996,127.37069511874961,1.0,-4.729163451717922,93.3472878580262,0.056788166591480005,94.98041695286145
54.0,16.0,50.21461378031549,36.73448785685911,0.0,-4.166506730791479,63.01545471086197,0.16943462712858468,42.288994913540506
8.0,35.0,73.6432763122332,189.58067686380042,0.0,-0.6243467485285736,131.50660239896325,0.04071621000406668,70.19435563674134
24.0,39.0,76.18056520389366,187.2878738908723,1.0,-2.645498543730569,78.51580632900202,0.06864084911525076,113.21873961752914
39.0,34.0,68.44225638754936,52.845589478982895,1.0,4.842612944157846,5.3735381355877525,0.7523450005305148,76.59846301147357
13.0,16.0,58.13560892049124,126.7400466623756,0.0,0.4229013901136691,33.458093205928556,0.10077145033668865,49.28696852240324
24.0,1.0,38.22325721547132,15.321010699767102,1.0,1.624157460811585,67.59705463767219,0.20770491522799692,34.29794657076485
49.0,12.0,78.97669529721327,187.03982317972307,0.0,-2.2117986375330334,104.65882785254,0.05402737301364889,79.61051226333592
21.0,1.0,36.4481700315163,109.36758855642483,1.0,-1.7820309141239121,32.96283656888833,0.04365215577139088,34.6077001749793
51.0,27.0,32.15941531942586,18.21239876937801,1.0,-1.645380858588441,146.43861595761317,0.07216222455609032,28.739763934404134
29.0,25.0,46.52924682719497,75.0749986715461,1.0,1.987357051503006,47.78373872821252,0.08913905813693485,45.3968971921058
19.0,21.0,23.410434242743307,24.601397753634497,0.0,-0.2629379231069151,79.87203102908826,0.04600610703501487,15.04469585661554
20.0,2.0,78.70966788030745,84.65944348093838,0.0,0.17683652530074423,2.8449577096561764,0.6120431630664216,76.66107757945
43.0,34.0,55.30601338498549,137.2860050106514,1.0,0.9200298215934533,132.73360821462066,0.031421585086076065,60.514681866432966
31.0,11.0,53.41712549985051,99.27908252787353,1.0,2.68811656238217,118.32519802877752,0.04150593068382177,54.978197031014986
50.0,23.0,59.34777679398319,82.90721319669635,1.0,-4.096302514875219,29.318700644338904,0.1801019549958402,79.43163174055988
45.0,4.0,49.8214188666324,32.63983865268831,1.0,2.768739122188216,139.98550368597643,0.0931269535968874,49.41550464624528
48.0,19.0,21.923811025672496,56.5384186817947,1.0,0.6323506887517982,47.375964569610694,0.026055508858379976,16.19762443815882
20.0,38.0,56.738677330423805,29.027224670286714,1.0,1.6909544485525718,103.82794325701757,0.19491525761820933,61.72874106616135
34.0,38.0,62.97043261738584,163.42475901476556,1.0,-1.7244823515923802,122.84644770248998,0.0369675679550724,80.23409093479607
31.0,12.0,45.00494363744319,35.695567317097286,1.0,-0.9061316318355084,111.13716918557712,0.08675921114235509,46.338350998796955
29.0,11.0,65.43773432427157,123.12093964428976,0.0,-2.6883418034607978,137.63741760447618,0.04403185718154962,60.64447888095323
54.0,12.0,33.62007796030524,75.12067858188072,0.0,4.7929999741740525,129.64121405110626,0.020344003875401893,22.86744292568953
38.0,9.0,33.27659546397104,52.93589308448487,0.0,-0.02997027489683335,149.1917271137415,0.024594040432426766,23.343471653146732
48.0,32.0,29.68501926125444,131.49900350349972,0.0,4.960769157965979,27.39171188642183,0.03030536777971901,19.546016485862346
11.0,39.0,42.31968558734971,96.83043878161872,1.0,-0.10214021938733664,45.71427018400501,0.06142933582041254,41.386797310326315
40.0,15.0,70.820722123345,86.02763878406624,0.0,-2.8024873561593266,95.4338801147445,0.10271380399501201,68.22799801765318
46.0,34.0,69.67472372894386,122.6418809295221,0.0,0.07452396736856715,109.95707788373755,0.0656173433004026,64.15067911437932
17.0,2.0,42.96945247781023,103.34084941310013,1.0,-4.604044282009222,80.19075818335638,0.03399002197623176,48.431316301571584
20.0,4.0,55.3471241588142,67.66199962479655,0.0,4.047698014219513,11.089254732992238,0.28080522757126297,44.388061649562424
12.0,25.0,63.24897898849494,116.22164467539781,0.0,3.1855025119444114,126.2392840200573,0.04914222551570935,53.919654693407736
20.0,10.0,34.47240647768138,137.20472954463196,0.0,2.258205206942847,144.1311534031908,0.010441661403806595,24.014909170953814
7.0,6.0,30.088465153684826,15.071700131502313,0.0,1.0982671544246003,60.82752657395921,0.14322621534780305,20.36481445150026
45.0,9.0,78.32575959273866,98.51562849245832,0.0,0.7983423367036313,33.721872254826906,0.2313265576173361,75.50246129187846
39.0,33.0,57.05343879257711,20.959824070873317,1.0,4.967282140794628,2.897063244313131,1.4567167115862625,57.82650178745917
45.0,2.0,78.88494331001984,45.4170286729411,1.0,-2.220025659800621,35.59485541403779,0.47912736377935494,118.07412705052178
6.0,7.0,40.26535922793374,116.49665947481489,1.0,2.7968436536557792,104.98781622576334,0.02154627746912847,36.11892057114919
22.0,30.0,62.18190199844789,174.57589390046033,0.0,0.8140477021365744,136.73840815090958,0.030040691674704318,53.98483060216394
43.0,10.0,33.356218192474266,177.73307904581213,0.0,4.758805437588852,14.026959964764874,0.03681312056887514,22.645692802060328
31.0,6.0,35.672010276434776,23.289361926339943,0.0,3.278031832982524,82.98887807428949,0.10392627305490477,24.91159881448502
10.0,1.0,50.714127276177436,89.62996639447425,1.0,4.985251129895927,104.32968727677485,0.043503431545929894,48.490740638297055
21.0,5.0,39.17708753048427,120.77123177086474,0.0,0.8832499446244635,41.45712316594029,0.040081406155245476,28.659780502025065
21.0,31.0,30.057293830435068,37.94328186456525,0.0,-2.9545604245506496,85.4845558755453,0.04812830483124026,20.96627898458911
42.0,19.0,35.77284211935956,155.43212118150663,0.0,0.03687035694733831,107.28726390086594,0.013336142630699982,25.62141157335745
24.0,33.0,22.14490366795188,151.4046991030754,0.0,2.1111113405057456,125.65788647030652,0.004771051527647804,13.88030092609504
21.0,15.0,62.265417288649196,181.634792604291,1.0,2.743603861815881,67.87497762299714,0.04904559286000728,69.44978263210938
27.0,24.0,49.52699942515169,11.612342295854173,1.0,-4.9949001098405645,112.17858283784409,0.33363742913583705,61.49880130369861
28.0,11.0,25.654583984271536,51.1700063579105,0.0,0.050270885022940526,45.26744576097745,0.03931090552883298,16.80402799604284
12.0,6.0,30.301639587709474,167.16547570661112,1.0,-2.6476542002935344,31.957012015823793,0.020451872285887237,27.03864055507968
17.0,38.0,26.152072286758642,137.41020965711772,1.0,3.7491183325478836,28.097061913600115,0.022520647718150905,19.549070448327356
1.0,16.0,56.75556849655259,179.93407220271325,1.0,-3.4709455594977143,53.830909773858934,0.04871296316211069,72.15971738663396
28.0,10.0,25.65262181674963,20.86413436075064,0.0,1.664562495748334,5.381952268327356,0.24691743160556123,16.637418322240944
20.0,5.0,65.25693998211297,123.42315348612414,1.0,-2.3393780967507514,42.44877564978746,0.1070152229019683,86.80157679278142
14.0,22.0,21.23065515922347,118.11884922979809,1.0,-1.4345785678572776,97.83342366648424,0.006693604515456676,16.070360338822507
51.0,26.0,34.96254727975353,16.77813910850115,0.0,4.405592607568448,97.1878570740205,0.13112497265720788,24.093404457696792
26.0,5.0,73.44000055351444,107.56919461337188,1.0,-2.5955187459192053,11.033070973723685,0.3142123715194477,106.33993076531816
49.0,37.0,63.11187908733476,125.8088591488856,1.0,-4.049972381770694,43.11234256209302,0.10891158393953032,87.66176507114686
30.0,1.0,24.378099975541264,46.34570309840037,1.0,-4.307150985557742,85.43364970168825,0.023311898932421794,20.697729588002606
14.0,21.0,69.26756626911079,61.932620793685956,0.0,0.046151100994621386,47.782820625465426,0.23538232943390452,63.62755024019221
50.0,19.0,49.58210729241229,131.66599579657003,0.0,1.4171148228428798,62.69820362833102,0.04664558000730728,39.119877804607924
22.0,24.0,70.80698163012975,98.97718004399208,1.0,-1.727063564291128,106.9216135673646,0.08323018016490674,97.04945155526752
23.0,14.0,56.04438646702361,173.0225949379821,0.0,1.902597417930808,1.3900244184945065,0.17085945513322248,46.10227646937465
43.0,28.0,60.90998192197152,75.05253554174578,0.0,-4.389662814267622,41.45903161326458,0.1704187862094899,55.908034733924225
12.0,7.0,79.61009362374249,60.66533509375822,0.0,3.573346449228768,21.3558365677525,0.49095953665091985,74.78983977069542
21.0,36.0,33.94013275544109,197.12452866552013,1.0,3.165672097392378,19.14137741467376,0.032307447679979645,28.147400224428914
42.0,32.0,57.4367344856833,183.11579632471586,1.0,4.854962713920856,143.85603246708706,0.023554516519120012,58.54798272915025
36.0,21.0,47.6192834034439,15.508621549806174,0.0,4.365049809018454,56.484049734362664,0.3960827077367752,36.08760673718942
32.0,4.0,22.367117175361486,156.43843690824752,1.0,-1.4380283608107192,79.06328773644597,0.006276074741128559,17.239353006385052
2.0,38.0,20.8682384901719,30.963607026788562,0.0,-1.0072461598442284,110.0732830604449,0.023529284171120553,13.14220905227098
53.0,17.0,27.15371466907152,15.222187017580481,0.0,2.459648474782595,7.1171212290075285,0.3670595072778163,17.76141194941227
18.0,37.0,58.94550443231289,62.00214803360629,1.0,-3.659172280450168,36.15339578365475,0.21656387781912248,77.24303478381047
22.0,36.0,54.02978527480353,61.17571702160981,0.0,-1.8598528975516515,124.82216810155688,0.07130470273546743,45.606023079417014
28.0,29.0,53.20577366982364,165.67056484592328,0.0,-3.8145906302435173,129.29859197668216,0.024274845889775624,45.68838318393041
29.0,30.0,21.911405751695604,145.02677672913867,0.0,-0.4511355092716862,55.942638096120305,0.009274705228211791,13.896169114693539
38.0,9.0,48.158179781600424,196.5057911930827,0.0,0.5200427988531764,56.22923994776524,0.03079815217141237,37.917944885478995
43.0,14.0,75.47736907055172,145.18745105924552,1.0,-2.8883953003724763,113.53453156633228,0.059617175441804386,112.53273876971352
46.0,17.0,43.855512158638795,89.4685551186491,0.0,-4.7336831308589495,44.26053401248037,0.06861017046883819,35.26338162485007
24.0,22.0,57.49534818730738,142.7962555795912,1.0,2.193558317505231,17.564112170999714,0.12772266021530773,62.22803049204673
36.0,32.0,66.78912053738861,199.8972227654164,0.0,-4.799948355738315,38.63031753608752,0.08150202380288182,64.38795154224977
46.0,15.0,67.03551674851326,144.92695768688034,1.0,4.734026089283562,58.10170974536623,0.08089894598814067,74.35023721219105
7.0,37.0,51.15680494371628,154.71945763626047,0.0,-2.7839274325760455,7.830706439264739,0.13186048162453118,42.69269200648624
41.0,34.0,71.47711672414017,188.2893528861493,0.0,1.6390009211629109,71.80203813002622,0.06365867037294515,65.34644299238141
15.0,33.0,43.48268560182482,31.593739649219835,1.0,-0.6524827376001086,111.00112691591677,0.0979493293401307,43.70107122467736
7.0,27.0,73.3215928870879,143.9090157550681,1.0,-4.403261396628928,77.06177167206924,0.08083249822652937,114.1073343463184
0.0,1.0,34.41362998373272,171.6531320138153,0.0,-0.27816393365532543,10.784301077176044,0.041818739596306505,24.426189504917105
43.0,29.0,36.812984419434265,191.33193404196967,0.0,0.16760634296799637,66.02244470189378,0.01749529817906415,26.56920579667152
4.0,12.0,23.187237451940067,50.08416504522288,0.0,3.5468320809286844,106.33569120642491,0.01680294147828747,14.563399104524825
2.0,15.0,67.73491019253697,105.7465114676064,0.0,2.323490696478979,8.71449809852849,0.3024090615766952,59.99570873302832
0.0,4.0,45.02331417396233,139.30542105245155,0.0,-4.206975252466137,8.977078459033278,0.09523674764198223,36.341433387505056
3.0,27.0,33.74699683468394,57.01886860525411,1.0,-2.9083731656773493,55.5902104771474,0.05544884692363242,31.84312451628459
39.0,38.0,33.90741665699478,124.08984401755207,1.0,-1.8811231578505228,29.244594618556363,0.040948409300116284,31.210175367128755
34.0,19.0,74.08399647375398,58.93996867461988,0.0,-3.8359231353518055,140.21711869626307,0.11957145270338061,74.06854986896343
31.0,23.0,70.03499602766222,73.35683390101298,1.0,-0.43100929085509443,87.20154056096148,0.1299079237289697,91.34161438058491
41.0,26.0,53.211853121431,93.88855233706437,1.0,4.843091908625356,43.09880991088443,0.10065678440451968,52.22086746171633
33.0,29.0,56.96664802494327,110.54611876184772,0.0,0.14612791237761602,105.71650936724262,0.0495583981852613,48.04127054416847
42.0,26.0,48.45953423301746,95.37951560877862,1.0,2.4188216832316933,56.23935770389933,0.06802232240619993,47.77488805990379
24.0,25.0,43.49999257272853,103.70714875970654,0.0,1.8293779769934615,19.8173466568515,0.09592001509108936,32.662602893784666
9.0,6.0,74.9286128730999,66.7318636947756,1.0,3.4991143509213796,35.58483447653706,0.2921603923454419,91.16676200098419
20.0,37.0,27.536762211218125,40.203367864299814,1.0,-2.842765095343905,96.41209266890635,0.03515993292979763,23.697330790943454
45.0,4.0,45.10680738297368,18.996495692099494,1.0,2.5382626169302824,7.781415899548749,0.7553150844980034,42.845191229410446
38.0,22.0,40.67371447927252,47.235957273416865,1.0,3.8135524030574954,40.90335600720956,0.11957967076587037,35.95194590853285
26.0,27.0,49.8890432150689,120.56929188609878,1.0,-3.2849017701975725,31.246721646326193,0.08488842884497297,58.39674400628843
26.0,33.0,47.457912472710504,159.36193508259515,0.0,-1.5319778021199626,30.1702666014798,0.060448882686596685,37.940690860637304
1.0,14.0,51.13337189906488,42.15704351414996,1.0,4.701017643315614,102.41436179639567,0.10090606564581246,49.35628337151335
40.0,31.0,28.395138633619645,30.62551797680321,0.0,2.8078784597979247,123.87253751315468,0.0390880160667968,18.733623470314157
47.0,25.0,50.78849009079663,152.36516850435754,1.0,-2.1740916746246763,107.3799912096388,0.02793517181892669,57.90453886863733
12.0,30.0,34.54512883323265,67.98008280208504,1.0,0.6394176964448695,96.85917237007683,0.03189508378368509,30.267361267649346
8.0,18.0,31.059880939291475,190.78489345319696,1.0,-0.9567387715052122,137.4677657726796,0.0065247658607467465,26.913025666883883
51.0,8.0,23.890053127171473,145.72041441597088,0.0,-0.10034823672870119,8.758857063644527,0.02715356849990194,15.407517497844347
35.0,28.0,65.75915352536846,72.08364897617587,1.0,-1.4483380860929151,25.122462896436108,0.28140014630709065,85.25219336180538
21.0,38.0,45.646515251393595,65.01312208080394,1.0,-2.206689814696594,62.16102835057982,0.08489101449958496,49.131951746406415
41.0,3.0,57.5986209987055,109.50269339154872,0.0,1.7476304139141874,55.86774652558016,0.07775430286973763,47.972076985150096
25.0,2.0,63.6556005982846,25.037486972859792,0.0,2.785418150861175,62.70774044445337,0.3753281930446069,54.63687537840246
53.0,28.0,60.75899991881321,32.35853740260681,0.0,3.7395712274734483,30.968235756405903,0.47483555795752097,50.674645583949385
11.0,10.0,48.23004314538094,43.412997450076574,1.0,-3.4467003268181196,22.42549733703425,0.248604139603572,55.68514531874524
16.0,32.0,43.27391173710379,157.19748272786643,1.0,3.228555236452406,76.37898711868921,0.02642213874328387,39.758090165288024
13.0,37.0,42.557594578439826,107.63289826113326,1.0,-2.451991755229365,139.20787861031906,0.022933591930004615,44.466583607769365
13.0,10.0,58.40292781580338,12.007753327144158,1.0,-0.7266361008994937,58.795419352487556,0.7104786951169267,68.96883122862022
33.0,26.0,49.6876612965124,137.9681402197007,0.0,4.014436858492466,6.502982117929212,0.14201120177024862,38.32575975092024
52.0,32.0,70.94793487931064,90.50113394549444,0.0,-0.4549639901739799,105.92510143342868,0.09468957541462268,66.30587750006246
19.0,20.0,72.48211905960272,107.06194934312161,1.0,-3.0293646595568378,43.66573582907624,0.15840825374836015,105.789411697939
10.0,38.0,30.233622680391107,50.68208624845776,0.0,-3.401313447628822,36.76425109573381,0.06914232905892574,21.203875751902906
15.0,30.0,28.17401909274354,114.83862339487969,0.0,-0.2701623334786618,48.63870010469431,0.02138972325831397,18.924746025928066
50.0,37.0,57.82405556215997,196.03911555278285,0.0,2.626724239765541,108.57232858618144,0.028801167877959492,47.80849101868146
30.0,1.0,38.073544883736766,23.954491291094676,1.0,4.972051439743012,122.82290803054562,0.0812135442444998,32.08237108207782
54.0,26.0,21.114243125905933,63.94430593624182,0.0,2.8740862843090187,88.20841010084455,0.013594916009500125,13.061051689692107
5.0,35.0,73.31856016177731,56.169542643557655,1.0,3.7701195894285355,48.37181305793274,0.30179262927252437,87.49148741249329
18.0,10.0,33.614046034628494,57.22436904272412,1.0,2.4783236093488803,46.57173496759172,0.05862379493121322,28.105856627213754
36.0,17.0,75.75683910114854,81.95420793742169,1.0,3.95435100756106,18.646252485819453,0.37052028819059274,91.7295519746294
3.0,0.0,63.04606705269522,165.44085910139182,0.0,-4.237064566860868,139.99515723527918,0.027955262220876673,58.66580740670062
46.0,34.0,65.75920939468905,183.4431510932336,0.0,4.299315989816455,95.72090984532294,0.043884049583926554,56.33076410069522
3.0,34.0,32.08768974758962,48.42086661720493,0.0,-1.0359384627434387,4.046192978379604,0.19002793460588002,22.451697540210798
19.0,30.0,34.05166553700877,113.16048821014142,0.0,4.216142232804446,99.3550642780021,0.018244179219880478,23.326737846374677
9.0,27.0,51.276065229443944,131.01080471144127,1.0,-4.242671625405245,67.07301362902618,0.04842475800290792,63.12724188042756
23.0,38.0,30.32599115899173,109.14722012913053,1.0,2.1524295712113584,145.8836944570379,0.011054279932937314,24.494666549791518
53.0,0.0,38.32590156098193,92.47451489741472,1.0,2.3568874867020453,122.86032372096105,0.021552122916563467,33.93115877328668
34.0,24.0,39.28774867686827,46.47534611325519,0.0,4.969108892977728,25.69736307491973,0.1519480251234544,27.880986177747616
25.0,37.0,29.577795995165847,102.76167824785531,0.0,2.6885527068981374,108.01666783122997,0.014432914007783505,19.725415176713305
36.0,19.0,32.31097000370964,86.23081726515248,0.0,-1.1742629418439332,72.83490057528951,0.0268453254061032,22.677752617699504
37.0,2.0,67.3131105204954,161.15703887543123,1.0,0.5724855161854536,28.056774550489227,0.11316967032000536,83.1562313247668
20.0,1.0,30.031751272836104,155.08482824096907,1.0,-1.3344906183340977,104.81098609949235,0.008861214511317494,25.872683521230574
53.0,17.0,21.70744351063535,35.45974942907743,0.0,-3.039813546951419,82.1081368041368,0.02674360555146797,13.958389400681838
39.0,9.0,57.76129655773631,26.81861998698284,1.0,-2.5149767249772648,4.556081815735574,1.008241972403786,71.74921219903247
38.0,4.0,78.558987163547,182.54924921322558,1.0,-2.779894657256791,96.98819257932388,0.05638941668562591,119.79540438545834
20.0,8.0,39.872828877387285,111.74659390325456,0.0,0.48815330163212933,95.2480634793661,0.024224128164183862,29.431110463642558
9.0,1.0,27.11934219177514,172.98217808369222,0.0,4.061606345318934,21.612774157719393,0.01924021236122344,17.571243033375044
37.0,33.0,54.22323952205185,21.048712907616217,1.0,4.127266260883976,52.348159049503934,0.4146118019167816,54.50153059524783
45.0,37.0,74.38125266573877,110.03796713910975,0.0,-4.452362224741745,87.884845612656,0.10117596875484149,75.22047424051857
3.0,30.0,67.04370678970872,112.4910377694849,1.0,-4.201005990481065,20.817452116009484,0.20758864799792587,97.4427970183902
44.0,9.0,57.35095210476296,173.5333861830085,0.0,-2.5488094282765648,127.90850667521347,0.02556141740244774,50.03902996983301
19.0,11.0,38.90338979645596,28.545899663644427,1.0,-2.4494054753052508,4.122906943155568,0.43644691271000197,38.82555245297712
16.0,35.0,52.5128103965732,55.68465709842277,0.0,-4.051108247607489,15.425612245403242,0.30156152651724555,44.981127661002326
54.0,20.0,25.474690478255322,87.2422796385325,0.0,-1.115366588265595,17.416037978232612,0.041235635472574264,16.785038333449982
6.0,5.0,60.7367254568402,174.509880329789,0.0,0.8772539269128721,79.21606889625828,0.04082988726434317,52.17422566389685
3.0,2.0,63.50576113385905,188.38782986340772,1.0,0.7816220059946366,93.01710182529379,0.035648406149017514,75.36903223437282
28.0,9.0,77.90189737459514,198.6176777227893,1.0,0.434296812585927,60.56111947522298,0.07506896558485075,105.6959552530215
13.0,4.0,35.6238415247043,192.24676242711908,0.0,-1.613280751125028,43.30002415022493,0.020001775064797986,25.837973089917668
2.0,25.0,21.107385142581357,11.128933610427339,1.0,2.0645568531658065,121.39760634383362,0.058969680581567804,15.092299013656175
23.0,20.0,52.73650786562904,19.06458487623569,1.0,3.2648394098107136,10.242897558963021,0.992563072227429,53.23885781679026
36.0,25.0,62.40743026380887,38.04529563994185,0.0,-1.5372573352259156,42.04377916991876,0.346155494130299,55.782855319364195
15.0,37.0,67.42444855297929,76.28379838635189,0.0,-4.14464640700538,5.8673368205956145,0.4999130663712318,64.66872521352857
54.0,25.0,31.624335981488635,167.68442588752217,0.0,-2.036697489081435,2.0835202449402015,0.056828232092514,22.21335919160029
51.0,7.0,35.70517214222142,179.60467711374127,1.0,-3.6263134542509725,53.00698303983019,0.019317064200483555,35.34482230778045
3.0,4.0,50.75545551603778,45.498537195970776,0.0,-0.3264127277281914,29.2235493667398,0.21875261219592598,41.10202799002778
23.0,14.0,39.83604859820011,127.73618880774465,1.0,-3.4406484868392173,40.25487822573694,0.04150832609298371,41.4475588756265
33.0,15.0,71.6306891952467,184.29877716240256,1.0,-0.3715524234202272,123.14207361824522,0.039456024893435006,94.55730386304813
29.0,0.0,48.42560922432322,98.10902982695094,1.0,-2.789971076753522,24.447014437383206,0.10254263971704858,54.824979999606356
17.0,15.0,67.97471864612018,29.673278671028953,0.0,2.3873110546240293,117.03500507277013,0.22904940904204363,60.25850300499438
18.0,36.0,54.83718562894123,96.98459351607873,0.0,-4.724317591641544,101.25759347195454,0.05532861811241819,48.262989793926415
30.0,2.0,66.38540849702672,81.40103143473087,1.0,0.5474630383192558,48.9668287711249,0.15112498361318175,81.3958672074601
18.0,30.0,39.96037919181943,119.75501925254133,1.0,-3.305117250799433,81.98342177644317,0.02778211629498709,41.468365903899155
48.0,12.0,69.88499731581867,93.3451500373497,0.0,-4.9900813553037295,66.66534146618082,0.12188320849446267,69.0773461911143
45.0,15.0,36.4743389330613,13.295726102206409,0.0,3.692000880648071,19.259297324649804,0.5191854939831828,25.55954953785183
18.0,20.0,52.765928480197445,198.85956934859752,0.0,1.7152778781406763,136.07779826012634,0.018430649482126183,42.486773487018986
21.0,1.0,32.84042679043245,113.27264516880848,0.0,-4.010571779494766,85.44269513786402,0.017186607445377894,23.734460529365737
23.0,26.0,48.5315912975716,99.98984354207582,0.0,1.6407236768385558,132.03600686931824,0.032529760077042405,37.914867948801636
44.0,37.0,39.090512570522186,191.37730058577026,0.0,1.1164733273759853,123.57397677199354,0.01207324048441998,28.52151864797153
11.0,25.0,36.002205838232854,39.61346984154465,0.0,-0.2664331295679667,11.966388796413485,0.2136590764253552,25.899864695572635
29.0,37.0,78.01910108168225,45.95514448359717,0.0,-0.8074190157438599,31.090599902767867,0.5626981211794048,76.65429127176606
37.0,24.0,29.60444632920384,163.52280232192885,0.0,3.870697629157349,21.78916715622462,0.026829997559074305,19.604990153844618
52.0,10.0,67.23955024744372,59.55790520475166,1.0,-2.5485198010254875,124.61692991803781,0.10542326846760924,91.82309681835437
30.0,7.0,79.04989756899289,161.85315019539013,0.0,-1.016899429866167,129.36699396828035,0.050809701136675135,78.39452932212865
35.0,7.0,21.19408902440467,61.591361752615484,0.0,-1.7088458710517274,79.19572647125489,0.014492285811008334,13.445552452748696
18.0,32.0,61.9416448425257,16.305649742750283,1.0,2.7120102903663357,15.626710876201038,1.412134632356724,68.94318328149328
47.0,6.0,35.174708333377225,108.23279753847604,0.0,4.164653062325394,20.34249278145243,0.05599016800422217,24.319131377653605
44.0,37.0,22.42926945969827,47.37042248410366,0.0,3.4978169874023046,122.0323218657401,0.01623241313697078,13.996785657231777
35.0,20.0,44.17337473739785,153.9907956571695,1.0,2.977039302997685,139.37852047939953,0.016415152483110054,41.1757532337651
29.0,7.0,76.1130686102525,131.82793031410813,0.0,4.8678994557008295,29.92135276659851,0.1729403788797559,69.0470718494977
54.0,20.0,20.705905662019862,185.4845069158044,1.0,1.9714455041038514,1.6706364708259591,0.022123244446539042,14.739031824052946
48.0,19.0,55.273141515786904,158.76778788048983,1.0,2.5105379121353377,49.64293577261669,0.05705647621834808,58.143515717391594
54.0,7.0,50.08378871571946,44.3474314197381,0.0,4.828025397050189,4.574908447182202,0.4579099499006896,38.4732320731071
32.0,30.0,72.40304986226285,162.0300649663113,1.0,-4.930092146008259,124.1962374117057,0.04775308242487267,114.3701757137697
17.0,28.0,25.04010287123754,131.93003851466443,1.0,1.3404837643636502,73.72683858393773,0.01070429809232078,19.123849034599733
51.0,8.0,60.89156179319902,137.10081193451873,1.0,2.389715319532896,96.27911681445298,0.04637214408028695,67.66956358972371
48.0,14.0,60.80658190599664,168.12994833432828,1.0,4.17827053757195,61.722731420481324,0.05469092603016015,64.77500932446782
27.0,29.0,60.144801011736995,119.02657314589865,0.0,3.838443041843428,51.82613205187228,0.0897333480680181,49.91123559830827
46.0,25.0,76.54006969610222,98.54066772707245,1.0,3.419606812337943,33.330061961412724,0.23427583540493482,94.49770818368353
10.0,9.0,69.38525174041283,130.96179671815833,1.0,4.457912719417037,115.57988205572185,0.05310285612297469,78.93357913755105
53.0,28.0,22.518363574610362,66.61191150208822,0.0,0.37379187913707534,104.3321376623294,0.012988196211431652,14.29670109959893
44.0,15.0,48.26497104227079,44.693454906548865,1.0,-4.930799044151732,54.10934767441292,0.14322132968046297,58.87037768116997
32.0,35.0,43.87718337208001,127.15168923353681,0.0,-4.889456013029905,48.16742014487744,0.047949309857932415,35.352151459549816
16.0,19.0,38.608833265448126,54.43119012624076,1.0,0.4463905561785808,0.18643179730185033,0.2775346551557667,35.68916461558209
5.0,36.0,47.080203509245834,25.18387077585528,0.0,-0.6472776113605871,9.532819506820866,0.6445660574026452,37.18826204548161
3.0,21.0,43.05165109555865,10.105295071198244,1.0,-0.4875494663455149,93.48832873389522,0.3316472430622977,42.87086957814398
19.0,6.0,45.94003399271992,125.58068626601275,0.0,-0.99595262789963,77.19109653531925,0.033617608551657664,36.09016472406539
47.0,22.0,78.75571193651855,78.808268861245,1.0,4.177258090912357,65.22048067275338,0.19240932323727689,97.03888954875353
46.0,39.0,25.317978484974844,152.93908442795663,0.0,-1.408296488302101,124.12533612024878,0.006345019787576909,16.68973413067451
26.0,28.0,75.3338521903238,81.28351567948947,0.0,3.5622694176308323,75.58473066042698,0.15441240861068287,69.0027930733239
14.0,15.0,48.814202808261605,102.34065516526307,0.0,4.028647937916409,57.67403721109799,0.06034249529202534,37.414697569801675
5.0,37.0,57.42453472997247,87.34614483492314,0.0,-0.004982300010452079,24.188452128747745,0.18535397478883797,48.666531337454686
46.0,27.0,69.81097799706163,133.60921031077575,0.0,-0.530619626349117,123.10320123219287,0.05387534168292899,64.81866322624863
13.0,37.0,41.627781748955336,77.66644078284396,1.0,2.610206042154468,86.43723751817816,0.04548488126332991,38.041268338026256
10.0,30.0,45.825314485278014,193.1158534890387,1.0,2.0797150763988235,13.868994888413594,0.06815049173824582,44.290636571339405
38.0,13.0,44.57110881672284,187.8679274537207,0.0,-1.7146488340379407,97.33475969956137,0.018188239111242795,34.885416669507975
8.0,32.0,42.48386135214559,171.12530150488345,0.0,-3.9745187407535343,63.76061182326149,0.026896583070113514,33.46912217689659
25.0,8.0,75.5317592988137,184.85705140882214,1.0,-2.3514759981751965,121.70793353819937,0.042861934194423114,110.39098189969437
15.0,26.0,69.73579347158072,95.3365408072843,1.0,-3.6897149418770105,137.83718954939943,0.06774966711151556,101.85348288859979
4.0,23.0,26.539999391778565,111.9217753900035,0.0,-2.052677242233086,90.0698719764369,0.011827074197278341,17.78042206707905
51.0,12.0,26.48740114862576,150.99759258606645,1.0,-2.3817843441920097,109.74192289700497,0.007237966134001982,22.190172244974363
9.0,25.0,45.67217089117947,142.2677257383228,0.0,1.3771142388671354,8.488627140324855,0.1073799531030227,35.00673506873707
49.0,28.0,25.919442603968545,179.22893316503945,0.0,4.5449602845477965,84.03831825017359,0.007639383092985798,16.581543962570453
2.0,27.0,57.14558571626718,146.10289517877212,0.0,1.8574373233048358,113.30099675332112,0.035179454267383996,47.39209069551852
12.0,27.0,28.621496435704035,199.5980945634075,1.0,4.266494080645696,74.51432242171556,0.009128683567093902,21.898241458338433
42.0,7.0,51.342395838008066,76.21610196800229,0.0,2.8413225860844338,89.03251342565058,0.06275457060624831,40.48884117166965
48.0,22.0,20.433196820223067,168.2695710254894,1.0,2.278776220711732,134.84222783715663,0.0033392107390582916,14.429045404933023
29.0,28.0,38.9957809047588,142.5506163382062,1.0,-0.8593805978665858,29.714935804679914,0.04537955915482186,37.34987987280732
53.0,4.0,60.631443420359325,141.36342459085353,1.0,-1.7520549713663136,14.736976132786783,0.14729289806263396,75.57852868811811
44.0,6.0,49.04233641367091,71.9087630205498,1.0,3.4627737247291925,103.59654197092514,0.053391237514906126,47.562842623072555
5.0,35.0,78.69616915993929,159.26434056037428,0.0,4.053932329290053,123.42733582836661,0.05845416515335945,73.13468969272066
16.0,26.0,72.44622776397264,181.07144424604385,0.0,-0.48117506349067973,127.57352828738453,0.041183599903538835,68.3939267282297
44.0,1.0,41.544246742589074,51.52420768890696,1.0,-4.909369018133556,96.24667456368304,0.05576469077861338,46.47259507517964
50.0,24.0,22.729192488336476,128.84439905217377,0.0,2.9253105890647046,124.9820127256205,0.005799088561217387,14.262497618744804
52.0,8.0,70.73757800690113,84.50561752952729,1.0,-2.1493115952770836,105.09963085849354,0.09441298287092235,98.34670359590453
18.0,26.0,74.67405861888028,198.01414266602666,0.0,-4.901121349830793,13.106537386018612,0.17842330738434972,76.202497808501
41.0,0.0,69.23764360514221,100.9782350080195,0.0,3.049885589761221,114.30652618274821,0.06799344401720796,61.42603965619438
34.0,22.0,27.676996455185893,53.380833021419114,0.0,0.17414188816898157,26.90395343254945,0.0635612503533036,18.451616132102966
45.0,9.0,79.87490806473727,82.55294879214819,0.0,1.8521074633846912,35.49140138864592,0.2779297237015347,76.70952140624962
25.0,24.0,35.51505329316643,134.229294065159,0.0,4.146898211444775,59.197594049799726,0.024760033904638868,24.62316427072884
50.0,2.0,63.452294768502206,24.45698055641949,0.0,0.41173830138105383,47.18505994895054,0.47775709623859625,55.8197726755981
4.0,5.0,74.48209258014329,124.68436484203514,1.0,0.031940725789657565,48.24776074543681,0.12472364802963339,99.47687943674599
28.0,5.0,34.14122685984257,186.93270424399063,0.0,-2.0933787865173645,25.388928630606866,0.02675179537487114,24.543302723871058
36.0,1.0,74.49551328062397,171.5689296549916,0.0,-1.9480616556004737,44.080657066431655,0.09716845068978142,72.67887179672672
19.0,17.0,38.56889475169202,22.85797196501684,0.0,2.9654206602964583,2.949388496382266,0.5764484292209467,27.6204030996669
48.0,22.0,78.58479334304337,198.74407696042294,1.0,-0.5097075441406296,70.9366420032489,0.07120493820456349,110.49348109038532
20.0,1.0,36.87560122282848,142.75811550373703,0.0,-3.364737913918796,115.28864381547102,0.013389677938784072,27.483349190050244
9.0,11.0,77.2061494854701,40.8333566196645,0.0,-4.054712359995044,129.33710538372594,0.19302583525280437,79.0826605740269
4.0,21.0,23.212679053560493,12.359056942190463,0.0,-0.2707988313822063,123.06428384391577,0.06255767336482701,14.890335448100071
35.0,36.0,62.55632070018878,42.543700895508756,1.0,-0.35044976382269555,62.468657849266975,0.2414615384941429,76.0316753610752
5.0,19.0,51.92666803022022,169.25342493029032,0.0,1.5345827820539604,109.56397217457844,0.02505315721278587,41.631675223846955
25.0,38.0,48.67262462736384,14.111471739581111,1.0,-0.28932522254859316,43.18361611428187,0.5782464565565567,51.34534472832289
3.0,23.0,33.4096588553504,54.297987687436446,1.0,-3.5652429586578527,8.334370907642692,0.1500295796826345,31.96322137264299
38.0,19.0,62.33574738658952,153.88806311362632,0.0,0.07802884798513543,101.39572880869,0.04283991560251647,54.62895427972026
38.0,0.0,31.448569486778425,121.36100182064567,0.0,4.067894038860251,97.3194247104609,0.01333390810313354,21.118045045606344
49.0,0.0,53.17050775908609,158.71978496843644,1.0,-3.405585883797876,120.24440931943134,0.02455840471575357,64.85932027991765
34.0,16.0,35.19472178241505,151.76859572708972,1.0,1.8975464097774897,92.41593100543197,0.014785008055069361,30.31200736762682
0.0,0.0,77.33728278688136,19.614263553142898,0.0,0.9385926496552655,23.53374374608746,1.2996577678216665,73.9666257403421
23.0,29.0,21.717871630139168,179.5771696278888,0.0,2.4858572671180266,127.97435880752973,0.003762286042739954,13.534024226822607
35.0,2.0,31.983696806674192,53.13604851363105,1.0,-3.4939972657240723,94.08791820280511,0.03259771703785815,29.915137189906886
5.0,10.0,34.53863638324686,115.14456364365512,1.0,4.416053369059946,121.1414548552506,0.014393909567017598,28.25044765914477
40.0,23.0,44.84406954606899,132.41474974027798,1.0,1.209664277671586,116.11606805640612,0.0232829482766316,43.73268152503684
53.0,21.0,33.963814512203214,42.03936006816812,1.0,3.4707113769113684,44.67967308376326,0.08823409717300333,28.029243546043517
45.0,25.0,49.48094541612711,195.48393877318514,0.0,-2.533932363197644,11.182946227807856,0.08439451287520197,40.63624551339208
43.0,12.0,72.34793139551233,102.7496316565887,1.0,2.394128893979616,26.47566136343773,0.2208697408803083,88.71189747869892
30.0,0.0,62.723805284550245,20.95211216350475,0.0,2.81030704333919,13.929350146987613,1.0560986288722432,53.49430942564676
19.0,23.0,54.79771883210666,188.07978850778966,1.0,-1.0256472761292434,36.51186481202046,0.05867681757061916,62.958370865424186
23.0,9.0,25.34019067896078,121.39089020672094,1.0,-1.1604654711657791,68.92984095389895,0.0117412537608732,20.328526096234548
24.0,34.0,61.639526503356535,142.84670761646152,0.0,1.5779626502574928,136.02159074719242,0.03668341945556607,52.873123218650846
35.0,23.0,29.98485705865639,109.78340008750257,0.0,-4.065923182397841,130.8028133880952,0.011320905754779932,21.10021350494887
20.0,27.0,67.18204315770188,168.60021140762385,0.0,2.3562415021750893,107.7899722643592,0.0441016898009724,59.27319358084988
29.0,35.0,35.00340551060919,16.29535781671007,0.0,-4.57113240160589,3.616853932173897,0.6872024181091615,25.954577165386493
23.0,15.0,45.02292369925405,60.991889402658074,1.0,-3.0940969887917404,51.20838019808303,0.09431746713392311,49.44863313987766
43.0,39.0,41.02821213907568,99.23318771651152,0.0,1.641437572413672,102.35226397267796,0.03025098487799495,30.2687467353167
41.0,15.0,71.5288348804914,24.55468709960491,0.0,-4.016763329080362,19.354334525860256,1.077115233488099,70.46970798456891
29.0,16.0,27.59266752280449,144.12226717206508,0.0,4.718420914767901,120.1631775023863,0.007661889047310418,17.88378726798411
21.0,14.0,53.93869294308732,84.79604867057175,1.0,3.6839620946190066,137.18605199813905,0.04390579941232527,54.58095689762109
27.0,15.0,28.523696566583734,61.80691815094737,1.0,1.263023324067365,53.11566699567382,0.03644048697928557,22.862061843285765
6.0,14.0,62.2877501679312,10.641980893598332,0.0,3.190574556693498,105.876459279575,0.5783909091177636,52.76380578929886
34.0,33.0,74.30468766766887,146.76775923249122,1.0,3.8758004858956783,22.230619900307,0.1912553247052441,89.12957725899321
54.0,10.0,46.076459232035205,168.42376868584373,1.0,-2.4052435042818154,103.62246736695404,0.020494658414093685,50.146964490505795
27.0,0.0,49.28553561589855,85.0577017794847,0.0,3.4941158794931946,3.218311843056493,0.2341608153484497,38.07749925624511
13.0,14.0,75.64537018896573,117.20141563633945,1.0,-3.052062163623982,22.615726021665143,0.22960017943220076,113.67536504025475
9.0,25.0,51.25948331896143,53.2604589266237,0.0,-0.8665773585118464,106.4822169913005,0.08137891311378093,41.90608163885909
15.0,3.0,49.255906282973655,128.21755279322528,0.0,0.5825963124859934,106.77753343144593,0.028537226234506833,39.080945630612284
15.0,4.0,54.69974616225825,12.3061170798881,0.0,2.1389096307403244,96.17440587677656,0.4020430259606309,44.46931931423782
53.0,34.0,61.353784181777115,102.8423404487641,1.0,-4.69858682277472,71.60460365763048,0.08610736721672911,85.95486805248191
30.0,12.0,26.413002505221883,132.39904154973152,0.0,-2.09490587221811,101.23621367579176,0.008710870530861928,17.679235739849105
41.0,9.0,69.26663166449096,184.45643691364947,1.0,1.085190982103903,116.07011974331823,0.038078644774782094,85.77623819862768
24.0,10.0,46.13030164719555,82.45380525323401,1.0,-1.4263132085088126,144.97224885551157,0.031022124458746674,48.807625012552535
12.0,17.0,24.34091059384913,155.38613856639566,1.0,2.750250556294934,133.29615473229074,0.005042322295227202,18.024355177942077
5.0,33.0,67.17096015189279,123.56053568926514,1.0,1.5165216115071622,119.1801303849187,0.056206975248281874,80.71831562557514
43.0,38.0,42.616998301176324,186.13230145576532,0.0,-2.6559854627626422,104.21362750715593,0.01709712205349817,33.141761939470456
8.0,22.0,26.022049705703235,85.69175837529181,0.0,-3.540710204076669,86.12333181485509,0.015363424426729382,17.53906195176249
44.0,6.0,58.02674237259503,70.62811457586771,1.0,1.290469935870504,18.09132350278744,0.2469269688635441,64.55971209676156
35.0,38.0,72.80788120601851,178.55697975188733,0.0,-0.49532672295242275,24.83352631475894,0.1441164077379204,68.90926447770639
42.0,2.0,73.26521056483918,19.35643626757493,1.0,-3.310429588986814,123.04193410063492,0.37620699125290424,108.88865680068047
19.0,11.0,77.45980848853839,35.913224657398594,1.0,-1.7362579468162265,120.49693683108309,0.23613561420302542,112.54130472037141
17.0,6.0,72.06232758600127,25.656842570968447,0.0,-1.9695325168141342,92.16883889600444,0.35033304041733937,69.20576820133716
42.0,25.0,20.128455160728514,170.1908917495165,1.0,-3.918680276606249,65.82601990742302,0.00582526077595774,15.724529398328801
20.0,32.0,42.81446998480342,12.015410440360684,0.0,0.4690901926522806,3.904897473540847,1.3647697998480226,32.36009678614998
3.0,36.0,69.11255479433018,173.71485954443915,1.0,2.636486339125541,49.076541379281586,0.0860859900703872,81.98726909413668
49.0,14.0,41.97518035990845,95.74088112054069,1.0,0.7546688885298702,63.09594863479768,0.04502502422740159,40.067157341552644
32.0,1.0,56.09291038278237,10.764802982254443,1.0,3.262913649373523,72.87244292601308,0.6041227968271896,58.44876762213087
26.0,6.0,56.37901684247192,86.31258367028795,1.0,-3.724314527845687,139.39868978418139,0.045121171073983585,72.06563285245004
6.0,31.0,41.90151824232938,45.49215979855676,0.0,-0.6438814217777611,16.306409970021424,0.22626925127644537,31.760534315001944
5.0,3.0,74.26843563687726,128.63609261971098,1.0,1.0941510365809914,77.83003796696556,0.08307923103434219,95.90505053258119
14.0,19.0,50.193700723167055,139.07817008511284,1.0,1.7600156094190733,55.188344543741955,0.04925363007348055,51.121201887599824
17.0,35.0,47.887052356250045,102.63023837694996,0.0,1.9578630642342698,148.51471788240775,0.028604993844035094,37.124849053882095
31.0,31.0,79.85082473971376,17.698709833537293,1.0,2.2896542709788106,129.2796024424358,0.515081545115508,104.22509164505459
10.0,27.0,49.610021844357,134.66447282976836,1.0,1.514298121960167,65.81787813583814,0.04475283919858063,50.51749839610259
19.0,12.0,30.703895115714865,169.98736888504902,1.0,-4.057719110591323,149.95434140321407,0.006506164712481877,28.637637265319917
23.0,0.0,50.78416537180628,146.86161269201628,1.0,1.9530567760229645,77.10948697072446,0.03431494982428665,51.798396752598904
14.0,34.0,68.8410041311958,167.69200460151052,1.0,2.247826567743876,25.067669488710102,0.13485252233989575,82.30108258968895
47.0,29.0,66.61161961389689,48.09680947466862,1.0,4.934799343336271,83.38120377400719,0.1896928034114913,73.29741754263955
6.0,35.0,67.31490590650826,178.8887085347317,0.0,1.9336243670112596,33.93086487054699,0.10127070558210252,59.71984059417695
20.0,24.0,62.4814270398747,71.21675562311293,1.0,1.8683039575154892,95.4469260114378,0.09897850052145908,71.3671545432006
41.0,15.0,35.253069744001294,12.546914707878296,0.0,0.14813290181971972,140.61602623258884,0.1254570008451146,25.116029508700823
25.0,18.0,71.72504515041389,170.24441280252344,1.0,3.679229085851139,117.92978652525424,0.0447931230318721,84.69620827453495
43.0,0.0,73.6066079225759,188.94604110329809,0.0,4.968347619611583,40.974553562858276,0.09058159669280111,65.71690435898832
13.0,4.0,31.649161797112942,134.55605750929627,0.0,2.790448701974321,44.528793744901066,0.022126747180688813,21.46230937885099
36.0,21.0,27.827338193083634,53.97295978805069,0.0,1.1250037785780842,10.393230463546804,0.09780351847322667,18.461449992683765
20.0,23.0,78.53629811534672,57.83144821368077,0.0,-4.210451730684318,42.880175346941606,0.35236618679563136,81.35312190682369
17.0,36.0,72.09943781902207,98.6526459527677,1.0,2.2673913172962754,13.893719951672583,0.33638219687071375,88.52410474222441
4.0,35.0,73.59416883259681,180.5879051242697,1.0,2.085615685819504,74.91730789884643,0.06812215054455784,91.91929686744189
2.0,35.0,73.1825830774637,38.42355466803609,1.0,2.755681478094317,106.25206192473864,0.23799511158955153,89.49467746871548
22.0,3.0,52.5012094420237,166.93499722086253,0.0,-3.7544461160051066,112.67717422487377,0.023924774232491692,44.800450573197715
25.0,35.0,58.78410419994798,65.34753365397857,0.0,1.5373250012614348,8.929384837226861,0.39448207310741573,49.47054835726331
36.0,17.0,52.7217711280185,163.6313721915286,0.0,-2.0427609504832533,50.99338473573031,0.04892631127817463,44.15485554516529
23.0,15.0,23.072380951419746,184.85152754429234,0.0,2.602712434028337,43.22576498211505,0.009204403033844219,14.546495006419583
48.0,17.0,64.73018512116636,91.22383567892084,0.0,-2.596260459685338,15.64504844810019,0.26442821770229563,59.617292446516466
18.0,21.0,50.319922000152815,79.35962428005085,0.0,1.839786768204107,54.370696639800855,0.0884610362672154,39.75866334174795
50.0,1.0,58.862544487413786,162.42205060454734,0.0,-2.0500705301602027,44.898016370885415,0.06384541442155132,51.616364906081884
24.0,20.0,50.15838829853212,110.60174765208487,1.0,-4.910057071825689,95.17488440089151,0.04065203991682098,62.54424757644741
20.0,35.0,49.50867933934736,140.04531920800744,0.0,1.3335791197309543,132.49539956005694,0.024763753766812956,39.07170987405126
11.0,38.0,30.30734656866601,128.33755502262412,1.0,-3.8673091684107765,68.22625813098237,0.01765383943066435,27.945338517878284
40.0,38.0,36.722822908468935,39.0488806725113,1.0,1.592914727882141,111.99977591502278,0.056942201134292374,32.39911527599145
32.0,28.0,29.531161516637347,170.51016845501672,0.0,4.256094483569375,21.90155506660114,0.02582524422681874,19.500000349620734
49.0,25.0,31.739977737520547,47.197271168495874,0.0,4.692459342110903,134.2449567965797,0.02909589304814084,21.281882154826718
52.0,20.0,78.3786428252183,187.13360737344834,0.0,-2.640769126723874,22.88921073226384,0.158687202512385,79.1969515645398
3.0,16.0,29.186806746331907,57.60854537020809,0.0,3.0925322765065486,28.815177089908396,0.06091650846058951,19.35200810205137
41.0,15.0,36.156225458312456,149.43738492201095,1.0,-1.4644672312755969,15.969570538151473,0.04947644688582657,33.92467004973571
6.0,30.0,55.4353794643151,64.08452476378248,0.0,4.004570727479823,46.45192522808047,0.15309167967866102,44.503153314645104
21.0,8.0,56.61071457419851,70.37922763150414,1.0,2.874895686293738,82.86156700732892,0.0869207995310906,59.797053848784145
54.0,30.0,29.238447784629745,68.90035202863801,0.0,-4.260782833542364,148.19911671094903,0.015734116789784532,20.461214562541876
32.0,13.0,67.62304554711274,152.09952826495584,1.0,-0.9286300612272269,119.00520519863159,0.04354623437915987,87.68945482369838
16.0,36.0,67.1121720747695,115.79487241418468,1.0,-1.6268217399032592,57.0653704337973,0.10920363441007536,88.63481806642841
23.0,1.0,34.23906225223347,177.76096661102446,1.0,2.85181020723277,86.37690868553557,0.011819010325798287,28.650904812974588
33.0,13.0,37.319978160527626,68.40081664876853,1.0,-0.8971428934684089,93.49620464088116,0.036135876890134144,35.042844933865425
27.0,32.0,76.27927192756982,141.47857919078143,1.0,1.8458839765308377,123.40908318710207,0.061364202331182935,98.00652421046706
42.0,34.0,69.54028675876869,153.06023393599102,0.0,1.0243525559044042,110.46776781297008,0.05215913402943634,63.2455780292962
40.0,38.0,61.867821983751426,38.78160147569206,0.0,4.756387190976338,85.39366904567106,0.20381367002169284,51.464420815991105
38.0,19.0,24.93399329063603,86.11197789076412,0.0,4.377849568016149,100.3774540559485,0.012352576811744514,15.832189993570077
21.0,1.0,45.09584485415454,101.7353239265781,1.0,-0.723004852612813,111.88764164443495,0.028847706679345584,46.253418825828184
48.0,18.0,53.558112324609624,77.58060407993112,0.0,2.2357821164114933,19.971608870010648,0.1904201594811205,43.151031826733345
16.0,36.0,31.244677279026615,71.20139323413623,1.0,3.294600939812218,30.068319195806993,0.059249362773054606,25.042342944795667
33.0,17.0,46.89359492649347,140.41977985955197,1.0,3.9888575386214518,103.28764333612752,0.025948236771680504,44.0508002546056
5.0,15.0,56.0615526493214,51.014615555302825,0.0,-4.318657362235163,127.56383429814481,0.08368666657032733,49.546190284122915
45.0,3.0,39.64260080692395,144.78424159771447,1.0,-1.979212007265032,61.38934240496518,0.026028010820169856,39.414261915569334
5.0,11.0,66.85668913702924,187.6583973142388,0.0,-1.7976995903147819,146.9835483706809,0.028098522322915896,61.84454689793743
33.0,28.0,70.42697489832833,117.38752902377271,1.0,-0.6555404878012139,32.41075990100593,0.17059222403387386,92.82917874254724
0.0,6.0,39.41656816604424,126.17250498050007,0.0,-3.30735249284581,62.50489230651583,0.02859992269749232,30.025836810075724
9.0,13.0,70.31942926954743,23.097213403576927,1.0,-0.037941200499919114,56.778456519487975,0.5553681422160881,90.82713387171768
20.0,11.0,26.2145939661809,174.25061168738736,0.0,1.6321432729845609,139.54439110896436,0.004911211456841302,17.090535074321366
4.0,34.0,70.26374591735937,64.23507956797445,0.0,-0.026360797832822858,42.80677763588093,0.2629869121290768,65.02371979803793
1.0,4.0,29.165025900056996,126.85972145042733,1.0,1.6579309519761576,70.61861670633233,0.014045694624078344,23.41016480608795
21.0,16.0,24.97562915058356,196.03131225151245,1.0,-4.335583681820997,28.08507594229942,0.013412313044841228,21.434973079131392
47.0,31.0,58.50652426646067,123.14549410883347,1.0,3.7598733170741028,78.18993578436657,0.0605060610829114,61.63553306030006
1.0,9.0,48.31624194531766,147.69480261823173,0.0,4.390691921010684,128.61062541953868,0.020701452994499832,36.790289014151696
9.0,16.0,74.47343602476997,94.61072746251286,0.0,1.1790742411864863,45.605919283584626,0.18019251170926853,69.76395130277483
33.0,4.0,41.791351765450955,21.469510267860898,1.0,3.8139099863689694,121.61881082442423,0.11174517054467739,37.38045328294842
15.0,8.0,37.22913580625772,161.5438764030598,0.0,-3.6855398335178755,136.6967373263439,0.010710750162635447,27.922880852538036
47.0,32.0,50.0440943686519,16.649779840157276,0.0,2.974489200763102,10.943683457184544,1.0417522693265262,39.05304259636987
50.0,35.0,47.35677114611968,143.12498748869228,1.0,-3.8085180652740602,113.46368044788765,0.025362026837431863,54.79649479474949
38.0,35.0,40.66568277303129,14.355098898431018,0.0,-0.9198976850246332,38.30151542257362,0.42665551564808385,30.59176186425982
21.0,17.0,61.62447792189971,173.83799494956742,0.0,-1.7618146544172497,26.29914938049437,0.09598609012662768,54.930328963867964
11.0,8.0,65.5737100348345,39.95084680826631,0.0,0.8559182522045428,90.16835880375541,0.19060530254350821,58.2184291345617
23.0,28.0,71.17903814180819,107.71158413408472,1.0,-1.9848546476046647,105.84039243430496,0.07898067128858792,98.77478378503696
46.0,13.0,78.37139628262057,123.458633851798,0.0,1.3731362966713268,59.21414786028207,0.12713043325692808,75.02589449030668
39.0,24.0,35.99937152795027,96.9336274009483,1.0,-1.3261271084804216,5.876056062328589,0.10812635557693813,33.59293322446727
37.0,14.0,62.96560894939769,74.74506297628858,0.0,3.6079038103046446,136.30567862951898,0.06870218881584507,53.349386370745876
9.0,5.0,43.65549412974472,98.88471627438463,0.0,1.3388384021961153,109.61203752712426,0.02856562612508897,32.95836178927802
34.0,28.0,60.62491831706649,69.16899323742015,0.0,-2.847017026785539,40.7500210024522,0.18510887399065512,54.392223780464946
50.0,14.0,48.55890142095322,93.24324594536401,0.0,-1.6387057797191296,74.52957836171099,0.05440531733286126,39.202874478414614
48.0,28.0,79.6263861660759,78.19346828962583,0.0,3.474208876266558,4.1689184950617015,0.7112840995408035,74.8978380922391
31.0,3.0,63.73412814744499,117.57891646635761,1.0,-1.1352025001254151,50.89241727089128,0.09428347626309644,80.2490356632737
6.0,17.0,77.14947802605947,55.20559082654686,0.0,0.3579906556564516,78.38028533776775,0.2216017277076739,74.24397904805394
20.0,38.0,70.09817296887114,197.84474543366238,0.0,1.4894193595233274,77.58354226743752,0.055389047057223785,63.63565139276518
19.0,15.0,74.17406066980226,105.16529114261145,0.0,-1.5219035041408324,31.22773170128117,0.20603053166874433,71.79357251069487
25.0,10.0,68.8651518328805,46.89079470875683,0.0,-2.060213692419317,116.51210492758361,0.1469900068765753,64.80696543188614
3.0,13.0,47.549547822554686,100.64268241778177,1.0,-0.24745097391971393,44.82932377899652,0.06878991574737756,49.49726905451678
45.0,2.0,35.10730720081306,174.6188746097166,0.0,-2.851190279072109,87.06150347669589,0.01281700572919243,25.629680833420522
51.0,37.0,42.21921052703133,14.143290693635164,0.0,-2.1578941308093658,40.728333830696215,0.45057537170943035,32.55782326153964
21.0,17.0,21.214173958397026,139.11528263038488,0.0,-4.379215159679639,63.775180948015525,0.007855639524120134,13.693656732333615
14.0,19.0,51.43959004788003,114.11388139084633,0.0,-1.9602972402899455,31.127193787534534,0.09271582455585231,42.619158568266805
39.0,24.0,50.30346801622452,42.21601893032575,1.0,-1.792959066364307,94.95116887980575,0.1091237953296515,56.37758087458732
20.0,37.0,51.51502788982929,165.32052346793492,1.0,4.618331662913197,63.8376540212026,0.0415513186653567,49.984992852035035
14.0,12.0,78.44187349832383,80.08807825106108,0.0,0.8972882546588012,2.417595673164641,0.6815607626895532,75.5737646991908
21.0,3.0,74.68724020729036,65.82238547494642,0.0,2.8738242541580563,4.224749102514913,0.6720269690604375,68.67408484654453
51.0,13.0,29.70276669980648,167.3437864528112,0.0,-4.546227472196776,70.67014777071333,0.011790653803922921,20.93335639304943
27.0,32.0,42.13295129335335,131.31975877641628,0.0,-3.934633063916281,27.483880035803153,0.060916767705078506,33.078039342866404
13.0,27.0,45.43737076779571,180.66922589821664,0.0,3.145369608625923,87.75630722171135,0.022297602117588484,34.236303323989446
26.0,36.0,41.631975071098864,129.67790369752788,1.0,1.2354954941763574,61.2287672658032,0.035612015577165604,39.16079316220519
40.0,7.0,67.90975781623479,150.7553550071019,1.0,-3.090179694597971,98.1629753309584,0.05116437458987177,95.22494533764868
39.0,33.0,51.442260192055215,168.92472028932644,0.0,-0.9520459413826177,142.85927610959274,0.020659187744554136,42.15236746996332
27.0,4.0,54.325989018297506,20.400530822888012,0.0,0.3867249998162281,79.31042021928805,0.28228134308268793,44.83603927277507
25.0,4.0,71.18081353927553,157.44930218518226,0.0,3.4360982913744174,118.10679053851494,0.04509014717112732,63.65360086146542
48.0,30.0,68.35568920492152,126.60423155141959,1.0,-4.395880083055058,112.95614944739057,0.059174244565760405,101.45714228067976
1.0,8.0,27.93269136921798,23.206481337886714,0.0,0.9672228936736238,138.2686656485798,0.041148291207437404,18.56755538334741
24.0,31.0,62.83487504501806,106.62980515505586,0.0,2.1703592158668394,32.10268008570093,0.1515731399501849,53.98961380637836
2.0,32.0,46.126167734122134,25.667034816951237,1.0,4.7789185791045945,124.09904561774113,0.12279666684089495,42.360521407979064
7.0,2.0,37.67893418375003,149.82996832741225,1.0,3.071600782921844,135.82805677570303,0.011488034444458794,32.67119578290581
43.0,29.0,23.00112925413118,113.83532564059777,0.0,-2.237726864347266,58.91444714213665,0.01251362918433953,14.906268013404576
32.0,11.0,49.23497362072706,191.1789721083365,0.0,2.095791938782651,47.072429189845224,0.03778082410352616,38.502391708829165
41.0,28.0,41.32620084347188,44.79572059863627,0.0,2.632778849269771,142.80538645174317,0.04960526997334896,30.31356698667242
51.0,2.0,35.09078238058405,125.14635597887191,0.0,2.2973549991839515,94.14492332083019,0.016816897669735,24.562509506359355
34.0,25.0,61.68030377581745,50.20060556839336,1.0,3.2014406795187,57.101472786220256,0.20614024143639073,67.69831425129081
5.0,29.0,66.16912323893523,126.67234709820569,1.0,4.037299762136376,118.77415813974453,0.05265270452276148,74.02543251705029
38.0,8.0,34.68737114176549,147.30344344856272,0.0,-4.015701310106597,45.671085242357265,0.02464975481610345,25.505039350843752
51.0,25.0,22.966846200760834,147.23782257261234,1.0,-3.952361423188812,26.46113791047931,0.016217205358425853,18.868135715637834
22.0,1.0,70.9251620339141,164.86405822969587,0.0,2.9639998877064597,81.59544536965583,0.05720977423229699,63.65271056651105
24.0,2.0,20.597584472258198,172.17454331208017,1.0,-2.476275234785291,84.93180673659052,0.0045009348283513865,15.738035311803825
49.0,3.0,76.22674963528831,24.681627990763637,0.0,-4.414585780499221,123.8619723401007,0.32009704060676014,78.00752526417551
42.0,24.0,57.657192438962355,75.22075984375677,0.0,-0.9877081901939422,68.5541032530645,0.10450024636266306,49.49021199697884
18.0,12.0,39.31079811207922,140.5532788683631,1.0,3.198769118260781,122.18798092580123,0.015409470243740791,34.62859256657276
4.0,38.0,34.78867457460417,104.7313946043303,1.0,-3.734349761860196,46.69840190225077,0.037702002427998364,34.110524652557906
50.0,34.0,20.540339855868513,46.228429883410385,1.0,1.7184197180446747,86.30523032666879,0.018498620921035897,14.636599068913979
10.0,22.0,34.128285020652626,115.01481833167261,1.0,-4.963841382284323,31.27091683510737,0.040777444444598035,34.47123116391334
11.0,8.0,28.263698091028466,87.41277402556732,1.0,-3.9026255278755007,57.81689263748946,0.02291223836352316,25.28101975506205
9.0,1.0,56.72997324338874,84.10727275431798,0.0,-1.4914965423151316,128.63095467492766,0.048479923848449354,48.64940682899675
7.0,30.0,29.992735315628078,163.85320631277614,0.0,-4.16397718975586,32.398229015363256,0.022231043182443424,21.12557523094533
23.0,1.0,51.717790252197155,87.44368342811444,1.0,3.4590166743711293,121.53591943489016,0.04120082997264452,51.48728273631296
27.0,31.0,55.40698534066825,15.026356041280591,0.0,3.6407050314546883,42.43074867711093,0.6981796746834364,44.62165499054967
40.0,17.0,37.88250190081487,21.03203438930734,0.0,2.5557070309952423,5.173457951918054,0.5549306022806701,27.066123789520184
35.0,12.0,22.10389694112312,172.68636792140785,0.0,-2.5752036860438254,16.490185508526938,0.015573524692290416,14.227806935029793
36.0,4.0,22.235232836851765,192.51415390237904,0.0,0.2324707523997982,111.88193179811822,0.003795250961781826,14.090401366147518
20.0,9.0,21.580839931635055,140.79777392658443,1.0,-3.1581147447662863,39.310638975322235,0.010989963980366715,17.002956393249864
7.0,24.0,64.34748002819278,79.22997587901524,0.0,-2.187215499268892,98.12183883619083,0.09193231680500136,58.789839070393484
54.0,33.0,39.08058228885789,188.33406000099822,0.0,0.16005292173791097,104.87983541358496,0.013959296749690682,28.741444179955394
8.0,36.0,67.77801115805981,135.9325864113898,0.0,2.350138084607978,51.76776966520273,0.10185669694915679,60.03288500657682
46.0,29.0,45.90396943057095,170.42337434787416,0.0,-4.053456196063609,71.23784808167103,0.028804351215408353,37.26121368532609
14.0,6.0,47.17988604979783,155.51193776703178,1.0,-2.0330330237191383,60.56506356837159,0.03442116838826604,51.424632823017646
47.0,5.0,50.77295615057442,82.03646999679256,0.0,4.266213485719223,142.1023494531801,0.038162703662335526,39.37797346254392
45.0,2.0,62.781887382506234,100.95341816164925,0.0,-0.7087668221811183,47.9923293527381,0.1116358926142514,55.70159714626668
39.0,12.0,36.41017194978242,45.3651093299389,0.0,4.388696739093144,27.498456333744116,0.1237784210388968,25.379030120498616
17.0,2.0,27.295240972011612,65.48267908373947,1.0,4.914005415521356,54.83892643133674,0.028976863362945502,20.36820112079794
41.0,25.0,53.36344011148769,157.84387564443912,1.0,0.2665982611141593,100.42735614030182,0.031456539698558994,58.259379223083776
19.0,23.0,39.61865739456436,179.85589445779055,0.0,-2.1195599021514946,104.60440355421979,0.01454671063610441,29.879624870808566
5.0,5.0,46.54947882008224,147.64748041776824,0.0,2.9077680857257904,138.60859730400102,0.017717022925983855,35.434791240993675
11.0,11.0,58.816802500238325,98.38300236476128,1.0,-3.4068926447498504,132.26317273137138,0.045655467911486065,76.24658352168703
1.0,35.0,49.647544468476234,26.43676109855203,0.0,-2.479531403279295,43.248078062591325,0.3177639813200498,40.80167270122146
6.0,1.0,57.21672902605057,20.82011025270516,1.0,2.848799094992822,68.27448734513946,0.3344503518054826,60.814647677000906
15.0,10.0,52.65200012681767,81.12185727644223,0.0,-0.663540752679701,112.09034822751511,0.0510478806237642,43.403341892529355
2.0,38.0,64.38778231616595,98.12612656585598,0.0,-2.9846206301233327,137.48059209030376,0.05838106599083118,59.464977172663225
44.0,33.0,62.3561970626972,125.7329182205264,1.0,1.5112574495232445,50.57475192853377,0.09413980285801644,71.80612923833465
2.0,25.0,52.05139350851715,11.23300906352947,0.0,2.3276186138168287,66.66621512654939,0.5796612873136977,41.45351824641597
26.0,17.0,60.73418125158241,198.04734918859822,0.0,-3.749287605494309,134.92174056804132,0.02450112857721813,55.187038125857114
49.0,20.0,72.41357613635677,79.14838784676814,0.0,-2.230197400250659,53.772580973763404,0.18605974683984092,69.95532450464204
42.0,35.0,45.936277267290116,171.13798612221308,1.0,-2.7872324462776676,72.07694792876036,0.02891927756373447,50.5095719352923
39.0,39.0,44.76578436492762,111.64367407642683,1.0,-1.2014537123754787,135.67562118271184,0.02515903961848681,46.335679526634415
37.0,21.0,65.85473725114281,34.783496361335835,0.0,2.6344489557606443,120.33648269847723,0.18411954804345082,57.43228145841089
32.0,29.0,54.95323022251964,161.53745498155916,0.0,2.137081022743242,36.51463875147042,0.0701957285203138,44.75589884973635
27.0,29.0,24.260406813355313,144.86714423477645,0.0,1.6252391038370395,48.71925981179,0.01253810445060935,15.54231600077494
0.0,7.0,73.52672094146487,110.21285613655331,0.0,-4.937144541314088,52.943809118900866,0.12951260082015537,74.48604294284581
54.0,33.0,21.846986134258408,107.76508735341821,1.0,-3.5785668661961054,136.91077101465896,0.00606757144240696,17.45329947380787
7.0,8.0,64.90378137258459,26.62112509267633,1.0,-2.767024508979332,149.84006056568086,0.1812708372140849,87.3687507212675
36.0,19.0,65.52764856225878,134.6113002290361,1.0,-2.280441539611504,116.10064532331599,0.048244734760770104,87.20587958283119
31.0,39.0,77.18666511691583,183.13657959331695,0.0,-3.535734583511,72.64894537402598,0.07662191123219093,78.42671260832651
47.0,24.0,23.248064504139244,27.716534652058087,0.0,-0.8968444852611035,1.5260727101218452,0.18985236488896434,14.974793687577211
42.0,18.0,55.811411647069455,60.06717562329193,1.0,-4.24819414985974,104.62320848969361,0.08551980852652608,72.33562706303655
36.0,4.0,45.670434237623176,181.43851495399878,0.0,2.500221903877807,58.4041746746677,0.028576347116328556,34.66063797740428
3.0,10.0,39.83797729157252,64.02534286576072,0.0,2.8772078729610495,94.94797053429082,0.04223073458765661,28.83215173273853
29.0,14.0,25.419113617944383,134.249297714186,1.0,0.7426668960089811,91.00409451936432,0.008750748277401646,19.710471618123055
5.0,7.0,53.75924718027855,111.61545133919739,0.0,-4.102951229580322,72.1248084861581,0.05434571989935835,46.53465270378851
45.0,18.0,48.74244354047682,123.3022449507338,1.0,3.9008316954675806,141.65810965894843,0.02451676723254743,46.71410878816078
53.0,22.0,26.273267489061457,88.9998912996781,0.0,4.656358287081145,3.4719518033012484,0.06892646059359847,16.848058074866934
18.0,26.0,56.749370425825006,66.99837940520511,0.0,-2.976364396782106,106.81987267088824,0.07950464959512318,49.55403624520923
31.0,39.0,64.27718721517631,19.221355638637103,0.0,2.0463981944071974,61.4759802449319,0.5756839525821328,55.833531321090064
8.0,31.0,66.03669806321889,151.41337846589118,0.0,3.4193863064248573,107.06856757374169,0.04825690122650656,57.18191275515116
11.0,25.0,74.32239129574565,151.75775781690308,0.0,0.3984352254270229,101.28294713094479,0.06264527122691711,70.22861512594082
10.0,26.0,44.56824451332663,137.4378906149574,1.0,-1.7667690047325113,1.535700386399308,0.14054068166176314,46.760456200746574
45.0,18.0,77.18436611732822,132.29041974272792,1.0,-0.21441284919647363,42.800774276200684,0.14749672591882954,106.25579053329793
54.0,28.0,71.92576430496116,56.306255111829984,0.0,0.12268750784451998,28.363728075567064,0.40304400864961726,67.1606310902353
15.0,38.0,37.790094261436344,14.24553741559533,0.0,-0.9936295581197208,25.047952941373847,0.4842889796740106,27.77241483657229
0.0,32.0,29.556982240967507,163.65592540823354,1.0,4.298424936337062,109.27150261816992,0.008812898440624316,22.859414470165273
44.0,18.0,46.12336376768081,103.31632178220711,1.0,2.4388311094250206,35.93270236396869,0.07570165312269932,44.37235683399447
54.0,36.0,44.113922477357995,68.29924483349748,0.0,-2.5869835774503604,71.21064224809513,0.06765933307430133,34.71081184290619
52.0,18.0,54.543158319872255,29.367062288308315,1.0,0.855571873198685,37.04834929285193,0.365928222886063,59.33151445443407
20.0,32.0,55.00317393966488,21.917102271263797,1.0,1.8868915093116745,87.03507351529949,0.2757846003285571,58.57119661822607
29.0,15.0,64.99921906279852,76.28467714108369,1.0,-3.5984357829786973,108.0860652089952,0.08758552259492776,90.37045229814078
12.0,22.0,50.593396892336614,162.9000423057187,0.0,-1.415742576198512,49.66121080472647,0.046595791299750014,41.39593369284575
33.0,6.0,26.28935845644593,184.55751237342778,1.0,4.055482816039159,90.4531272430683,0.0066492656502230366,19.602367485224306
3.0,25.0,71.49748013318637,180.3827592764823,1.0,0.6717310018520151,123.72821616206085,0.04107802529305741,91.32631541072459
27.0,31.0,38.585874991111226,184.80015860243444,1.0,-2.8300225393968317,14.13364277467375,0.05035726151138065,38.77397172461363
37.0,11.0,78.27784761839553,182.4678151945751,1.0,-3.7721520188084923,106.60058985619068,0.053129129824663474,123.96923589483141
30.0,7.0,27.071606520786208,110.17270280407521,0.0,0.18226893474877714,48.471741665307036,0.019096883302012254,17.94836072979389
54.0,4.0,77.4950703339502,51.68897132581173,1.0,0.4768572302914409,18.397493478741637,0.5956381559761601,104.66030455361249
26.0,27.0,25.460708412951018,161.62885073899588,1.0,-1.6558554864538766,81.84813114215233,0.008298698010121116,20.67012048611843
4.0,4.0,33.86216827682357,50.60546522199001,1.0,1.3041602841911848,33.939347890159766,0.07996056164008278,29.02841157065285
24.0,25.0,22.794796525192496,60.769382583748126,0.0,-4.313153137806113,123.20426890037365,0.012498057968776097,14.953857794456608
2.0,4.0,62.306788798339696,54.318321146284205,0.0,-3.5486030673385938,6.434386429661421,0.5137085162730682,57.11908257597262
32.0,21.0,71.01792419430751,107.8466567022031,0.0,0.4627382101125921,14.79793444063462,0.278168410556166,65.64981751137529
3.0,14.0,46.04426490895882,71.14722655212518,1.0,-4.38184306155546,78.14941889787254,0.06053322982508765,53.52154872514579
24.0,12.0,75.71132450254578,39.289649428814876,1.0,3.809087649911006,88.34126761154351,0.26915110355738037,91.97096125140865
19.0,27.0,55.41794430533598,96.10294825983765,1.0,-3.578536295434832,109.48299967841203,0.051949286645661744,69.72521881812021
33.0,32.0,57.800428126791395,176.0423753691817,0.0,1.7391987408453646,38.889109237829075,0.06899112923255939,48.21174636537887
25.0,22.0,70.7251521020462,118.40504244049473,1.0,-1.0879655828557477,126.26406123199376,0.05987465094808287,94.79231124766687
4.0,32.0,37.80801230311033,176.88376511864155,1.0,-1.0021225245775156,142.97135096606746,0.01058743035557677,35.810819043936235
34.0,17.0,41.25594327965755,47.2157151650361,0.0,2.648895286111438,74.85589553922954,0.07765896975775193,30.241759374563465
27.0,29.0,74.35711515167866,41.72503599778526,1.0,-0.00537865827086037,114.07970474547018,0.20958943950972078,99.32117120071996
28.0,25.0,74.05780976232583,119.35965388269985,1.0,2.2565546364386635,78.72725318156891,0.09749911177371735,92.41956637486257
8.0,15.0,78.58896657205226,98.03249129379188,0.0,0.05191228752769228,10.420054411831591,0.415751442806848,76.61097863255952
51.0,12.0,74.11029898650027,135.4328019129218,0.0,0.9290534140526341,48.91672692639316,0.11893148083401585,69.47699755322509
37.0,38.0,27.642322162001655,160.9790902950885,0.0,2.6071462786966415,13.12300344405225,0.031188127466572978,18.141583696767647
49.0,32.0,69.42345716821924,152.74838617391353,0.0,1.0730874292127535,148.33186788825202,0.04017625405093859,63.055455112995006
5.0,25.0,44.590308686575646,189.0296229951266,0.0,1.156151093887886,34.35388681100658,0.04033678002035227,33.96283661487756
18.0,0.0,79.44808135675628,85.66871773983219,1.0,2.892195914275945,95.38506291235781,0.12064586969290504,101.70199676177873
43.0,37.0,48.33685785972806,49.213481027154344,0.0,4.490868158193733,42.6517652917406,0.1645055421818385,36.78085477939379
10.0,1.0,53.230164950133236,114.6734015900983,1.0,-1.2328384606466325,97.98693230338888,0.03947414180677262,60.53878384961328
1.0,5.0,51.786494915407914,31.041192836325262,1.0,0.7711715722595125,31.560253630572365,0.3197349722181608,54.91155336375698
46.0,37.0,39.304221791496666,64.88171343300998,0.0,-4.137268422664544,117.79050988651117,0.03751424885711893,30.169262495797234
43.0,23.0,24.50132533357509,49.49873049999745,0.0,-1.4119611943113308,16.621740425495325,0.06914805327668817,16.025957358096477
43.0,17.0,73.73907382411511,85.34710619144538,1.0,-0.8795077411061403,134.27256001354203,0.0846240206339704,100.76977625454592
8.0,26.0,68.16054875157721,31.131149250420922,1.0,3.35237316824051,126.06325388111917,0.2138752400355139,78.7988991806426
20.0,7.0,28.371606833580156,16.04993146413859,1.0,0.13392402125676828,101.82110154575784,0.0804414821250117,23.170534687056747
23.0,27.0,66.60609628100437,134.79086087970603,0.0,2.310663732984578,10.112194071427178,0.2302240665684668,58.57590110310295
33.0,9.0,57.5507999630366,125.94730587506292,1.0,-4.809925999743286,31.28535424933925,0.10175231472751722,77.77097419493685
21.0,16.0,44.548627275057335,144.5881978473456,0.0,-0.3550733037168441,128.90423935366138,0.018682513540430525,34.397362035536354
2.0,28.0,35.241268945733765,135.47342365155535,1.0,4.013176651635843,18.29616514538927,0.050402904626425965,29.245462066125874
11.0,5.0,71.58372701013394,31.715989417052867,1.0,-2.756860906942149,23.38981444620301,0.7164556668185856,102.55525892746405
27.0,13.0,62.01129555764318,65.3049874613728,1.0,-4.6847781469288705,81.60049856332812,0.11643907683519,87.42365605198935
29.0,21.0,52.864394568148214,34.61005588106695,0.0,-0.6659126628652356,41.12661595115156,0.2732060097095785,43.64871112056508
25.0,5.0,56.574112033907845,170.164756389227,0.0,2.0443182064759533,33.311354991589425,0.068569701714414,46.64399895210538
47.0,25.0,25.46397092493086,151.91169451754942,1.0,-0.4553649315853048,86.37201477722708,0.008434149995955995,20.187126216434304
20.0,38.0,48.435185654671514,48.29013055446606,1.0,-0.40021686488734165,55.88650146870436,0.1393190876439098,51.11467029600256
27.0,11.0,31.62201756714212,74.84875569307975,1.0,1.6980504123831952,21.08398451545031,0.06483483153023446,26.16951606318814
25.0,34.0,32.50302074052952,193.6568485302007,0.0,-2.45611191716951,80.22806513181966,0.011712684073778857,23.09501514547454
32.0,13.0,59.678237737212,122.89027799713378,0.0,2.5188979164197747,58.05186049179341,0.0747568989271059,50.02156874507298
20.0,21.0,74.67536911005729,162.2195634872199,0.0,-3.4688646909426657,110.17751614106541,0.05448049834506871,74.5471377144184
34.0,22.0,44.22539662870079,60.27229660605854,0.0,-1.042493947140123,15.41331634808838,0.19037435562842647,34.28738398056079
51.0,6.0,32.46495638073142,49.91005483406799,0.0,1.5600810847091795,93.09198659189607,0.03696808349839383,22.352966418280516
33.0,39.0,58.924816234199255,158.9442164808442,1.0,3.283690072301977,65.47399904148716,0.055769228585068734,62.98203114919211
40.0,24.0,72.27122278101906,140.31576649397363,1.0,2.9153107116505526,60.90928125786061,0.0962990149999285,87.3701555098418
50.0,12.0,64.89912806734945,139.38580655023512,1.0,2.2168559930769782,34.843153201251184,0.11131870527494116,75.06305976549665
46.0,20.0,72.12543383219523,115.00057054754684,0.0,-1.4090361646360894,4.563904230406668,0.38126229150563284,68.77516948997263
17.0,9.0,52.19328026064796,117.07988512754427,1.0,-3.7769568370627615,127.15337915469682,0.031102705011096927,63.82181694346899
10.0,8.0,65.11257466215145,149.78252600818823,0.0,-2.8316578230700937,48.961512905163886,0.08002482996893778,60.320493470562866
22.0,14.0,28.403873561536187,61.300471413027104,0.0,3.64833814576485,102.16365595947707,0.02167954301389253,18.647204170152378
47.0,1.0,40.89647692179149,77.02600851282159,1.0,3.5733137013265948,142.1381099665061,0.02596513985928227,36.39599373210113
21.0,24.0,43.37294986889135,175.61098639881047,1.0,4.515608525390158,84.74854471231974,0.021322601263007498,38.93298009300241
16.0,12.0,50.677744774762076,68.68438819230997,0.0,-4.240113481044584,59.572035377979944,0.09354874893984794,42.87820806754755
4.0,33.0,75.74458161540943,113.79881856206681,0.0,0.3680908527745608,40.241034952305554,0.17927466331863512,72.24504758146983
43.0,33.0,72.45779361333045,143.50149816126998,1.0,1.4868304490423356,140.10656889712402,0.049089746174053255,91.1487396751348
10.0,34.0,28.071529537351072,199.98571709830352,0.0,2.1065737706685663,102.31152270767143,0.0069261961179287,18.548173913731144
29.0,37.0,30.36737911294779,92.70535298411306,0.0,1.438632350104302,99.79220898848394,0.018023119245094695,20.55565744415167
14.0,2.0,41.45843297533468,91.33764655873932,0.0,2.70011389902282,63.923748771791544,0.042630662613507495,30.425131597255476
26.0,5.0,37.444631953440435,170.09179209239682,1.0,-1.4052842371065843,126.7573069301146,0.010923621692433284,35.66438736512987
34.0,18.0,56.88625718937574,163.04559113937404,0.0,-3.205672278645179,107.05082805142307,0.032031056494284796,49.868586526871894
32.0,2.0,74.16656286587269,148.90441752956423,0.0,-2.954166278495615,42.47749076715242,0.11398706651746189,73.23465712877325
19.0,17.0,77.7374925003552,98.01363110771548,0.0,-4.880213105298356,89.9367990037572,0.11400565020326382,80.96104213290513
15.0,38.0,59.21617715211359,71.548432830536,0.0,-1.4967812789377766,64.52909319018984,0.12617605157274941,51.71267646201302
33.0,8.0,70.2895520840652,125.65879169112124,0.0,-4.082559491200227,0.9885244244569547,0.3703007353257568,68.72474636169318
1.0,11.0,51.512132013847825,176.48242569501178,0.0,-1.7851130720980912,121.14351472526961,0.02093047157777228,42.61930554763316
34.0,4.0,32.49961681160238,177.91771705963146,0.0,1.2821007716624777,18.42455233795512,0.030074550771949204,22.427657447732987
39.0,2.0,51.481304725608645,30.6146855633833,1.0,3.944780555868199,76.49317590039212,0.1737683068677604,50.61915166624508
27.0,10.0,53.30495608625907,91.38655392449863,1.0,3.396054509905164,50.43392896272234,0.08767282732140463,53.95137097444297
46.0,29.0,64.54745385281339,98.29717167776239,1.0,-2.473257880424231,51.31335618010163,0.12633047858399696,85.67964955777956
38.0,3.0,33.192979382440946,195.7469198295131,0.0,-3.65916857801953,71.6047325120712,0.011941670288446006,23.990072065277047
5.0,4.0,42.098622925203905,138.81962289609106,1.0,-3.0692772620326867,149.55346560296175,0.014345436750230941,44.5663869095285
8.0,0.0,41.84164815287398,87.37681927979341,1.0,4.709866519036069,61.25695209472137,0.04614681172191846,36.84436294449087
19.0,26.0,77.5663757444699,14.95099833726267,0.0,0.4947447968549079,27.34938447248586,1.7830709551826864,74.70829706488584
0.0,27.0,46.63669761960313,117.42318041884722,1.0,-3.1749777699942516,92.04095070740534,0.034670243371812515,52.36010870061428
7.0,28.0,65.30563803788878,28.254435371287663,0.0,3.4074615468681513,35.44315620592819,0.5737547414105159,56.2912944940228
54.0,17.0,65.04868288246634,168.545491896075,0.0,-1.0480875568744508,15.832370506942562,0.1440121225858865,58.86692910317262
22.0,11.0,35.93265108819448,152.9785455083688,0.0,3.9922215197472735,7.526125809889367,0.060983172815820115,25.020861843863127
2.0,12.0,54.312181362303924,97.49674038255397,1.0,-2.393228731655135,3.432191102952581,0.2550221724211775,64.79607558012671
3.0,1.0,73.65817359911888,91.55004811292295,0.0,-1.0677824119576385,64.67469724665956,0.13101019047824633,70.62465682722691
24.0,36.0,48.51186316741697,180.49440345806605,1.0,0.049477627900845755,64.00886698100905,0.03358917793408615,50.63464771379074
46.0,15.0,76.70705044055276,64.8070865794444,0.0,3.926153340890316,27.83181001169294,0.38678881832012085,70.55384290103122
37.0,23.0,32.867493759449694,57.31379280028645,0.0,3.687574316050558,117.60285806568139,0.028566211196960647,22.380196485364635
14.0,34.0,24.449546346441842,188.4475122368948,1.0,0.7435507030387789,19.39059418798181,0.01731812254472471,18.701523257386285
20.0,21.0,73.48723238868496,163.7567089831617,0.0,-2.7822449021910933,137.29757889589536,0.043254188476665074,72.05823941790695
34.0,35.0,70.860871877733,165.91886268276699,1.0,-0.966430282621249,88.13639664649087,0.060420495763518794,94.70848713021451
52.0,10.0,79.55539255603068,47.08682471242585,0.0,4.756330653655054,4.142456415739443,1.118159643946573,73.72536178117771
52.0,28.0,60.76360928674556,37.226238371877535,0.0,1.0777322387740207,144.44589386140748,0.1279309317968641,52.092760149044764
45.0,34.0,76.20127560002896,14.94561446525563,0.0,2.8109775512419666,46.19118893187804,1.264435580078122,70.76551600948898
51.0,14.0,69.61694150504665,55.03788669454921,0.0,-0.5013530463858029,67.49624393667801,0.20474286432113034,64.53189391396303
13.0,30.0,70.6655799872052,157.0961934257217,0.0,0.32007275466806373,42.64030394918282,0.10775766943973485,65.28865932900337
35.0,15.0,54.148494227256094,55.607299565188455,0.0,-0.7104588776745591,109.26319470506662,0.08281056692108209,45.15934167159931
11.0,9.0,42.94187587500265,148.5296238830265,0.0,2.0292099806196795,72.8520331079308,0.026203663599306853,32.05114443559452
16.0,31.0,76.0734843525969,57.86257041981008,0.0,3.5147101388687743,19.85594391037539,0.5347694374085598,70.0283703639608
38.0,1.0,45.927030536953666,85.10557461062761,1.0,0.07363543224563562,15.630592853918069,0.13408497214462636,46.57769685473896
8.0,23.0,52.32916203498014,196.8008350831676,1.0,-0.1913254136377429,108.80631199868621,0.02237079795897355,57.230121204881584
34.0,22.0,46.766858427511266,56.51422894398576,1.0,-1.5971353290160306,35.56221073969073,0.14470661434123386,50.08630646621395
12.0,1.0,53.889098837611826,81.51041918667086,0.0,-3.229033057059162,20.669006195770876,0.16543634084825976,46.18505074574183
14.0,37.0,48.23030473953963,67.2065642883906,1.0,4.392477228751089,74.91413954967642,0.07912852310603977,45.54887579464267
17.0,30.0,22.878053514768553,30.828747402700433,1.0,-1.8392028132049498,120.4147931304456,0.025688836530851477,17.914311594998953
50.0,39.0,72.92289116046192,103.07988700485674,0.0,3.0069146357428544,41.817411880969566,0.18208090382407305,66.23012871821443
32.0,25.0,46.663629134946184,81.95122603327043,1.0,2.153470212874742,41.46474175512117,0.09062696626125463,45.425392503530645
5.0,28.0,55.33661891044092,142.02854630338322,0.0,2.9091760027812907,125.08218903905653,0.031306791750903326,44.85197270528202
26.0,2.0,28.351268165479222,165.34296392079378,1.0,4.367681333721024,22.175069185317398,0.0221260065887126,21.589517540457692
22.0,13.0,20.20327087895835,113.40744575417132,1.0,1.2337076022089721,92.50913876798208,0.006412709329461082,14.422184583733234
26.0,24.0,34.71740561861858,16.117320196594004,1.0,3.979503433820446,143.25202244738782,0.09561415925331548,28.656371869786447
33.0,0.0,62.27516192800101,127.5952476845971,1.0,-3.323026770877063,126.19547243659613,0.03976422905031937,83.38157853705785
45.0,2.0,25.951671806772715,20.524238703978448,1.0,1.2671257595678764,9.272285066959379,0.21793303153989343,20.093617986741656
37.0,25.0,74.53324642318807,127.10770148381474,0.0,2.7227561291461266,47.986631484243816,0.13488996065202544,68.58624115671819
13.0,17.0,32.901354161371074,140.15569036114582,1.0,-2.2835886925582596,21.356169838892452,0.03787506765722422,30.178128885340183
35.0,8.0,32.27561685750655,47.5758492473285,0.0,2.40753801291965,142.38609565307095,0.02668162598348025,22.057665983387942
52.0,37.0,30.890477697289732,165.6757682571365,1.0,2.7847682911623686,147.89123493331218,0.007448298477652459,24.858986146334715
7.0,22.0,20.838902778281884,183.10617499906922,0.0,3.311879560164448,35.24895308100569,0.008854109730744991,12.8320974623629
34.0,20.0,66.30832810869407,164.48652318162573,1.0,-1.8711708740406718,100.45485672431288,0.0458051841266374,87.64464232310904
18.0,0.0,72.50207187471551,67.97074614029562,1.0,1.8160659016830916,126.24475980706775,0.09991161360999506,90.40955306482184
29.0,20.0,56.849762156971934,121.46217236467054,1.0,-1.957467165902379,35.05204266217148,0.09962821533889324,68.66972940042888
13.0,26.0,31.29199890079174,183.81487834633327,1.0,2.3904038749845533,28.15209514814662,0.02318242415041075,25.476135848275327
19.0,5.0,37.11667981645279,70.92629798234148,1.0,-0.37026334854287746,1.681653487092044,0.1733987601193872,34.32936653012644
48.0,35.0,48.5556018418978,165.80528623043077,0.0,0.9754437452721998,61.794368541228884,0.037551281341393565,38.178341438585
24.0,27.0,77.26075709739806,11.800274939722339,1.0,-0.8416001856943112,134.91561935920745,0.6879053483380769,108.64150834387705
39.0,16.0,34.84108230906457,10.69287352908849,1.0,-3.380170730701757,135.44694735845232,0.14897308455102695,33.82950958266089
23.0,39.0,63.89875423519328,154.34521546440382,0.0,-3.2197047039463635,19.161469126352443,0.1474165712085687,58.99393226830745
13.0,2.0,46.36689339757522,154.67504060415303,1.0,-4.224310927378655,30.65287207925924,0.052125052245151675,53.802083044183874
25.0,11.0,37.870840901601305,159.9056656919358,1.0,1.180726797216618,61.20709964018004,0.021999554262190357,34.15449299804569
37.0,38.0,47.35495622132682,186.70509919875084,1.0,3.4863839795305926,117.0936817745553,0.01906762886919632,45.13923504808809
22.0,11.0,24.27240305247395,32.402199245854,1.0,-4.79163173737919,91.77772252975929,0.03235213294659729,20.84091968840735
21.0,1.0,67.92124225582175,54.077147146900785,1.0,-4.337604979116465,77.07746152803246,0.1672604149839599,100.13954510586396
47.0,21.0,34.598115678978026,181.70773487102343,0.0,-0.42533007697089675,88.78978263339047,0.01257806095999099,24.62521247209481
18.0,22.0,63.524727391578224,43.67487757674716,1.0,2.3772073616818936,14.429954070344497,0.5552927268913787,72.29775861664427
45.0,29.0,24.10090228689168,139.62356083955095,0.0,-3.422923552880487,71.64954633823605,0.009646994948550853,15.921000082849321
50.0,4.0,77.30591336994117,110.78797000775492,1.0,-2.2834868045080614,148.80949343086925,0.06277365280255567,114.43831679874484
2.0,8.0,31.58089912434192,25.806798601786376,1.0,-2.6799379871819284,13.266922040863172,0.2251976225152338,28.727255667940426
41.0,20.0,72.96452457242482,64.20009576889125,0.0,-1.0094878132884588,77.88700164523296,0.17517783422343142,69.59094259681297
18.0,10.0,68.56839257692607,108.8707211237839,1.0,-2.7500132298242885,44.34738924860619,0.13265057667900082,95.51717978323833
8.0,4.0,78.07159544488496,171.94652216992847,1.0,-1.4740132145524698,80.98699452929385,0.06704881293032178,112.95854406422903
27.0,34.0,48.673439656744975,144.432313026788,0.0,2.2854259866194413,86.072814005062,0.033280983435396976,37.84151569611099
19.0,26.0,63.64383763075709,128.1578006764373,1.0,1.1100924845418914,86.62093471792139,0.06219154472067428,74.94786497075351
44.0,1.0,42.24263942226705,104.24624908886881,1.0,-4.188182946083071,127.83131779663299,0.02240807694135847,46.477043980386725
6.0,23.0,31.06209428118163,66.74995692468552,0.0,1.3774566624571771,58.46211220104914,0.038129540499457285,21.16052433441134
13.0,30.0,46.58455597600693,32.65653315065963,0.0,-0.22922828440786525,77.45312439997439,0.14480045556129412,36.50365062697105
8.0,32.0,29.944940923307293,87.72444656755815,1.0,4.345655747071388,1.639259845162283,0.10089905408252536,23.25078081028455
54.0,38.0,78.92267736718304,15.41851384314559,1.0,-2.1069568289594676,118.43259023696501,0.6351644238458236,117.67162627405294
18.0,29.0,25.774789468442982,50.10061896070161,1.0,2.2616641969915996,38.92315610637794,0.04766684977139781,19.595277672498217
46.0,36.0,55.35270340715722,92.17184141580537,0.0,2.308608230445699,122.48325360607745,0.05052076112232778,45.131622399856276
51.0,27.0,57.587831315243356,89.53498527766386,0.0,-2.7849921899081265,39.845799957047575,0.13090308304214948,50.4822875013367
13.0,30.0,52.28477257244325,18.416131889428556,1.0,4.032236249709361,1.6182744393738346,1.4580850491315478,51.70989915776852
37.0,10.0,59.73115314271001,121.92142916980535,1.0,-0.08816799570396938,23.224697729017013,0.13510655206500632,70.13203137303668
52.0,22.0,26.970846500713456,114.44000861211488,1.0,1.788833668893024,147.8524353858252,0.007897608477942589,20.989490725107036
35.0,1.0,53.301111452317464,24.83981776397344,0.0,-3.541444411164955,47.97018689219828,0.3236938079729734,45.648604641736284
39.0,39.0,37.232754267641695,189.20097996748348,0.0,-2.4219608300803075,16.323585301912075,0.044014383947442365,27.587659057480963
16.0,26.0,76.4105637980634,28.882728000663423,0.0,0.8610711793722281,17.81382054386258,1.1209060617819455,72.73251600980208
29.0,34.0,65.72429920638355,172.41848873509386,1.0,-1.809727316266505,46.55140710858357,0.08102887528437075,86.21648232295894
8.0,1.0,78.35086892958456,10.05884906385113,1.0,-0.0030708142902657887,5.6467561675144555,4.476791767758771,108.16479104757559
32.0,38.0,22.253364184411375,177.6334080586228,1.0,-1.2599480062671076,76.72328821829306,0.006272885121103366,17.064204687116032
51.0,36.0,37.10799051084252,13.746749118819386,0.0,1.40553796644048,32.06113732339803,0.4167046451942755,26.582332650281337
24.0,20.0,31.72535519830094,153.98428605950204,1.0,-0.12854637219191112,77.89659620953083,0.013743076438095551,27.245076510099842
13.0,4.0,20.66927523870983,78.72125414704806,0.0,-4.953900640268318,21.114632804883026,0.025316987418608113,13.317201551193483
10.0,20.0,34.539543814779286,150.26119202590078,1.0,1.49680837945384,64.47858435262386,0.019258342693219882,29.743348815542376
52.0,28.0,60.72655901122573,86.33158903074592,0.0,-0.7787844294981827,89.68752876018668,0.08260208036803278,53.15192555815772
34.0,19.0,33.86533532807411,23.47250524304993,1.0,-1.5830165950977715,9.299990750716203,0.34306890100035703,30.92403193327855
40.0,37.0,50.540206728957095,155.82627212511917,1.0,-4.058532477167764,59.81239638765879,0.044584638296336486,61.26934814777292
13.0,19.0,73.26908689789991,23.538010211059344,0.0,-2.7963030943350855,45.378573148453164,0.7129058403283942,71.75417845920444
29.0,24.0,61.625475220944516,185.20288283263142,1.0,-2.7622770841914654,36.053972473295104,0.07640476662442616,80.30835120983139
40.0,1.0,43.67774419436192,19.68506680041566,0.0,4.35369499404729,90.68019391267447,0.16901248965878124,32.1712500397206
3.0,31.0,42.3481363347265,101.07180277658793,1.0,-0.6748702525345318,88.2812978648111,0.03486654494219313,42.02686710319542
3.0,25.0,47.344148840509085,147.37654186165116,1.0,-4.5793415278483,94.60497100165404,0.027648142355834526,56.332213211626296
27.0,5.0,30.622486463594385,84.71682831048717,1.0,-3.6118331775667913,23.832400564878203,0.04914369609557422,28.166468069156117
7.0,2.0,58.04004604495928,51.274360172562595,0.0,-4.209673242670879,42.85638672934916,0.19746889110594032,52.00432938399047
1.0,32.0,41.84916914627633,154.22728266524513,1.0,0.888693902072113,31.45181669926181,0.0471078077331029,39.768371298571296
40.0,0.0,71.14192095572263,159.01599390985803,0.0,-3.1337850843317328,81.07554074967628,0.06053047928092614,69.00950630902088
45.0,4.0,65.39315960346897,185.31204695132976,1.0,-0.0144235971822404,69.15985338144245,0.050706483555642626,80.7810765782304
21.0,12.0,56.630789845529605,81.47137098190477,1.0,-1.2993793713002444,49.544060638912505,0.11296870153603085,66.8483034480837
40.0,18.0,41.85213335897097,106.1878295544921,0.0,3.0387637714419933,117.90222133026496,0.024569709462784618,30.7237322662695
54.0,11.0,32.59590990040906,78.99440414075369,1.0,-1.7951036273463772,14.09606166125742,0.07955200028201932,29.41076130579117
15.0,24.0,66.56911184633738,58.845546151759955,1.0,-0.4173451760319169,146.23450331334632,0.09432061230194136,84.13647695231612
28.0,34.0,49.184545939465195,152.69626269214564,0.0,2.212855485978258,17.48161167229781,0.09097363057169507,38.407580614863505
48.0,11.0,33.48500229064145,74.53385055322154,0.0,-0.6664879306936067,115.9606218852554,0.022262550757581177,23.65008535121214
47.0,29.0,31.710476902400373,91.3483939785469,1.0,2.9321553601318904,55.23452837412478,0.031102560901522396,25.711641194209147
29.0,4.0,29.92405427008154,86.6979949485653,0.0,1.6168435623666488,129.78933436977084,0.013379265236939884,20.154353192067706
11.0,33.0,66.6296717723357,145.4056328728817,0.0,-0.8947088605328402,11.125492317624309,0.21025331417564766,60.836819248323806
34.0,21.0,33.7392311180187,184.38116896102915,1.0,0.03981925686362686,56.20825652885067,0.016776525856888595,29.635085639934942
10.0,38.0,51.59853581151185,136.68365164840168,0.0,4.6720345584219345,50.31651097503544,0.06028286620206075,40.10874259164133
45.0,12.0,47.09278165838339,99.6006932579042,0.0,1.6161149650839235,148.9735557338303,0.026573676726023857,36.40630074719012
49.0,2.0,54.776653953697036,158.04897180038785,1.0,4.0499522597232485,147.83234923344384,0.022042586895523866,55.43027686070194
20.0,19.0,72.62929402227165,131.78455158320614,0.0,-3.2124149652893563,28.4705937999582,0.1691673376564464,71.24680046084046
20.0,30.0,72.06484340490384,21.515967852384563,0.0,-0.16763843754848073,94.49204410475083,0.4480714625436062,67.5961895242786
4.0,4.0,47.06456430949158,28.176081419579912,1.0,4.086616698450506,80.32791298664102,0.14915407931258812,44.20235602451994
47.0,23.0,20.9219750440834,17.204219373990334,1.0,-1.7738793855858237,23.15602368611081,0.12319655526099295,15.856960148738608
19.0,39.0,45.58662834285819,96.79510197920077,0.0,4.676641981464208,25.166955915663458,0.10373614052647849,33.96132521910373
36.0,32.0,56.371612245448425,166.91215252440333,1.0,-4.029225095263426,148.3877592719332,0.02421075796895432,72.8892458256334
2.0,7.0,53.46588554588371,69.48580217675689,0.0,4.026711702750369,67.9094990431399,0.09027438331603013,42.33847715809324
43.0,23.0,59.080166348012334,82.99043478757152,0.0,-0.547878779341413,18.870193800011027,0.2259292797095078,50.974057939347205
32.0,19.0,29.244543948385008,182.80065058989922,0.0,-4.262558348588393,32.218505810888146,0.01842193167171344,20.467015454394954
52.0,15.0,58.79210592684395,169.0116546101644,0.0,3.795215925860874,40.25221008728245,0.06929560495838345,48.37260102193524
8.0,11.0,30.959097124626332,136.3591413526864,1.0,-2.4805978759088654,76.6375894977929,0.014354259254641,27.77061259160827
8.0,12.0,65.03143884180494,60.69271859752775,1.0,-4.7774987450477475,50.3322194259464,0.1963748946562851,94.94247918470357
3.0,38.0,40.3452567957608,32.23788171080427,0.0,-3.641928944308077,68.25176788348814,0.12450131579976798,31.090138104241447
34.0,24.0,62.593726002887216,13.051176309221606,1.0,1.591147418997616,24.974932665204406,1.395519718799149,72.0837963538359
16.0,31.0,22.871935934366427,30.332027794839966,0.0,4.778114891381948,49.00930358812593,0.053258330095195976,14.240431566628304
33.0,23.0,44.4716015354548,65.59332428854913,0.0,-3.885378604164832,10.547488907663105,0.20566832054333242,35.597954401578576
23.0,8.0,62.302071335799965,114.84011208010418,1.0,-0.3805195187523802,133.45654102137732,0.04329773700675109,75.60935672330451
31.0,39.0,33.612230979889645,22.16001572295351,1.0,-3.193634490524675,29.812871575286735,0.22334027196182038,31.908444340668687
0.0,22.0,67.71722268783336,35.88327788050531,0.0,2.450365341015921,113.53502031431081,0.19695210465149726,59.88960568971089
7.0,12.0,57.84678398629592,44.4053334385088,1.0,-3.8194110023818584,52.4327682305019,0.20609569914088458,75.38563560332922
44.0,31.0,55.2537063289879,130.07659766682818,0.0,-2.6015825151911045,71.159597840969,0.05501588404755492,47.48677600479491
22.0,14.0,41.212931252260226,127.00006180622364,1.0,-3.035940323509286,43.689155919184024,0.04225697469080366,43.10013825239
46.0,35.0,48.94708822286705,114.64548801070906,1.0,0.5251978036697791,104.46619066610548,0.036264541818362646,50.70688899887207
39.0,4.0,55.840958058671184,57.595270692228524,0.0,3.7318409200063227,126.68196289120611,0.07206548384018203,45.066325324902905
11.0,21.0,48.34772683489343,80.51274133155908,1.0,0.11090201156418567,42.94052771093821,0.09490840805415969,50.294569069826665
53.0,15.0,61.898799436433606,28.371046104171178,1.0,-4.417565472285288,36.332646549538865,0.4895731281365364,86.19559598094044
11.0,9.0,46.02181598641757,53.027514714030424,0.0,0.6338893059683126,102.21603981958454,0.06404754871321798,35.611183834436595
45.0,23.0,32.13639090452182,180.56399302979028,0.0,2.9752099931800933,29.272959085158128,0.02424698145856246,21.85407266250052
46.0,17.0,32.83602696806283,196.14143182280742,0.0,-3.6784380269567727,95.97596484146584,0.0097211747408346,23.65760355931695
14.0,17.0,20.348226130576464,133.055321271656,0.0,-4.272887856554083,14.16421195404533,0.018479950649966395,13.00462959687744
40.0,6.0,38.05746293352035,184.19642548444983,0.0,-3.1219222244243094,93.02057399410307,0.013697742069492626,28.59459956252986
18.0,3.0,64.93505842871117,132.12096107627076,0.0,2.4608632282162746,77.01101010156496,0.06305076306199461,56.39715458674475
25.0,25.0,67.64976253025657,16.307332360039275,1.0,0.9168041953200157,17.085857336446253,1.5843090019124806,82.99987993958369
51.0,4.0,32.148052525745,199.3848911474177,0.0,0.40594653961748883,97.36554522968997,0.008680499699322337,22.25965192087959
28.0,15.0,77.54263981228446,28.800937320441633,0.0,-2.505201053682317,66.98357355511138,0.48598834076769043,77.77690192514393
21.0,34.0,50.14416760880761,139.70194227456153,0.0,-1.6776340475314055,32.567257622562856,0.07366356293576233,41.003234010309384
39.0,25.0,75.01872494111015,58.03887858421011,1.0,4.658850129433423,53.007623355326594,0.27879123485624147,88.8028999324311
20.0,17.0,62.405916911697865,84.47641145232242,0.0,-2.5937477327061433,73.81531584583945,0.09993104247201541,56.5313634567379
50.0,28.0,63.34600538134479,132.72749511217827,0.0,4.016454232550885,13.7331340896573,0.1900555137487115,53.58450006611926
37.0,22.0,25.102617278364267,92.93259636846435,1.0,0.805315044577366,143.64142246925314,0.008614362998794652,19.35846026763977
19.0,13.0,33.19946761381584,57.60375119691437,1.0,-3.767035336287522,99.83432343181818,0.03196306621871197,31.85425047396008
28.0,14.0,20.528889997668358,73.54477550688169,0.0,-0.32687621844932013,15.3802471931544,0.032675134806208435,12.836867240592353
50.0,32.0,62.96765842860425,74.8941422154035,1.0,4.4854871736087585,123.42932764926893,0.07911870112956143,67.87819301279664
3.0,24.0,40.6662973057106,192.2715418565606,1.0,-0.8143440186264139,48.38323964192181,0.026107434859008335,39.70194342572907
54.0,20.0,67.19915096458081,161.7364730254557,0.0,3.6338656478936224,89.51993050697757,0.052876914713199795,58.489562035048216
6.0,16.0,40.33617319622158,97.12426658108602,0.0,-2.4357130534829228,41.571426236935984,0.05479030574045233,30.701410437948276
27.0,22.0,69.16002513793167,47.965974864859184,0.0,0.7092215180037298,110.01089173719107,0.15908090636132305,62.978800327087605
27.0,16.0,27.84189522489878,164.09306094990464,1.0,3.4385205820197373,108.45134625001535,0.007470778003989886,21.354886798156507
3.0,13.0,30.402389405450492,39.86466960559097,0.0,4.206884411696955,82.80651853086269,0.04477053696239986,20.225073487037918
21.0,28.0,40.45259237503619,49.98782125698065,1.0,-0.141766328486993,36.13883887073671,0.12317759513393327,38.74462443881712
11.0,19.0,44.5092433329364,79.54254444962872,0.0,1.3968810214542904,38.055571126821825,0.08760736988720857,33.8074551300627
44.0,29.0,40.922168650578705,177.26615721187812,1.0,-4.970198692176691,57.429419504241444,0.025926994150345443,45.49904974263354
2.0,18.0,65.81882195139319,35.03946704048095,0.0,-2.467766924866104,21.751825109442795,0.6001837567707026,60.98165584063198
21.0,38.0,25.81708355760288,33.22449664235995,1.0,-2.2128789625305423,50.64835697863854,0.06179697840189712,21.327323815063508
43.0,12.0,41.07302117830928,103.85524777800053,0.0,-4.065069883455692,102.65319018724688,0.026686759462730112,31.996437377717054
1.0,17.0,70.23439997092756,62.51800280779819,0.0,-2.2030498664302334,124.62679200891318,0.11006883049780102,66.8404430749777
23.0,22.0,24.00782463573032,118.05830891315037,0.0,-1.7887796694186087,49.88734357400421,0.014474091664110518,15.667212741031015
33.0,32.0,76.54061046028144,95.81097008981246,1.0,4.687660395681933,35.03853873815459,0.23784008918913227,91.6035436025971
26.0,38.0,79.17901053632077,92.6422302067312,1.0,1.6860238056083765,124.89638675027015,0.10164253794927781,104.5693336730834
54.0,39.0,25.314090429504805,31.274864392528723,0.0,-0.7399492058365575,133.60560410788818,0.029102587460019477,16.612746174122393
40.0,17.0,37.47635133534422,36.79944114746963,1.0,4.880544606955093,61.50322849680965,0.09587030197156161,31.424445632941882
0.0,8.0,42.34403996212137,166.00492971490152,0.0,-3.467676797653888,4.035623077445077,0.08697675996149697,33.135782409532396
7.0,32.0,66.58348211916356,178.31772013863144,1.0,-0.23948806069515438,104.24424313412278,0.042738658037927375,83.70894365460548
22.0,31.0,55.75560872700403,54.58987124819755,0.0,1.4706220704904938,117.60498542746942,0.08824718317882953,45.971890771245825
37.0,16.0,58.66194202955404,31.55749528970612,1.0,-4.44419365515923,2.7036379746660346,0.9791076910214955,79.03549378911893
5.0,18.0,65.45058936911036,20.149167667557016,1.0,2.169988580831188,89.25462800122698,0.3949105455050579,76.15759021220975
21.0,26.0,27.078739966221544,125.57654661096039,1.0,-4.001326470780101,88.25531373662625,0.01132063955351629,23.836529499936105
24.0,5.0,69.99256741461575,145.91711037503904,1.0,-3.5971769140032306,56.80618631218711,0.08489844101135748,102.09496937082861
17.0,34.0,62.337188250808644,80.83389794860905,1.0,-3.4031048753791593,112.46509887762566,0.07805909392829034,83.76940599714241
16.0,36.0,54.640503511782214,139.13841482322152,0.0,4.288898266555178,64.2268557171541,0.05512071562237591,43.515591236368664
11.0,33.0,73.3841200869834,145.46217495630995,1.0,1.8323554513816775,101.5163927687046,0.06530165670487667,92.13502276182183
5.0,19.0,62.01838123302843,187.715033465412,1.0,1.554275011031041,77.56759569527279,0.042789722060283496,71.11814196645953
25.0,24.0,32.101997757861525,22.325991188670375,1.0,0.5549349646499213,37.26969070542659,0.16819540293883503,27.31874074501625
26.0,3.0,45.78472286454,46.53542741390516,1.0,-2.071940013048972,90.97512945151976,0.07826196837971375,49.16197686103338
7.0,9.0,49.642572016144,23.019937643427745,0.0,1.2088970459935144,110.53627422687624,0.16029956143643484,39.26290140789968
18.0,9.0,23.31305760502434,174.918847333861,1.0,-0.898502801113602,146.08585101555053,0.0036822155746398934,18.04999187454327
41.0,23.0,77.27825080160335,160.59156040637802,1.0,-3.5458384990738514,57.01634202036202,0.10077903378355378,120.1783038852113
0.0,20.0,27.71463564781271,119.18199341814942,0.0,1.895972903277331,9.670881699952666,0.04434817494236791,18.279413308058565
28.0,10.0,61.84767603360361,25.8960479097248,0.0,-3.704178320700773,148.1956831832028,0.1745066828220356,56.62745067850141
44.0,26.0,50.373862165452806,61.92934814420673,1.0,-3.0933141897882677,93.57099891383044,0.07601625884872835,58.905954804257654
48.0,15.0,21.537934993065356,66.56677113111822,0.0,3.176993118476059,141.96756872411538,0.008772875490372738,13.354818376515592
34.0,25.0,75.4848485518617,116.54120724292925,1.0,1.6011709612515401,15.5740629016679,0.28823585075156444,97.03192524476276
39.0,29.0,71.11020852913599,59.02833986697594,1.0,1.3099115421364238,51.305075980568645,0.2551551130849279,88.8894314606776
13.0,15.0,51.45547567423013,23.86237414346142,0.0,-0.8179721565727593,20.090504830908646,0.5568861081121903,42.1068914265337
34.0,6.0,33.736540168366716,148.8448373521269,1.0,-1.0371948176062884,125.32652318730892,0.010325103479364668,30.354657745011735
47.0,15.0,27.297373440805654,66.82524021452815,0.0,1.9026260918540117,132.0514112143974,0.014948321517812665,17.93789949673817
44.0,34.0,41.803548765927594,95.95109363442712,0.0,2.4000553860904574,75.19675498125306,0.041211606170110916,30.834548631482775
19.0,15.0,35.32569686276543,34.25666064663802,1.0,0.10213202364310559,27.99093264930457,0.15313775915615427,31.613779353844492
48.0,39.0,50.40147206037793,162.48417764497012,1.0,4.692692443485262,19.06784535595628,0.08731390762345684,48.322005503169876
12.0,11.0,77.98455776740573,117.45105661557095,0.0,4.55699558918872,88.224616512031,0.0946432905531473,71.76913276464845
37.0,34.0,54.497209593778486,181.30126897987392,1.0,-0.8757050998724136,75.95644868779509,0.0367610155872135,62.14411215102477
48.0,20.0,73.39586335340587,104.13959698241334,0.0,3.206222542831536,104.21836535515013,0.08625617329985143,66.70500366256381
45.0,35.0,59.05273024974663,188.87087764539714,0.0,0.43267841598415346,45.78108939299868,0.06062266601357548,50.38308380964298
48.0,16.0,48.514791595232026,179.45495883245192,0.0,0.11755887557174494,60.35519925365434,0.03338858727257251,38.453273284802535
7.0,31.0,71.27645376400227,119.52737272725444,0.0,-4.450359386213481,3.2041610776736063,0.38993992254722176,70.55733043791633
42.0,5.0,48.28208661037985,187.43975324847403,1.0,0.7397471046831017,91.52145676132935,0.02189610707986593,49.40300308002399
19.0,23.0,72.11769023062166,71.38686198596493,1.0,4.005779305631646,63.47152820197167,0.18128017819542705,84.75573116599607
32.0,26.0,37.494606174545915,79.47201091380016,1.0,2.801338491950921,137.96469507201718,0.023549908745798917,32.606407763208075
25.0,19.0,27.72878442577929,18.640810748147018,1.0,2.8631714469926206,96.26794465572074,0.07278950908874679,21.423718844042448
38.0,24.0,71.3188678617763,121.94817228513209,1.0,-3.400709614236608,59.80417371745407,0.1093553165193338,104.49996347737311
20.0,1.0,55.24490982756001,147.16555428649735,1.0,-1.4155055286643636,39.538377131002555,0.06624230500171054,64.52107861729752
52.0,8.0,73.3455438949376,156.9686461459996,0.0,-2.667950833497642,135.79274139114582,0.04387936055371138,71.73478670597163
48.0,27.0,76.26963241954299,38.46509434875963,1.0,-1.8408471754436406,2.43976111761649,1.4248290348079686,110.10676988527896
41.0,37.0,23.217703422286952,94.39022373937506,0.0,0.7953934349372538,49.03687008785883,0.017958042632864487,14.802174966089812
42.0,2.0,50.0581581115321,43.60401029784397,0.0,-1.352161866297521,141.52583756820525,0.0690400869428461,40.761544693411906
53.0,19.0,42.49787294447175,135.8041962823073,0.0,0.6069781746426606,98.10495104723611,0.023280762682513584,32.001094789109075
40.0,5.0,57.55150382420703,40.00981076013594,1.0,-0.6149875172542296,79.90786069249486,0.16251099390923804,67.17024783484777
8.0,38.0,67.6154718321394,181.79109995165425,0.0,-2.1338444155027236,30.530207688064117,0.10830725535012249,63.151229234577016
23.0,32.0,36.835412958462136,53.82058267566853,1.0,-4.045965657948414,125.00621613815807,0.037189116872189794,37.525366791645
36.0,0.0,53.4079030623903,65.36643059476651,0.0,3.918384573447826,30.629859388916415,0.16520971059178097,42.31682996127532
48.0,36.0,62.52371479429397,171.67220120868996,1.0,-4.886266339953513,37.23802972818749,0.086155021111922,89.38397860039615
40.0,5.0,28.06586497014404,97.10884592768753,1.0,-4.983475118580288,28.777671430778284,0.0326146375710841,25.82050220064219
16.0,33.0,68.844014357076,14.559229702013875,1.0,3.26797739763546,23.722419085428292,1.5964991752305122,80.20755791033181
23.0,14.0,56.36657599117839,103.97138772850269,1.0,4.9681094032579,142.99687439682043,0.037743230689737194,56.780888274125786
20.0,25.0,76.97224622681911,26.063233722223377,1.0,2.271028277136562,90.30473942119626,0.4310245482818696,98.2833526282386
50.0,13.0,40.3717351478416,197.21549655058902,0.0,-4.847261619371153,95.67556980151409,0.014482421136827711,31.526859688251392
38.0,6.0,26.48875654023192,121.74119838656445,1.0,-2.7330977333148665,143.14881985181754,0.006947702448525225,22.373631495829194
54.0,30.0,50.390072062215516,58.741197346085904,1.0,4.718227002619613,34.5862582688344,0.16890508854417555,48.281873847670255
40.0,23.0,25.14864630256633,117.10635911404738,0.0,3.086042521738348,0.8876307896538094,0.053955194514882905,16.107828664500673
38.0,30.0,78.1715913994404,24.60474964253342,1.0,0.6679984380471105,89.83254743554367,0.4815714460083181,105.53568536579292
12.0,28.0,22.32109749543149,161.97934781107523,1.0,-2.6313929055964103,76.17672798362379,0.006745865402852691,17.605128882275757
10.0,31.0,65.21023406643849,185.8123302341911,1.0,-4.85629794073251,71.64755660974411,0.05317778595864907,95.70365135891117
45.0,16.0,51.50614388853464,176.1444337591703,1.0,-4.7913852736259095,9.28203168692987,0.1051169720666688,64.94892941235503
18.0,13.0,42.11723914989732,74.93394443672693,1.0,1.1198086353022663,68.16522998621767,0.05372226500063947,39.9361985576314
10.0,39.0,23.95052987051928,71.89594273224002,0.0,-4.781681236475769,43.133934763604834,0.027582262672571453,15.958552239648757
12.0,35.0,57.33001545041647,16.666646131097,1.0,4.936301419253727,41.18470158364696,0.6951640850794423,58.286484602849534
45.0,23.0,55.113219763457316,133.7660681531742,0.0,-3.166161665062619,33.35723702686392,0.08889463377045252,47.64390687603235
44.0,26.0,36.852996384055984,111.63190899606104,1.0,2.107073618692773,49.87925396318561,0.03668334624440449,32.23555977965997
0.0,24.0,74.61330208461872,97.27581055219486,0.0,-3.449402785875866,52.96996127151186,0.16265975954566766,74.43280124330786
39.0,31.0,38.24660044057021,182.44988113359432,0.0,0.4009342109771452,46.316366454299626,0.02582260478503143,27.879543108254985
43.0,17.0,46.983524635526365,41.8969912057408,0.0,-4.193887115337825,146.81290735792635,0.06472238098257198,38.54598817144468
18.0,17.0,52.625747355119344,11.836590671134644,1.0,2.667784245332432,139.90966282642307,0.29732067471037243,53.77568474948632
11.0,36.0,26.013912690577165,23.93012590294543,1.0,0.8492109472482967,86.17651492872933,0.057616688048211934,20.301961498886858
7.0,25.0,75.92970315281794,52.440573187200094,0.0,-4.13833306598585,147.15822576154648,0.13715757543742302,77.21643468875797
7.0,8.0,42.472169147062466,16.32425436005682,1.0,3.485861892000055,148.67970154787852,0.12745802638558143,38.50054235597521
52.0,34.0,24.846752832460616,105.54030502219574,1.0,0.47018614776701995,53.39095650259538,0.01717535598350932,19.201380657362442
44.0,7.0,43.2374704205198,69.67718649437982,0.0,4.21592310013318,66.77813186096168,0.06122726797671399,31.777691283677942
11.0,19.0,56.01215282555484,44.291771532945205,1.0,4.166233736781127,143.85926654769983,0.08827832282175839,57.185819085027696
47.0,21.0,50.81916030927977,152.5159742402458,0.0,4.205077894865824,91.29392989480299,0.03160374030704874,39.447336980660275
32.0,18.0,61.67251844223644,48.84575198418071,1.0,-4.22214799799532,31.93936242559088,0.30721099599012147,84.99811329650596
44.0,29.0,23.32903652407464,140.6449691888207,0.0,-3.7904223824547656,103.40710025047505,0.006663401428953971,15.331124038816153
25.0,27.0,37.072436616323365,76.36033211105139,1.0,4.87705809716198,30.861927306913127,0.07456096451271006,30.952248298272053
38.0,34.0,69.15383461040614,107.24727452588536,1.0,-0.12399178601294025,50.90366155077687,0.13542965879842173,88.64663304369698
27.0,10.0,24.79362126748165,187.43473757175076,0.0,-2.6178594717085235,34.13402446430273,0.012032436452116027,16.397540251585287
4.0,30.0,71.32915728175746,17.096810615004436,0.0,2.69664488498658,36.747032390076335,1.112218930396565,64.36808993923982
7.0,38.0,25.513765524626375,105.05025642071776,1.0,-2.35714778787518,0.6983372350173378,0.06514838148501084,21.046149084410825
24.0,35.0,70.06725289350177,172.34036246224747,0.0,2.272156880186423,132.10632482991778,0.04041594979677571,63.02860691750244
26.0,29.0,41.6473040647236,121.71510719036621,0.0,3.372857778497611,44.39857429136907,0.04692244973295218,30.44560029516648
45.0,22.0,56.732543795432946,62.60539822337976,0.0,2.842633772952806,12.95615692841917,0.3248737267816546,46.457878977295096
22.0,18.0,29.17322693887989,85.55941567755653,0.0,-2.259521918020646,13.04811085216328,0.06147724110610834,20.06873125460207
29.0,11.0,23.97012330351085,139.25046945842917,0.0,-0.9838142592076293,83.40274146914282,0.007963675278635396,15.555743685115427
44.0,14.0,32.956292241208104,179.25425991962257,1.0,-0.8674899676672365,148.93808258009057,0.007279330047763657,29.23406166297466
46.0,30.0,27.671229074521733,17.802611011856204,0.0,-0.08727081895528177,21.753370090528744,0.21955294858790983,18.47925329677261
22.0,36.0,38.744353860777906,23.59237615917152,0.0,-3.3262714845986396,14.943267142448919,0.3940464837158955,29.346397170798905
48.0,36.0,50.86299479066121,71.75978948582164,0.0,-0.47529949585657594,65.7455820603136,0.09105140352272033,41.28644906612257
46.0,14.0,55.32556781390057,54.22814004312101,0.0,0.10782990515479707,84.49968807611931,0.10970384064819773,46.1290365530033
19.0,28.0,67.39208644278457,60.336868382257144,1.0,0.3170899658105242,44.157053831691066,0.2477548403969096,83.93403488115723
17.0,25.0,59.37439359490152,52.041299738917374,0.0,3.1990042998445825,45.37831387707996,0.2165689131164734,49.32787918939766
17.0,1.0,56.525499507773176,47.206759282479965,1.0,0.17334498479495197,63.671475277342424,0.1534454472807153,63.856913813508754
1.0,19.0,44.70692164914648,34.81855370516544,1.0,-2.692160774863248,47.121842272590904,0.17397449930845868,48.297283969764024
3.0,14.0,48.42850609760832,187.45128504109522,0.0,1.6312873824418717,137.2997375352775,0.015858941296540374,37.80870517973753
29.0,3.0,44.871249763410866,37.395998142169084,0.0,2.9731414408662515,6.293185693594344,0.3956383302893133,33.716264840951496
32.0,21.0,70.529961803683,48.836717205451876,1.0,-1.8062833356173824,35.18552398054119,0.382038979722338,96.69533250876975
35.0,37.0,33.80002715290399,56.79048755634929,1.0,1.453059290176052,121.2829194341132,0.03090712155108813,28.86948679161496
17.0,22.0,20.343255892517877,187.2728258947799,1.0,-3.5306200405398735,125.09371869974352,0.003150671348646599,15.816977748056132
36.0,25.0,59.07919383357436,153.5856853842061,0.0,-1.5807369542193594,16.73326184463017,0.12979462911685885,51.59387202556014
18.0,10.0,32.147731018329885,160.0428917599478,1.0,4.092239295496341,146.06451750190752,0.007685827796818449,25.71555110729179
46.0,27.0,73.40690817858857,29.90406931231463,0.0,4.1130816316257075,104.00322748486633,0.3071417997124669,66.0587572939704
27.0,1.0,71.54277978239936,168.89887625297763,1.0,0.7532457874306364,40.88895839753934,0.09518126867374622,91.20136780479089
39.0,7.0,24.603642315692355,87.55668554530942,1.0,2.023514608651067,68.40567972216817,0.01544771107666693,18.479994442965452
19.0,28.0,26.38330432484464,59.93637498035386,0.0,3.5401541520594138,44.57079293519507,0.03798072959760765,17.037180899381905
48.0,10.0,49.710295534799975,119.39251586885901,0.0,4.585531853126267,22.503337478162905,0.09764325880501624,38.164119776415696
32.0,36.0,56.55335976616128,166.21475210517946,1.0,-0.10113559710230535,43.67670971233728,0.06541242986900488,64.39608484558192
11.0,17.0,36.49450024893444,157.94390870423277,0.0,0.6157573662603433,87.01379062344276,0.015967402233147642,26.174368973716668
50.0,13.0,63.007863001962235,179.0995216904151,0.0,-0.8435843335216975,123.89545422532031,0.03122604822182015,56.08061703564949
14.0,9.0,55.69496125513229,186.34511534293435,1.0,-4.280180629435712,54.52936123343658,0.04385447466606425,72.18245695656815
40.0,34.0,39.48944658491328,55.243193571272414,0.0,-0.7719652755118156,52.18523108217626,0.0842199446556545,29.379508686558218
38.0,8.0,21.522289282538935,90.53299989216161,0.0,2.9062733938307717,70.2001051621984,0.0112413869114915,13.360699088255668
1.0,34.0,65.00901687791107,12.779422448963302,1.0,3.048854979915286,96.68333999465194,0.6089530340822555,73.71947841574656
28.0,10.0,32.885219949504965,177.0711152603614,1.0,3.923771145932997,112.74243936484639,0.00914234513604532,26.60295985286993
40.0,11.0,70.0684246077577,39.368708780205836,0.0,-4.485332948240309,49.019925719921076,0.36237107374809385,68.81595255796368
9.0,2.0,45.21741560325531,173.68021434511192,0.0,0.2715458958063388,87.95287017377085,0.020640857234754235,34.889856479856405
1.0,38.0,54.624646557905926,72.58359117745331,0.0,-3.9257551206292374,58.40412619213237,0.1140970891776564,47.496765611409984
50.0,13.0,72.37692382454011,79.94538209641625,1.0,-2.9925781683425665,107.45997755450789,0.10420823671392232,105.38512426857027
10.0,27.0,71.8173800551972,17.43512835193328,1.0,4.002165023806064,24.70123807755312,1.3906792630904952,84.20814577088194
12.0,10.0,42.2911745146144,72.10697005541073,0.0,-0.03208741570304152,38.53872975769441,0.08345698446364737,31.97628598440548
9.0,38.0,32.53333356289059,178.78909973224017,0.0,2.5854492089661365,63.909062976412464,0.015353178078255505,22.25452236965788
13.0,24.0,66.50876466371568,14.854006213104787,0.0,-4.3561589407131915,133.41221848820516,0.4039609084429335,63.5706102490043
17.0,20.0,45.98481221612787,87.20221987887781,1.0,-0.8317349607514801,85.99886840260353,0.04698766150649342,47.78117751305375
50.0,9.0,31.522519613540247,15.965929664420816,1.0,1.7424028066433772,144.80941784721173,0.07552192858271756,26.033719625392084
53.0,14.0,74.26552053902901,80.47545077072235,0.0,-3.665935187217867,15.491652792162574,0.3930913668339085,74.15176924589187
8.0,18.0,31.886251654465244,42.801721748255325,0.0,-1.7418212089431684,69.02631204764023,0.054216106319658314,22.39667246505639
38.0,21.0,21.548430091473865,57.92149472099069,0.0,-4.354521949761168,62.86177950680763,0.02005447738584605,13.956411024533619
27.0,20.0,21.216798426045198,176.7436909006696,0.0,1.5133994086951041,90.03092646089526,0.004768640324801693,13.225613545167052
2.0,31.0,57.33892138725586,92.84935191815929,1.0,4.7089125905811855,121.79469130613674,0.05312864644531041,58.57405400389014
19.0,22.0,59.70050364305182,62.02161836636331,0.0,3.2704549114282964,126.21720383745902,0.08134607796536276,49.67214728169882
5.0,12.0,38.66250230341903,121.97429181060407,0.0,4.746231168075656,100.52919130582625,0.02011833139362975,27.350906941435888
26.0,4.0,39.200659354823806,37.00032236819065,1.0,3.456047950983965,96.23045463683304,0.06919430794300434,34.32627335106221
52.0,3.0,40.36963490359656,59.284405409962616,0.0,3.5519580619697866,142.35443130672112,0.03317427390129148,29.185618859985258
1.0,27.0,60.80951280553272,113.78711384454881,0.0,0.771771953713426,57.5531102457637,0.08789723243297984,52.32358017137874
28.0,13.0,23.488027461609715,55.12937795113308,0.0,0.18252311413209932,124.91749712827324,0.013879589113983553,15.065652944815072
37.0,7.0,75.74698116147954,139.03427010616593,0.0,-0.9374573357217242,138.22555906384412,0.05146530090158271,73.4846608540233
2.0,8.0,33.35126265064679,103.38334742930928,0.0,3.1809489504587996,73.73088663977954,0.022251168337079016,22.87542567637637
15.0,34.0,79.98039231452553,156.67792334839126,0.0,-3.179323877219754,109.36538679049505,0.06787516294203758,82.31016194414664
29.0,36.0,30.29136162723122,190.16646178726904,1.0,-4.437750841758068,56.552978500635916,0.013642629863260473,28.39337283596947
39.0,20.0,66.29278743874265,32.00292897600747,0.0,4.478938226846751,23.83185212931061,0.6475167189733259,56.876476760990734
1.0,17.0,33.4047526957775,73.58635189706352,1.0,-4.962218147965229,87.97558222086379,0.02833427744904985,33.37740642738574
16.0,32.0,24.850808098595238,70.71432194689724,1.0,4.768293218758518,29.470747627429784,0.0377371223690708,18.029079920466682
40.0,7.0,72.49599946103893,38.724754674078305,1.0,2.288533698737658,68.63986962058036,0.3025991973470259,89.25093154392076
11.0,16.0,71.52507555145351,163.95759609335946,1.0,-1.7150108030217237,130.93189699925,0.04172605753321668,98.62383198588992
34.0,30.0,44.21422354697608,154.3769537673701,0.0,1.9781984308631029,12.902728134552078,0.08192952416417744,33.338185969475944
42.0,33.0,62.14376855242561,102.04083945853581,0.0,3.178751571851274,4.564280349697447,0.33096098308045924,52.598292666313625
0.0,5.0,53.42395596103503,112.17644778097582,0.0,-2.5463794401356408,90.97167710728314,0.0437099447688205,45.24873873741129
54.0,21.0,71.17736682042492,21.31338622047429,0.0,2.708956832795819,49.65919898923426,0.7098560350442962,64.16133365954913
44.0,13.0,38.903358159119264,115.54639694213867,1.0,3.0436962500824016,62.69065603888729,0.032040969545984135,34.21483562452022
14.0,2.0,51.420343999939114,160.35488956373092,1.0,-2.5064536987465456,60.85658829874973,0.03877067350678544,59.66672523667688
25.0,11.0,49.12234227227303,119.02723898093286,1.0,-4.580736456220165,12.993034351434535,0.12239152632660255,59.72393150354792
36.0,35.0,41.23434957541152,60.40821032287959,0.0,-2.9587771544190233,0.5349649019391833,0.2959387104800163,31.793148860999267
20.0,11.0,73.48730387338233,136.83417174352408,1.0,-2.9935359111060555,134.76348642963964,0.05066636771496052,108.083796492431
48.0,1.0,29.95267547975213,78.68280169339705,0.0,-4.347595458245168,32.669784135561954,0.041998738120009656,21.123502938963387
30.0,1.0,28.97051837124177,113.5259240142897,1.0,2.2600738465519585,63.91184877964325,0.0168873248074909,22.960240569023426
24.0,14.0,54.61457211936508,102.6374190229957,0.0,-1.200250755415918,145.78886950066178,0.03530456576457696,45.95514009007985
22.0,22.0,59.449653799096524,82.42325018338421,1.0,3.8438616745385836,124.01438729754784,0.061675257750971345,63.04152378497309
23.0,28.0,31.67715525947391,146.58681627488568,1.0,-2.47828894334814,16.189628289405327,0.039967996565212625,28.704712018337325
37.0,16.0,43.443046535277446,177.93646127731753,0.0,-0.46767834900072636,76.27785474188785,0.022457673378790496,33.2856168014801
27.0,31.0,76.79383057872462,10.99037851061574,1.0,1.3901742892676283,109.5118539742524,0.8839360977571095,100.3647184146553
20.0,6.0,34.79704536144044,187.38713865376977,1.0,3.77464949671778,104.75891774988186,0.010076237678285811,28.846083032848057
53.0,29.0,60.10164212704365,107.18787585581275,0.0,0.24621101619374808,114.12627786067053,0.05344349643523029,51.76250944678464
42.0,27.0,64.40896362185545,143.13905726902038,1.0,-1.2647537218761717,68.61819823320529,0.06908778046498232,81.95729817195004
17.0,13.0,46.88772196790957,172.56866757341666,1.0,3.6701507847200885,26.388439399542314,0.05492207384886865,44.32061231363288
35.0,29.0,76.25155920557498,98.7497015397113,1.0,-1.8975357531238946,69.7308665879059,0.13929537156926222,110.28848762078987
34.0,16.0,64.19940411312743,168.64507393932914,1.0,-4.205763003674235,97.1830873759938,0.042471702270566264,90.72974934418505
44.0,31.0,47.47547479165387,43.74776569648842,0.0,-0.5495789248976002,91.2888129907752,0.09892318276073746,37.57907475277249
54.0,5.0,54.16011210656564,40.24183155116475,0.0,2.850933064979919,10.578308068291115,0.47093394130719407,43.5647776451718
8.0,23.0,61.55680660550604,134.91956008266916,1.0,-4.692191682464769,9.742865112328763,0.19554757879796428,86.39948133507924
52.0,5.0,55.53141082575309,175.32717105483007,0.0,0.8588224498959207,144.78867467328178,0.02106536770819246,46.00290003521181
37.0,26.0,72.72185502956455,179.56097373184747,1.0,0.9446404852723611,22.770818255965658,0.14492898036973556,93.11087257053521
29.0,17.0,41.41331973682407,132.31068709167684,0.0,4.285417634273816,44.16936960175829,0.04121051317363762,30.010823884016673
43.0,23.0,37.993144403348296,109.84295373977032,1.0,-2.1353518285497817,115.14517232342482,0.02030353142668513,37.15003184079599
33.0,36.0,32.83033336971586,72.96468666233808,1.0,-2.2116338678930383,61.45156137347624,0.03925945259231373,30.02820713681697
31.0,23.0,22.266978083875706,196.20007896387295,0.0,-0.5951634866032185,27.219727989004905,0.011146715965185086,14.182099339367646
2.0,37.0,22.58083786280332,70.74218046658758,1.0,-1.4308509852848483,70.08485734646722,0.017357307011976218,17.460113726514194
2.0,33.0,72.20331158655696,151.3953603740027,1.0,2.3634586268932676,85.34249561450487,0.07001102632717537,88.50146929346707
27.0,39.0,60.70358878435444,111.07654198195014,1.0,1.4175207713154958,67.91499139171135,0.08234590609840206,69.02305746190626
43.0,14.0,59.63194492618916,125.61734507981588,1.0,2.589210379062663,137.84191132081637,0.03638702626257363,65.20054022741265
14.0,10.0,56.87856913609316,84.76130461183898,0.0,3.200417911986891,42.70489426492565,0.1200329605965306,46.46283296648569
40.0,21.0,70.9531486816463,193.31639383972708,0.0,4.229811327341477,99.19982410495064,0.04530842597162187,62.82457897595686
22.0,23.0,48.816015539937645,118.61964195886151,0.0,-0.6906326821535236,16.844208211484656,0.1133293294409715,39.09852222334668
39.0,0.0,72.22464971349802,188.1796497871701,0.0,4.846973894715495,58.842818649603984,0.0675375110147103,64.0312631328229
10.0,17.0,41.56670157093435,11.442369073043682,1.0,-2.843391865963473,111.14898773774604,0.23321248110096685,43.408140193999756
47.0,11.0,75.60245026034544,118.80741080631299,1.0,2.1436516194732858,33.72254108841982,0.18011209565529923,95.82060661844781
31.0,27.0,61.919418804874404,146.26550904780157,1.0,0.3400931730718926,88.4656568481619,0.050968938358378124,73.3218646740992
53.0,39.0,35.430628161465634,151.56523252082144,1.0,3.1690059468488343,23.01555438135905,0.04200925556022552,29.89416513504084
35.0,6.0,53.84509530131751,181.94560753851945,0.0,-0.23229479393574004,15.405253704205663,0.0883691830245771,44.57448205058155
32.0,22.0,51.981833689295335,10.836305710719392,0.0,2.8393863536243122,78.4849123387564,0.5257733222035677,41.18068319194339
23.0,20.0,28.273929303820037,10.062730259300523,0.0,4.30168714647678,101.2516494129043,0.13482020341382123,18.472059102948535
38.0,33.0,55.47457434503685,99.73005755109091,1.0,2.322942661400873,17.00505993517252,0.1790821159651153,58.725061103908246
33.0,10.0,38.88713742301748,15.565803951020424,1.0,2.760942862183243,137.66643785593726,0.12273756999099676,34.37768605904413
27.0,21.0,23.140926008576145,195.16118519585117,1.0,-4.328245687341439,33.86583940462003,0.010529833365373574,19.247784873819498
36.0,34.0,76.91936946239389,52.19238316286447,1.0,-2.9504233776771938,17.996296223895,0.6424134427777425,116.4214266603289
6.0,28.0,58.48942214385727,99.8062985793205,0.0,4.7430374050359365,30.40483625253158,0.14328681108947575,47.600105697794035
3.0,27.0,72.61513591225082,21.616149702322485,0.0,1.931870037873944,25.435868479776293,1.1266357913670337,66.63708489268865
36.0,17.0,60.56336030079519,109.18919907253913,0.0,0.6144901731100461,13.601197591942348,0.20442426088454208,52.11375409891325
0.0,13.0,41.41902152840677,82.19166377800762,1.0,-1.3302362660354994,119.67588521680612,0.02961238308440901,41.35578819418387
0.0,17.0,50.76128433972868,18.485405486672512,0.0,-4.556109987930821,74.33066621161665,0.29798788965010836,43.149030794831724
46.0,27.0,60.54480562083062,73.6736106722827,1.0,-1.3086409203586502,58.27791605680242,0.13434790791187545,74.33752420803293
19.0,23.0,77.61513951208626,84.37284384234256,0.0,-0.010871267104241022,142.59418904761998,0.09120287635815079,75.26636517782468
18.0,7.0,35.22016754730179,198.0850833422386,0.0,-2.8854049061311327,55.651258059718614,0.016153372781159882,25.746234169701992
28.0,7.0,72.49862351744706,49.498315664681336,1.0,-3.2686320872616745,25.045908907078406,0.4628439550843871,106.82441280940017
9.0,3.0,75.44466831765617,113.50812692031894,1.0,0.08416551357516844,41.106433788989435,0.1561087438770302,101.41158176102039
17.0,26.0,60.224930879537396,197.58995434773945,1.0,0.859042356275439,35.844980038289464,0.06893514192225798,69.19318970566188
27.0,35.0,75.87599764408027,160.4836495086257,0.0,-2.6008208114547515,74.81119193449572,0.08166420161678475,75.38818540045213
34.0,4.0,43.87271524864211,198.7398251675969,0.0,0.8738947445621303,43.725768593186096,0.029584192726193805,33.31519364175391
42.0,32.0,77.18097056242657,193.97667978543217,0.0,4.003399638742949,77.40917582795427,0.06753890870588401,71.1285824035503
46.0,33.0,62.166972629958494,103.01251299788932,0.0,-0.26826741978646207,100.39401374201833,0.06695588461774991,54.63624474934527
30.0,29.0,22.520346045128715,142.3114114754075,1.0,3.5739016958718137,116.59481785698867,0.005535112292836993,16.09595864839169
26.0,7.0,74.41236990914317,30.98419411881871,0.0,4.272714445333184,106.52366719008462,0.2770058050182743,67.25456941498898
10.0,38.0,49.06836854199155,93.81827675889235,1.0,-4.076059710629143,30.838607468454143,0.10985381976624688,58.504639772068785
48.0,25.0,47.61961908666997,163.71352303067252,0.0,-4.04188420343203,17.384957886413066,0.07788748536293699,39.203239332778416
48.0,36.0,53.987996358778055,106.01371098565724,1.0,-0.2395581711239858,81.36752386518764,0.05873665941184337,60.14080477228677
37.0,33.0,28.963072806273676,143.51281623527407,1.0,0.8810244431770264,29.836768681221777,0.025186770069929733,23.510603612819047
4.0,6.0,48.14996291404392,151.69275269701262,0.0,-0.7411653553497077,12.740058265726988,0.08975350042677581,38.38714150830515
7.0,39.0,69.86763300306474,58.159136836149834,0.0,-1.7354922958249697,79.06415144691258,0.18492589372216667,65.91272305230288
33.0,27.0,20.92894754825092,176.38288085908744,1.0,1.4099411612615587,49.01912776616932,0.007590813656726673,15.062885276955793
47.0,38.0,36.375029619462275,97.366261872744,0.0,-4.979184876500797,113.42235179077556,0.02216784984281084,27.432131239736336
51.0,38.0,20.147275186630655,49.93516968809331,1.0,4.6807328086374245,47.128744582262705,0.026355848396014084,13.76995394330569
11.0,27.0,44.9426785489909,174.4290175398043,0.0,-2.6792091181197786,146.80757055837208,0.014590792536051693,35.64022603457673
37.0,13.0,63.69893062962408,89.3855731601882,0.0,4.170987685830071,113.77847868910622,0.06845486544421658,53.922712735031965
0.0,37.0,67.9263097468777,152.55936329214674,0.0,-3.90985255465494,8.65398322332932,0.228963463084196,65.15975455717358
30.0,3.0,76.71138566762039,114.12628372210266,0.0,-2.6191281795542745,76.33091105344143,0.10348932262718333,76.6553493154052
3.0,17.0,56.51027677824719,82.55563292455508,0.0,-2.651262989124996,84.39307518211655,0.0748262376328901,49.058534465073706
48.0,24.0,35.27761199917373,163.87651885732816,1.0,4.961529042006462,104.29540660223965,0.012807030835211149,28.843491608112082
44.0,6.0,75.44887694820194,121.04928701247647,0.0,-4.953994542741156,74.66951955506373,0.098005166678437,77.46610703318633
49.0,37.0,66.51894523282256,84.20679946113603,1.0,1.396382093034958,72.51653976218597,0.12331092135360393,79.74078328574215
4.0,27.0,54.46570898018867,30.823595363674134,1.0,3.6968658106085286,55.19079175164192,0.26865457753803856,55.3713111511569
29.0,4.0,61.73841294313616,180.1346096156745,1.0,1.722736540247367,40.71920758487606,0.06761904071666475,70.30911622253782
23.0,2.0,75.45898130044574,16.739221214916647,0.0,-1.3726618178305583,141.93003179651018,0.4023211875815719,73.49934836030064
2.0,30.0,62.7436417083753,174.00559618993069,1.0,4.583093627029349,47.63950044515579,0.07091915531445363,67.36368083540243
10.0,19.0,42.10247045508404,78.39268972779954,1.0,3.9352075458904103,9.5131986870496,0.1564041088809446,37.697404335600666
44.0,18.0,62.7816921373458,131.4743650652671,1.0,-0.6604507975048224,25.092710894011837,0.13671518778371264,77.18802284970029
3.0,10.0,22.416689764123273,185.2179475287802,1.0,0.7332849261116348,128.59149540619345,0.0035756354918657592,16.655540284764058
25.0,39.0,43.18493370983487,38.8242569457407,1.0,4.6751918780524075,87.99501886850759,0.09706522967906382,38.57877202578955
26.0,2.0,44.37938191073476,117.72059037137393,1.0,4.825603619264701,116.81708240655985,0.023473039097452776,40.01948398992262
45.0,22.0,30.01029406525008,155.24224385033648,0.0,-0.5017672428204778,121.31723192095414,0.008549365603354616,20.528646850270057
53.0,6.0,21.38512883310621,153.9409282166209,1.0,3.4735002814308857,123.48546588166099,0.004102879488114627,15.071784088343161
42.0,22.0,28.002874198264568,109.87006377390576,1.0,-1.9801977304606366,82.5920561616913,0.014478887410965108,23.778417415198994
26.0,6.0,59.2772897478233,128.70049738222704,0.0,-1.2818712706933533,26.56808935486573,0.11450178662715539,51.656426052642566
41.0,33.0,68.13732898182126,153.93012888524046,1.0,-3.3517811700977376,22.234912835421262,0.15339385600271999,96.71946808351609
50.0,18.0,79.29220956361846,169.79525117390824,0.0,-2.908154072232697,86.09766305626687,0.07188277611451269,80.91146025867076
49.0,8.0,40.78181018650966,154.74448840641412,0.0,1.5687330225935892,54.97715305285146,0.02855560935591755,30.046799777793026
5.0,17.0,55.96275333566611,77.2609392044361,1.0,0.10781618007080884,83.7072361868651,0.07900163478805038,62.9837425003362
14.0,24.0,76.22869800890732,199.37801620096928,1.0,-2.6886813937439715,74.77167663567971,0.06401359606267132,113.52526483694885
52.0,13.0,30.022506880289157,92.55551180666784,0.0,-0.9709038363834743,90.32971195463227,0.01790460245271046,20.61076173780762
29.0,24.0,63.05873518056456,14.64829352419735,0.0,-1.2681654013631827,4.8167686104848,2.284611061033709,56.43638974810583
41.0,18.0,65.29872398894979,78.89722080123778,0.0,4.873602045353342,4.925502094518502,0.44549024785891556,55.4559762340436
36.0,38.0,25.3385321521603,34.27876136903022,0.0,3.5356583721137937,108.23927562727631,0.03178737295009138,16.216653720279684
36.0,14.0,71.6749631109839,33.07409698839125,1.0,-1.1203366661617575,28.969086573407978,0.6419242705482465,96.97856841340365
41.0,15.0,68.78630282665063,63.49165762030992,0.0,4.13916578896033,97.82976932880845,0.12866460318576067,60.152888457158554
36.0,26.0,22.004180394646067,20.14134389367956,0.0,-1.5736460837182886,81.98638661871817,0.04960142530185819,14.060866014802158
34.0,39.0,25.46506489280309,140.81731579781697,0.0,1.6790151273485943,147.26917071069352,0.0060074619579791174,16.486718695235343
22.0,9.0,22.94761363351114,24.057887998361966,1.0,4.6664999668211244,125.31088183245934,0.029716919221931922,16.271838349655795
5.0,3.0,40.08461190796174,48.625015532831675,0.0,-1.0972113601144773,61.97017819970242,0.07641149761035212,30.059055899290698
3.0,18.0,50.55733944079557,27.65094575388268,0.0,1.798849651049338,92.46192301397475,0.16666943348931187,40.03092289623233
17.0,27.0,51.940863677277726,22.001868871575905,1.0,-2.040761889373668,17.593418583820803,0.6863124488367918,59.72072072851901
8.0,20.0,36.06000558616656,60.872816452512915,1.0,-2.336876844020254,57.95790644435715,0.056110670001242736,34.56943083492774
48.0,13.0,74.69581319361644,118.66080385547029,0.0,0.7415666643155194,110.08316116348115,0.07322020001571498,70.44668735557715
28.0,32.0,42.09576739231479,193.29025572489994,0.0,4.792645980332182,93.40073761929804,0.017300429844449967,30.54451654089915
12.0,9.0,22.73300935792115,176.3557643264252,0.0,-0.4686615127983007,72.67069865660368,0.006201031236343072,14.533128846423827
46.0,18.0,38.013626692483186,176.42744583461172,1.0,4.376369703165807,26.479365607900363,0.036256607635294626,32.330489098002346
51.0,29.0,51.86656535264933,43.452736847154945,1.0,4.143635202447617,120.4718889236317,0.09372613841159896,50.97703131451449
16.0,21.0,44.493309355293924,60.33236676458582,0.0,-2.4623738765500525,40.97499066173654,0.11089282642496547,35.07288033652946
44.0,2.0,36.43055114595555,24.514730191108082,0.0,-0.981805929156726,123.07186224928643,0.07351969212643576,26.46269466178188
31.0,36.0,27.879394985859044,157.90898458388517,0.0,1.433024784941831,91.74135941924902,0.009535144515133709,18.468136036714203
47.0,17.0,69.14987000577379,23.26509728225677,1.0,0.18045884411391655,55.90971419231812,0.5554683910177921,87.8249824101591
21.0,10.0,79.76871452745151,115.77217745596212,0.0,-4.040414701368257,6.090783293998725,0.4170593633306454,83.07696506461716
3.0,1.0,39.772528011432925,57.09635874155064,0.0,4.936980301271583,34.86282665165653,0.09452685658356579,28.334385257461317
4.0,11.0,42.89726265059623,56.2546704654615,1.0,2.5265400121128003,133.36063882322458,0.04199030800116663,39.810679438112814
36.0,5.0,57.08225148061742,198.23776049704497,0.0,-0.6230596177528824,122.69615158435762,0.022539741668517733,48.59102942642002
40.0,39.0,63.10648848413248,153.7881633259221,1.0,1.1816854966629131,86.22799694011469,0.05319112779604349,73.81102682725322
48.0,28.0,43.52177208821548,169.01847807529953,1.0,-4.124271827337699,69.94836959431905,0.026414502831169227,48.56682761235659
12.0,29.0,74.29577101890891,118.6767102153624,0.0,-0.046983463103900114,97.07140189951637,0.0840788955428046,70.58733066834532
33.0,1.0,53.600239353735105,175.49271460481233,1.0,4.3083241581748775,69.93721917649522,0.03496628519614342,53.36432425355416
44.0,8.0,47.02340458435586,132.64320244160706,1.0,3.966009580549783,96.64572610787104,0.028404516715434366,44.249731650233336
21.0,1.0,58.80036518959431,189.7730039113056,0.0,-1.6261915451685438,46.110614949023685,0.05245278238902364,51.274679022644946
52.0,28.0,77.1682308949504,63.45433134867099,1.0,0.31367863821338826,125.77458268672127,0.136550921403614,104.4657384768673
22.0,32.0,67.67313766530233,123.11071369875006,1.0,1.9738352408764681,105.28768401979,0.06350528761978663,80.68266869983441
50.0,9.0,22.40078783210746,141.1249561080095,0.0,-1.5999073309209466,49.49634426415377,0.010232182258407425,14.372764826805437
2.0,33.0,39.938594644397575,84.65808795528326,0.0,-4.351207819060615,124.59991722351619,0.027907275348432237,30.899725707482318
41.0,7.0,48.23268109707336,177.14451665677012,0.0,0.054416567178047215,73.10137962797684,0.02789181567262371,38.17135637748018
33.0,36.0,38.871054332546315,196.16260098978933,0.0,1.016357358233364,26.195829710619222,0.036094368507007354,28.334519351998203
31.0,32.0,62.01125364982739,103.8162033608057,0.0,-4.941583998784898,11.656869300529,0.250450133978923,57.84135281881662
44.0,5.0,69.57614899175486,84.22172441282443,1.0,-4.044246264614694,104.94086214558305,0.09042251208988134,102.95132639587615
50.0,39.0,63.88070571111629,99.66820642572715,1.0,-2.9270935640584774,129.76812063120158,0.05964647500896132,85.63807458297231
48.0,18.0,79.35999720969652,172.019981689067,1.0,-1.5194771300906584,121.11629828918154,0.05340899452554451,116.25024338962606
20.0,31.0,36.352858873581745,132.63900084845184,1.0,0.4105122283058038,98.34765453332278,0.017948369104977473,32.727815010797
45.0,26.0,72.49936970146528,18.506750778438064,1.0,-2.061570812403347,21.206258340715205,1.4524475564908987,102.0806605789717
43.0,0.0,65.99735991046917,113.01228298468581,0.0,-2.2381618559349628,14.106611396498032,0.21766153807800373,61.0379714246214
20.0,32.0,41.730725453488766,13.287023320784265,0.0,3.693493438130818,51.7544434517588,0.3906061953001066,30.449949172147065
43.0,39.0,64.04747261941812,157.92172049064703,0.0,-3.5494935919857373,128.23663355981532,0.038234011735929184,59.46124133745187
10.0,31.0,26.24455738509482,72.3793319730681,0.0,-0.04539866827639738,144.26044054599964,0.01233744148705969,17.294726151023934
38.0,4.0,67.36000894043315,99.68142160229257,1.0,4.52824716936136,36.204128227060686,0.1580337212703822,75.25601318042635
3.0,16.0,51.93983615522616,161.74884012245008,0.0,1.2501324911604583,114.314350587258,0.024971301330248327,41.762119395479026
50.0,7.0,37.53741036255519,18.825275284294698,0.0,2.172054798944385,86.08038253608086,0.14012452337744513,26.824007201336805
0.0,33.0,59.34663810705081,40.122891762405985,1.0,-0.6876300860939288,4.771105061691411,0.7588287265728632,70.65352058252017
27.0,8.0,58.49719992286454,85.61247152457182,1.0,-4.800678328802804,81.43745248994097,0.0776371859327303,79.83791879885142
23.0,22.0,32.569173363175985,53.685781073656514,0.0,1.4613036836720539,120.89106044840328,0.029057051787321982,22.460164880751954
34.0,34.0,21.823844888691568,74.20127089726199,1.0,1.3192428142812407,41.418417501603976,0.02250084048217068,15.933217000282339
12.0,6.0,46.017355214100434,199.65320019956835,1.0,-3.895723635366669,134.60424359556913,0.013272025099178228,52.55078149269487
46.0,14.0,54.170712160665275,166.82874313902403,0.0,-0.37840286375368515,35.439061031195536,0.06443949404100592,45.02224206770859
33.0,19.0,72.59631670223591,177.94134484242062,1.0,4.153289446656504,11.470969896608146,0.19355989707243557,85.34142950613861
10.0,24.0,75.69300773885567,188.0403803774973,0.0,-2.9491516802802487,23.990896415934603,0.1440316688619871,75.49575690452534
35.0,2.0,51.72831308940599,74.77781725969717,1.0,-0.3890124536588968,125.55043030813775,0.047492948215079635,56.525575839492966
50.0,23.0,65.2282090261127,66.44462198132982,1.0,-0.38896814799479595,62.59588785592924,0.16209368992210677,81.36757682105312
16.0,33.0,46.358196339679814,54.47187358869423,1.0,3.1076146814763836,119.54183454324865,0.06062548494890526,44.08431133765795
34.0,21.0,64.76492939437358,167.7222131485433,1.0,3.2457587032944457,79.68495914843926,0.05195290436872236,72.94182486743375
17.0,10.0,32.28809149635001,139.11485383418514,0.0,2.5926941966339188,72.08386871916471,0.016076261509378985,22.040891715111783
39.0,7.0,42.26388408821188,54.87267667174669,1.0,-1.3454584081172627,121.0369727238698,0.04559156492925585,42.646594093620806
21.0,38.0,58.05367992881689,81.62882754998643,0.0,-4.279630749814799,63.52314175685639,0.10757775664579194,52.071029714240034
23.0,34.0,21.08947793642473,106.27523514723167,0.0,-1.5051702277598589,120.30490965995524,0.006418116714613543,13.349109223557537
18.0,37.0,63.34767862033724,110.3466108820132,1.0,1.7979120127133963,15.09932474451684,0.22483869276453908,73.05363526597354
36.0,7.0,70.13213007609001,178.85826842482578,1.0,2.027465744890764,95.44662233088847,0.04697819215267844,85.25610274594334
38.0,36.0,43.94849966563709,82.3075652599711,0.0,4.65000209476719,105.3880584827977,0.04051884902414085,32.36069307441268
20.0,26.0,46.876545030629856,182.61956579509734,1.0,-0.4635876855629151,134.8646094212614,0.016304260816820258,48.713614716284994
7.0,27.0,71.07693273299186,93.85983646076004,1.0,1.3243558294029034,33.648587807429244,0.2107063888538797,88.78686892092935
27.0,39.0,66.539278119562,151.81080821054724,0.0,0.3919087072253169,90.63298201392773,0.05752643035897342,59.778583687571526
4.0,33.0,37.2889693420025,186.74832079716066,1.0,-3.4938143988676265,64.98848455338346,0.018766786791329915,37.569683712717
16.0,31.0,39.43856639369234,182.43938375302062,0.0,-0.38797527867863946,57.415748331604355,0.023468487991520733,29.22911836938973
36.0,14.0,60.7326939434358,20.82104478617942,1.0,0.4483515468899424,16.00703328179362,0.9956669048818183,70.90506001602036
35.0,16.0,53.791885546889674,49.08381604554827,1.0,4.507496060422586,20.134999589241335,0.2992238035617402,53.43228006481735
53.0,32.0,29.733774265789815,100.61203085113227,1.0,-1.3346094559104393,125.54826921714694,0.012943784662256992,25.50938752272542
18.0,15.0,38.59579455374998,91.99531509109039,1.0,4.800991031079778,112.4630148488343,0.024651246214100492,32.79673821797059
26.0,28.0,73.99899661271924,131.76941631906934,1.0,0.4230007402408442,57.35116954366507,0.11356983675150123,97.25738565215684
52.0,8.0,61.290466203335804,189.49471965682832,1.0,-2.5753075669694248,124.27298720844462,0.02740795723166795,79.07925387758078
33.0,32.0,79.15845906113117,31.356895142810277,0.0,-3.0833561298419223,12.114927723536766,1.3321036192507205,80.9170233903977
10.0,28.0,66.02075179884616,95.85314637550569,0.0,-3.5830508273976824,93.7160875549753,0.0843180574254407,62.193787355425656
53.0,12.0,76.51846592861541,46.55809719855647,1.0,-0.47067129426547005,130.22640790714325,0.16931223804770876,105.63061250359326
44.0,20.0,32.971314432228525,179.88044369561004,1.0,-4.780735702110768,125.82963465468741,0.008575884720061249,32.53618568673728
46.0,20.0,66.28909248901554,193.27023530231403,0.0,-0.5495471668513463,55.91741399127898,0.06200434625546213,60.12959403321777
11.0,4.0,21.213051208867846,100.95331955916652,0.0,4.884046921559463,111.78507795854836,0.006476920346321548,13.0128227764269
53.0,9.0,60.24560130269204,29.76195656834674,0.0,1.7010679572226661,64.12022182798164,0.29029225499302624,51.12335282051985
20.0,5.0,48.15693668721448,159.20598667730792,1.0,2.5978612120040467,126.02072465849241,0.01932219805490558,47.14633495245833
53.0,12.0,40.80560431520412,142.4568565935558,1.0,-3.8099460928173743,79.61429252325345,0.02373187011936701,43.508922030618976
10.0,0.0,71.74426113758534,77.38745705595899,1.0,-0.26899138509909215,114.72855736575617,0.0925755141583931,94.49502218788729
38.0,19.0,71.25606155945184,178.60742005410305,0.0,-2.137768989742861,11.785737343750757,0.18420204461116668,68.22009722440492
27.0,7.0,21.338102293918617,195.40805905871437,0.0,3.940975279890293,88.50389574132943,0.00421396507895417,13.159881376114447
4.0,9.0,56.57030734696586,115.99223133473713,1.0,-3.187075279860875,82.5426266204008,0.052481420714217825,71.04703821169642
16.0,8.0,42.069933459257385,117.48830315541555,0.0,-0.41266672863258025,91.49650826027403,0.026446619652261846,31.863396359687048
19.0,2.0,44.93966009002695,66.52756597161779,1.0,0.8804771834563774,104.34624118733852,0.04660879596603235,44.20807789947822
40.0,10.0,69.92244435312656,121.0561468368297,1.0,0.14041091578532616,137.7163455051213,0.05117314170923492,89.51576224294664
45.0,11.0,38.5903862916607,93.53204089972084,0.0,3.3024352797040732,117.85231226640465,0.023211886856344944,27.570872418479624
11.0,9.0,76.58292863825721,67.41629511632986,1.0,-2.685468286803596,32.94569871523571,0.3220125991920294,114.39075579338397
5.0,24.0,30.778029582328447,22.76518733954125,0.0,-1.2260888957630878,123.8844403938144,0.06006084122299492,21.315606506424917
16.0,24.0,59.763345402090664,58.01449334473373,0.0,2.920842965739525,18.311951642264347,0.3346559600000623,49.918724361683836
50.0,10.0,60.32630402082588,47.59238343875624,1.0,0.2807141173680483,93.32978785126043,0.1354044317354789,70.4909154448116
18.0,35.0,35.13170968567509,112.98797706525029,1.0,-0.9788261435204271,132.41307123689148,0.01546262579068001,32.14599590884876
25.0,38.0,39.48503653803212,124.31730413508284,0.0,-4.705574852551685,15.168308132235591,0.07760724479868399,30.543222577336955
47.0,25.0,70.08790955479643,125.62862761814313,1.0,2.533854240156094,127.45389799653908,0.05573769372447615,84.04521560034539
43.0,13.0,65.70831529729715,83.75439019867903,0.0,4.721820779667603,119.79311013453685,0.074564507455037,56.03187681963633
43.0,38.0,39.74575281888557,90.03364940024424,1.0,1.2028700948851,75.56631507586062,0.0399595004207742,36.61871503675156
51.0,39.0,52.03739281609603,168.5053016317216,0.0,3.5654122068879457,46.334640344310614,0.05285614451626683,40.96930418668374
31.0,0.0,23.700817775185726,100.48423456826086,0.0,0.1687574319492613,60.81573421073158,0.013210190513230474,15.233750136718289
5.0,3.0,32.524752943917754,197.67693310605324,1.0,-2.683190345766354,145.29872035503178,0.006136510818922354,29.986594115421294
54.0,29.0,49.14923353162395,93.52727370168432,1.0,-4.855578957648545,30.254633422776955,0.10933141650442536,60.41730230891536
35.0,11.0,25.158424116752695,133.42037947738942,0.0,1.533982675899892,86.9406431744843,0.0088776380871584,16.257245743185475
37.0,34.0,70.59994129351625,19.5689698087452,0.0,-0.06891151751755364,12.486112181802579,1.688328519806235,65.51309678053899
10.0,12.0,63.08037260645887,134.13458563957406,0.0,2.8209814708760153,32.68395962837583,0.11173504291305804,53.91896315782688
32.0,30.0,76.6180202389097,171.77101493885115,0.0,1.9468241743530457,114.4974582111781,0.054079804954703145,72.06159944353891
23.0,37.0,61.60801435784163,189.06698932132628,1.0,4.879523682065647,45.38985605407908,0.06662753401752197,65.08960073103205
22.0,22.0,76.42408233573113,199.4909162115564,1.0,0.10312583412039777,147.86491058441018,0.03612811871430964,103.50416034815666
14.0,3.0,53.270753341457905,63.613942673354295,1.0,-0.7282521032699063,75.122556464076,0.08959246290464955,59.72345914630346
26.0,15.0,56.013116663718165,119.3203123168862,0.0,-2.1326031056070507,77.48089879616143,0.054575207802974764,48.14304731818528
10.0,6.0,78.61826327757565,95.636417251108,1.0,-0.23138708208725545,5.447210900360289,0.4906009309809129,109.57025690718802
50.0,21.0,58.52774881185562,117.1253213092825,0.0,3.728714781229221,143.4790124365899,0.03718463623613185,48.10080410000655
49.0,28.0,21.847194131644795,39.91606186607086,0.0,-4.575602742082587,26.13501613266269,0.054956793850891424,14.216925011868469
16.0,10.0,63.4281665978314,172.66841879322888,1.0,4.779000472861887,80.7510898215664,0.045657305298952254,68.20357140531749
50.0,32.0,74.32812152824494,182.81809923547164,1.0,4.93307194307798,59.35119149380974,0.08163258482394121,86.96131805378513
52.0,28.0,67.7348149876596,95.43571599145528,0.0,0.9782137858790174,62.33770511169086,0.12384395965131907,60.916046442333894
13.0,38.0,55.029996357525356,63.2816736989796,0.0,-1.6845579630459862,96.49502490541626,0.08939483321743408,46.705656832517576
26.0,11.0,60.27821078561098,36.75835125407234,1.0,-2.769510316779762,99.31330156387162,0.16510152821093468,77.51408253350509
17.0,6.0,79.4115073551003,139.91531670778284,0.0,-2.2350960431512124,23.14329222871453,0.20282818183924362,80.29796341638283
27.0,38.0,25.4397253105603,69.32404952793969,1.0,-4.498945734950281,74.93799796828384,0.02140052484594725,22.1007545774295
50.0,25.0,60.03468971799437,182.81232828354385,1.0,-0.24889041516641175,118.57161737127853,0.029918478121951964,71.02419554312371
46.0,39.0,37.00386167423563,137.49237022052532,0.0,-4.426757291355941,66.49297253283443,0.025122822094484177,27.906752719315932
46.0,8.0,58.4054237951702,132.68021178310573,0.0,2.184742147759252,24.870670623987017,0.11398626646968582,48.69754838671159
3.0,33.0,56.45741455303633,116.28640202066576,0.0,-1.2807054446714594,46.9825414735036,0.0876513862091064,48.200854503544704
6.0,12.0,29.207409926489724,18.697504491457867,0.0,-3.006352682528368,31.85693461576053,0.17419023758047422,20.21881096135156
44.0,35.0,32.40479874441435,187.06526278026152,0.0,0.44853557836038394,18.872620187225557,0.031187960610231054,22.480118961351018
34.0,24.0,57.29777468259281,129.3081237268974,1.0,4.737593072430137,56.63716911530307,0.06926355740804688,58.47580946221807
47.0,23.0,27.693796838226447,198.87177684279098,1.0,1.9513104901841827,81.14043647971127,0.007967767003663173,21.700170647702798
8.0,16.0,35.91085250781937,112.09771690684853,1.0,-0.08253149895839806,10.912728791494764,0.07501330982050586,32.50567561671889
7.0,1.0,70.11473286428014,144.9210694621805,1.0,2.7691429925450626,90.5735058342275,0.05765948213291095,83.58954188180641
51.0,12.0,39.62549036009832,20.679815994582214,0.0,2.374764718989887,148.95366602544112,0.09082872371404263,28.74315089545033
44.0,30.0,49.283609376179776,130.02987359644806,1.0,3.9173546105779367,144.61873980301255,0.024180001188998976,47.46775815481007
16.0,28.0,76.46842010875042,155.28342620216787,0.0,-2.953310524060525,124.37602229987382,0.055051313300051884,76.66345833540544
16.0,27.0,33.62894533021678,157.91771602198588,0.0,3.5887757625873196,39.95116692036046,0.02513015086657725,23.054762568280907
48.0,26.0,43.377561041480625,156.32121392375424,0.0,-1.9897391295830114,3.3611394719050947,0.10862665061334892,33.71609338863885
32.0,14.0,56.387466532612734,52.99369918579686,0.0,4.409989278250971,125.03125543242766,0.08359349715292747,45.39079937569369
31.0,30.0,65.32033577023833,195.32571074499293,0.0,-2.189348510532648,8.358034796806985,0.16392720849823555,60.08882842009878
7.0,39.0,74.09920320276231,199.08460291873837,1.0,4.268485431626762,30.844212220615557,0.11839354421271778,87.90124287867448
18.0,14.0,74.92837925441091,24.36321628070424,0.0,4.637907144640801,81.66798231701766,0.4553037811407235,67.66354167511713
37.0,32.0,66.59840446235738,187.92482033423389,0.0,-3.5450864254298575,26.756705871546536,0.10809836591450683,62.96194072854895
2.0,19.0,33.69985019559863,64.99534691783018,1.0,4.7449988326278305,125.0682496947963,0.024512533480169744,27.164665905232265
4.0,11.0,21.488559802553947,140.96397553268332,1.0,-4.142770315707177,116.57395443897435,0.00472172825644727,17.286724360320687
12.0,36.0,43.02643582133743,74.2410749398651,1.0,-2.8143221338747804,113.36542586058746,0.0404490618714531,45.71399571111749
46.0,8.0,28.4929310592694,193.87332144089308,0.0,-0.5583121912719546,122.41914238463649,0.005849284212308948,19.23320941679384
45.0,22.0,62.62325884629789,29.28573307767174,0.0,4.935973657117101,32.95526703969181,0.5266286557432402,52.256395442539755
30.0,7.0,59.66783520954301,104.57189522171144,0.0,-0.11436948834620653,109.3338564224624,0.051745569566422525,51.44114074440463
54.0,31.0,22.63829849728729,91.32908046899418,0.0,0.5040944317848584,53.292225388764706,0.01637343520293714,14.378512648793816
15.0,13.0,70.19562674785706,71.94445593281714,1.0,1.9442494952364853,100.02671393525992,0.11400339234480308,85.56920707764888
49.0,26.0,34.924595977470936,132.65145826722824,1.0,4.682935582729514,18.303259294676216,0.050616974974812184,28.568366787928863
31.0,24.0,45.933624529462534,34.90059125011682,1.0,2.8335140012424445,105.83798700967724,0.10038058313795535,43.73729629984957
21.0,12.0,60.076024127344546,146.16585944540242,1.0,-2.758459955763014,145.81615918511693,0.0297199133790212,77.06556914002924
28.0,20.0,45.7651272111352,196.3125035229096,1.0,-1.9700906933564533,6.5400547978074375,0.08283936134231722,48.98167797876823
21.0,30.0,46.477268167996606,162.86615574903973,1.0,-4.023717603914756,14.074335175062714,0.08273939071426836,53.61607426875193
42.0,36.0,23.937679720144423,173.40318305281363,0.0,1.4445236416473983,18.545515100702083,0.018562803737658697,15.306304765178453
2.0,4.0,44.08661295560023,78.33098120401048,0.0,-3.192596934607784,64.58458574119518,0.055737858185745136,34.906876622991106
53.0,12.0,65.890873593199,71.72845523143155,1.0,-2.4259511152063427,43.617027739958054,0.19243453982200956,88.44791980329455
9.0,27.0,74.91058023119587,108.23918739112531,1.0,3.8811365518037713,121.03802303110405,0.07723147931794427,90.27181232638165
41.0,24.0,44.809828223802306,18.68805680483181,1.0,-1.7324432466798478,71.06808588014424,0.24699768170506103,47.1009157283344
20.0,34.0,45.415149612744734,189.6180455467412,1.0,0.6664671835416702,72.68060140328286,0.02524856021803806,45.137609973333575
15.0,38.0,62.15762637941913,37.31918287307652,0.0,-1.0243399121082297,107.55571519880306,0.17662790981250717,55.11609270121173
11.0,6.0,76.56632006631659,181.57247744193756,0.0,-4.259687125940864,54.29534738036186,0.08401062181607837,78.34337456473253
1.0,37.0,36.02365641436161,25.880622180067583,0.0,-1.3713617010329493,52.98108711306953,0.14904377296121865,26.16365925666591
40.0,31.0,46.40865239227621,166.29873625892643,1.0,-0.9193179696406917,113.53895814412206,0.020716575652945143,48.567752100901956
23.0,2.0,67.75839461313807,38.872879916860875,1.0,3.957011019115182,117.00626187551471,0.16510216203626732,76.9545687423114
34.0,38.0,56.581614162442314,17.245006677379813,1.0,-1.7554934635366048,2.1598158799229275,1.823290945307115,67.71638030425812
29.0,36.0,26.635180637837284,146.70299554928766,0.0,-1.2075888023793213,21.56857137610995,0.02518046443233119,17.753794762925395
29.0,21.0,57.663964133735945,63.25040703314138,0.0,2.828967686723345,31.964727172271967,0.20923454556636095,47.52890190330287
46.0,7.0,31.204777075839615,145.7542690290264,0.0,2.5895665121159794,52.74007031368145,0.01820509821708297,21.110609715366373
34.0,16.0,50.61295604470425,115.46619758983576,1.0,2.982852766484908,43.717212514792955,0.07090682566402381,50.36047534187982
18.0,26.0,51.74619605962631,30.67340414371246,0.0,4.53770740076004,100.27800725824147,0.15224067510917347,40.31114895709341
49.0,32.0,72.57220173349909,187.1047139272211,0.0,2.955574983947842,124.22028507044372,0.041834006546877,65.80690929750527
7.0,16.0,47.749656440746286,95.93969320506073,1.0,-0.9239179678210907,28.813047353403626,0.09809087131475584,50.73167052073047
25.0,11.0,36.766545334153655,149.54498278175072,0.0,3.2150851689809192,84.44700909029225,0.01723850621319913,25.91146426072798
48.0,26.0,33.85798089296189,105.19390868296877,1.0,0.0867463208993835,55.172437662155396,0.03056264632894154,29.75452477567354
39.0,7.0,72.45511260106016,124.8286802426289,1.0,-2.222859674814347,75.86668125690927,0.08665443776393744,102.57380683438386
6.0,22.0,30.260651265093703,67.52698254777157,1.0,-1.9708293186898762,93.11367626750908,0.024720207496646798,26.541510075602986
29.0,28.0,45.55211365298862,48.068457760655555,0.0,-2.761576114366017,134.03997280230166,0.0592658417022629,36.33690413676712
6.0,19.0,31.23038689561682,113.0883386475329,0.0,-3.5500704218024657,28.843900174092106,0.03599133619394804,22.139026183942033
2.0,15.0,66.39824240686252,93.64160486449038,1.0,-3.1550958814634966,13.050988058409052,0.2850997472100251,91.9978023490468
0.0,16.0,48.462358398477136,84.12151055244729,0.0,-4.368219500461806,94.08178785680286,0.04914154543942514,40.33343643541546
35.0,15.0,41.06862143340872,137.78776706797836,1.0,3.8845086493238634,59.11962731589397,0.03140834369123752,36.40669903622635
24.0,18.0,41.66597843758801,141.19626008211583,0.0,4.310078096491232,24.435403993948285,0.056554360971565965,30.24540729534108
36.0,7.0,71.13285240337876,18.724810657339976,1.0,0.8677039249389551,17.563075103226705,1.4187777481393364,90.06316981251442
0.0,37.0,53.226437257666284,74.36145390629771,1.0,3.4048955660868496,83.83646803110447,0.07959229502130107,53.821454979010156
14.0,37.0,63.07207106787582,88.2352645430117,0.0,-3.164288973468529,45.07058917922934,0.15034289534489897,57.84236019055021
36.0,28.0,73.82231097504108,28.409510621191938,1.0,4.016738252269851,149.6139569378967,0.23941397302274098,87.91397122059358
12.0,35.0,74.10450056243852,54.82116467267479,1.0,0.06361559630508329,60.8851228996071,0.2671077760557286,98.56166466468005
39.0,25.0,39.71054326027179,19.81194147232376,1.0,-4.328350073944449,31.842991314777404,0.32227124037831345,42.46330779012955
7.0,30.0,77.14707578878311,199.2859987372339,1.0,-3.586872555058398,94.32735676759167,0.05542570592245013,120.03948280891169
4.0,11.0,21.492552920876328,149.94586856427046,1.0,-1.9102353921318282,36.638233453576035,0.010707650819674185,16.483418551869175
8.0,16.0,42.61013366096994,26.615529735523197,0.0,-4.564424196452485,74.11290648467417,0.14610413306021053,33.82839763624279
0.0,14.0,73.7479314505305,13.847382160117501,0.0,-1.907066219825564,72.38642755815111,0.8462360192617193,71.55719586269181
35.0,8.0,36.478212789018976,146.66468202893324,1.0,-4.400695668811082,68.03364445736058,0.020393485434921428,37.4052031262747
34.0,38.0,36.384887019279105,93.44651147970671,0.0,-2.6397239480717483,119.41285444043623,0.022116223645202188,26.81381309637423
1.0,11.0,38.157337104913324,159.49137472226943,1.0,-2.343302441435584,32.49195021992758,0.034170282049465206,37.60471896802319
39.0,31.0,56.73880309081533,185.4604471854929,1.0,4.943689763667939,135.64609576057052,0.023820423831296223,57.37445384433078
22.0,24.0,46.29996653686123,123.86707391311077,1.0,-2.6445332623633555,118.70107548203015,0.026021059729325703,50.89936476340081
8.0,38.0,63.604090181200554,45.55060035427808,1.0,-2.608135510614197,49.96835463649856,0.27622527073857445,84.06006946349027
33.0,17.0,73.69463855387994,158.616866848826,1.0,1.8678896835838499,27.090375942020778,0.14853161301407852,92.6697526587584
45.0,14.0,60.45196249657164,191.60423120313115,0.0,3.5935747851645194,41.93025367601119,0.06252797336770036,50.38864203826647
13.0,31.0,32.26800321185453,120.24394454139163,0.0,-1.1294458739791347,49.89543703636175,0.026392279005290394,22.63085815727783
3.0,5.0,75.96091414163013,139.57951498333938,0.0,3.7561801994069244,83.539975321057,0.07631726662857982,69.68887674049498
29.0,34.0,35.86957240084871,74.12019205696788,0.0,-1.5985797925224288,6.95522532204752,0.1386123273500912,26.068587977737415
30.0,33.0,28.993657719689487,82.49026198545913,0.0,-3.0298412038498066,137.15386947780797,0.013918777361393027,20.03385785223882
37.0,37.0,25.398036731657655,149.58435459208215,0.0,-1.7036117567227649,14.801228499166646,0.026898152489564436,16.789026717521907
10.0,4.0,53.80302443996994,186.27650869729564,1.0,1.0935637392799236,41.891009115005225,0.04804184809078582,57.74608334884492
34.0,17.0,26.82574774883911,129.50779357262692,0.0,-1.3285684068792625,16.39311569294499,0.03120024565772662,17.927950988008945
7.0,15.0,28.326553046757844,160.071102612216,1.0,1.7289380398928877,38.50092397884902,0.01719260239292632,22.46347884944973
2.0,7.0,38.001828835729796,42.610653308920874,1.0,-2.6306412057751762,125.65107279132125,0.044886939669612436,37.67992013918261
13.0,24.0,36.89918058106783,50.272227149014974,0.0,2.0099289398914877,92.27637170748635,0.050199810484526465,26.265492215539613
12.0,31.0,56.25437061992854,111.08659049834411,0.0,-1.5256163675153334,34.0984837634221,0.11216590852814415,48.09198481598767
44.0,25.0,69.0047167683609,43.5452965261397,1.0,-0.44131628398065503,130.76377946990064,0.1523751613787159,89.21024246278685
31.0,21.0,65.68097937217354,130.64906334197548,1.0,0.5774514044289591,120.10680888277271,0.04876800062284961,79.95749932989055
33.0,30.0,35.749067282988605,65.41410522499281,1.0,1.8622500318599366,113.04739234823708,0.0312561793679932,31.014016340059413
44.0,9.0,34.7186298791588,160.39119754670946,1.0,-2.612863081512663,127.14490475785693,0.010187772991810189,32.93424184916411
18.0,11.0,77.94749180641806,163.54096585672525,1.0,3.3594553741081046,92.94745222774726,0.06528302589189497,97.43858424539788
37.0,27.0,20.49417449551761,98.11961659351708,0.0,2.2184274975523977,75.21560403168485,0.0094902074174761,12.645382613392197
15.0,5.0,72.78323198361295,44.354020657150706,0.0,-2.6590208097600057,56.09025392570841,0.302935004562174,70.90914263080577
1.0,19.0,31.983711147344298,132.8872426055672,1.0,4.749745626029104,33.564603061154756,0.029235275101257823,25.28101526671731
39.0,4.0,76.83705938538607,198.6295334700814,1.0,1.6479699103045842,83.61174864703422,0.056011056876192684,99.7186594807306
16.0,22.0,40.53843708965118,128.29227060907942,1.0,-0.4757311353329441,133.42385185711325,0.01726656535005779,39.183470457796396
54.0,8.0,46.42110643359514,16.79719123566149,1.0,-3.4247267444648366,89.09726834884876,0.23476016582298626,52.4181269432374
33.0,28.0,62.42723683666286,13.28585539574569,1.0,0.3322100230813141,137.9410292580955,0.3929952672003705,74.2901219582222
41.0,15.0,55.26014308839562,70.86877439353817,1.0,-3.3522411317288183,53.53760543897453,0.11920279742662189,68.83910708814943
15.0,21.0,39.07635978240937,47.198923303476924,1.0,-0.7050832130215623,104.27069587912464,0.0536306065728896,37.321042760041365
37.0,7.0,53.22985495206941,164.47972935722854,1.0,-0.9128747726048114,97.29982086939617,0.02897898648052026,59.97095382969391
1.0,19.0,63.84241306177317,170.51307673684008,0.0,2.1993964434746016,100.56507660941128,0.040332024914113494,55.205882781999655
1.0,13.0,22.540096754149527,59.13756654899047,1.0,-3.076168187757502,96.7563018361189,0.014589759100411052,18.014332572266326
25.0,38.0,20.67195831534225,71.87250762047961,1.0,3.2187135487084584,33.24820124056752,0.024300529596948502,14.472931210239949
12.0,36.0,47.48401634437348,54.886923865871786,0.0,-1.738676729838342,21.538634742472347,0.21394345200111156,38.05228066204121
46.0,33.0,27.910197068210852,182.59268400054017,1.0,-0.5601137303122494,146.7942384348088,0.005495732409645492,22.95954528319256
30.0,10.0,59.86065748788286,105.50337357823362,1.0,2.723409755538425,6.794269326375179,0.25212757313892653,65.37632730684909
33.0,39.0,32.84314737364605,134.66603837558378,1.0,1.253923997135148,70.16047305424054,0.01938617770430673,27.82860599300316
38.0,32.0,45.97106640774026,88.94159647292463,1.0,-1.9197464819806265,63.76204757127928,0.06075328378618574,49.24686475983478
2.0,30.0,31.860256212456136,129.8926967658609,0.0,-1.13797075454119,54.00284373226143,0.022389948938282164,22.265326152748013
7.0,33.0,52.90901514494747,83.31252157712986,1.0,-1.9421318601038984,117.29757803650642,0.05243792196534908,61.283749504101834
22.0,6.0,26.963207563074135,74.53890316855284,1.0,0.9477016727715715,111.80254324687739,0.014415648273616797,21.281976104532802
13.0,22.0,21.386411167248816,130.55121390296125,1.0,-1.6737546679316029,135.78373852949105,0.004646966734597931,16.300659035637835
54.0,6.0,23.06789828640183,122.30179482930795,0.0,2.2569769478314083,59.32312892803833,0.010874575833139428,14.569469647211527
26.0,24.0,77.25550649091859,65.77031129191043,1.0,0.7978715858372609,84.62692918941896,0.18103585593422908,103.12502414517706
53.0,2.0,28.53717311665615,38.37620556069995,1.0,-3.54293388252491,133.84605710131808,0.026939758120274694,25.385825521197646
28.0,37.0,62.50869518821011,80.02957182924615,0.0,-1.8973138132011758,149.07720942830767,0.06267393575459622,56.16474958249769
38.0,19.0,24.075572253369575,88.88755143696275,0.0,-2.7855255808984425,145.39415435480325,0.008120349908866219,15.828539057133034
52.0,33.0,26.48962113411093,129.4500233506749,0.0,-1.0968678744851468,107.67658069031013,0.009125410890903008,17.61921397366459
38.0,29.0,50.53257508456008,183.7604650910041,0.0,0.1598408620936309,21.48413367152694,0.07113440777433969,40.65015481986699
0.0,16.0,47.89225580926062,16.875111531255776,1.0,0.06762857284109858,3.4779017689539895,1.1624860650476314,49.63212241063146
16.0,9.0,77.09481856639218,56.29559238295053,0.0,2.54523676563289,123.78275346044127,0.14435411290242967,72.20663645172743
40.0,34.0,76.69012718124424,46.80602903311647,0.0,-3.1082813639829068,126.14130367377382,0.1851757557769861,77.17346561352275
29.0,19.0,66.77651855254791,105.43593765181889,0.0,4.464728292974468,111.95413623952044,0.06584140615052846,57.474169233233326
52.0,17.0,56.12610980764099,91.64315333820036,1.0,-1.5715489311783137,41.988522899883016,0.11392000696265787,66.4699697263629
12.0,26.0,47.29761904358066,148.5171485258358,0.0,-1.9975115308386149,95.972678939779,0.02721101751293088,37.95133691707206
20.0,35.0,41.37071205970526,56.05902338352413,1.0,1.8517857818021977,47.43726627229113,0.09768314673670844,38.29061651263298
18.0,22.0,76.82525281853333,122.95468949245412,1.0,3.055166286830625,67.59723691513871,0.11339058510653867,95.95620104062024
52.0,31.0,56.174528685481135,177.93288008399227,0.0,-1.215282351863466,57.36526274707657,0.04901486665435831,47.823844813380624
18.0,9.0,54.74435166115967,183.02877058447788,1.0,2.4684697489397713,137.04601301850835,0.02052165280206499,57.354201996973146
24.0,10.0,33.91406730613489,192.1690748977559,0.0,3.837359561360547,35.123599611581334,0.021530753614738468,23.265027231330546
21.0,37.0,22.801869073106783,156.91961889519783,0.0,2.668036652069574,86.64163568606253,0.006742598103035013,14.336242012328873
30.0,5.0,76.71131478557267,182.13770218919385,1.0,-4.65803514429167,54.14722935507888,0.08495729873779473,124.54119274960627
16.0,33.0,38.82411553067924,54.5608656772021,1.0,3.2736891136618818,99.46066678713386,0.04958791643748913,33.96974983603846
54.0,35.0,46.55534139946752,47.54037942659063,1.0,2.744809584543674,84.68447117662124,0.09409183641111943,44.6974278963903
22.0,36.0,26.87839661514241,11.232735918300026,1.0,1.69290238153186,138.5966522048911,0.08775926059967624,20.924815718306956
31.0,16.0,70.21545979455752,144.3004279115287,0.0,2.6002241908790347,15.241822755181978,0.19722540160311902,62.98936693933105
9.0,39.0,21.65790997135584,188.11876568461145,1.0,4.794253958319389,33.09612596351451,0.010249658319145353,15.080708779895769
9.0,39.0,70.0394457259458,45.51771555791852,1.0,-0.6888711218165033,114.95219457465838,0.1742995426119129,92.10118423496152
35.0,11.0,28.417100767278008,131.019279331107,1.0,-4.327767650454022,55.31802598422651,0.016376494006594727,25.78551034229138
7.0,20.0,73.19384675786912,151.82735425213772,1.0,-0.39110030372283333,24.86756793430859,0.16098691266183354,97.99162350334319
53.0,39.0,63.78635824016944,186.24670467813073,0.0,-4.53566344608952,75.49818888680817,0.04990962173627537,59.93234402715147
51.0,18.0,29.880215750438307,132.9034425632721,0.0,-2.0574959191153885,97.82130924170794,0.011746674780400602,20.658084894168717
19.0,2.0,53.949079571568085,194.35580922226293,1.0,0.8687979179675898,6.724007123024789,0.10698221558394518,58.32005906776669
31.0,17.0,38.75937886131317,75.48789679238408,1.0,-1.903771070738437,43.743283405116706,0.06373594990864202,38.03138541394495
49.0,18.0,30.693985934695007,76.48642141656745,0.0,1.853952459095386,121.41338065440644,0.01793549793666383,20.776787146931248
13.0,5.0,71.5509319646665,113.17237690272566,0.0,3.219863276857211,78.03668499152914,0.08891961002025825,64.28329584643103
49.0,15.0,44.21136599043376,82.86535741202235,0.0,-0.7956082072046311,5.3068822759979986,0.1901130831189296,34.1902058108219
27.0,7.0,43.91262286192295,10.270888374631198,0.0,4.001379512930035,42.292650791205126,0.5914269133404788,32.48978980305376
45.0,17.0,30.1932004883972,149.0366847665276,1.0,-4.201610686495998,95.87109839691321,0.010823799055124685,28.06128935298493
51.0,38.0,42.983940565146725,152.82623788091183,1.0,3.401131642004498,29.903920436703714,0.05272775565474021,39.2390938778704
52.0,11.0,72.29701077973101,151.92517489048637,0.0,3.285731454392989,124.10871093291215,0.0481087744989664,65.20649861748055
23.0,9.0,41.78772262937815,75.55392665598865,0.0,-1.780061036732351,101.48638606254963,0.03755269265140923,31.989630902069155
14.0,6.0,77.09621374998729,109.23499992912267,1.0,-2.01284812875385,70.70685914216897,0.11622150044027718,112.79048877437481
21.0,0.0,76.77853395250325,78.3949684535672,1.0,-1.9490501884648737,137.34356716001773,0.09053184404726194,111.76127796872461
29.0,35.0,28.69391955844076,13.046916005822697,0.0,3.113937123444109,58.77011563869925,0.17292605288510543,18.94375492231785
3.0,20.0,30.63867521135869,116.86529884156957,1.0,3.316534876101951,35.26101158461279,0.029711714849399603,24.36894808828989
12.0,36.0,71.76044421991335,33.5145265559621,0.0,-1.702775411723324,99.21044887900513,0.2788354851535078,68.53027644639069
22.0,23.0,43.565655135483155,25.207851577373713,1.0,0.9259034744446182,85.99427812052228,0.1476432997251079,42.16788079649696
7.0,24.0,20.26243893698056,153.54482305238957,1.0,-3.6106677055954552,50.28718513968377,0.007904910353551661,15.759183286721473
17.0,6.0,36.43230918232226,11.80617845944007,0.0,-0.3122126171897788,51.54968419859657,0.30506774635574246,26.314797238580514
11.0,16.0,55.8577395917336,192.21160428565798,1.0,4.987928508555383,59.731546295115265,0.041092276199222254,55.99009975768885
54.0,28.0,67.95595795759809,107.8985191813896,0.0,-3.4116085229375317,43.67078512190539,0.1426130609488497,64.74002537262218
30.0,29.0,28.003317025595575,196.7731218341682,1.0,4.475626399600589,106.53621095413837,0.0066817253330670725,21.202670894050943
13.0,6.0,26.63248186500412,21.019538769814602,0.0,3.242547219650078,97.7037607576808,0.05550328012846777,17.26365501913267
33.0,32.0,75.32555921433989,120.87061428452351,0.0,4.722146509462699,66.1166478819589,0.11669714508937422,68.12147990364642
17.0,6.0,65.06890206935496,76.37213683542312,0.0,-3.20421239389467,59.678201366885574,0.13508665706046946,60.565778325575806
33.0,23.0,55.38677604668471,170.2616736347143,1.0,-2.8648150955663576,54.75769040395576,0.05021996650921374,67.91393371593081
10.0,10.0,66.15120739975568,78.6323196945144,0.0,-4.831328182651413,42.52024820883803,0.17510815087113882,63.50943341326064
40.0,8.0,45.731261678398305,59.49264002089633,0.0,2.2470181291560554,12.854499473558906,0.21225241844726095,34.79872751199043
11.0,11.0,65.5073448385476,172.93509414898352,1.0,1.4409469343618564,40.23070282837508,0.0814486426461112,77.73846741972844
48.0,34.0,42.30817947647215,81.18408741411959,1.0,-3.219345616752679,48.18020230395976,0.06967343125231129,45.11828954768185
14.0,3.0,34.64567434955614,13.19833077350668,0.0,2.911449655420719,82.1526009398015,0.17008234148024773,24.058244995813595
30.0,35.0,63.74080527757812,84.15492915947341,0.0,-2.0080449386827457,116.06827636170746,0.07658906870577721,57.854001240433874
48.0,27.0,45.1803375294361,134.35923111207896,1.0,-3.6500443066936485,59.35532172510475,0.04047621152258114,50.63885848831556
28.0,12.0,78.8826262595717,58.32831237321255,1.0,-0.7743733498065186,141.71353587781377,0.13209606654595887,112.16812368236998
25.0,22.0,40.96911093848606,92.07764256077988,1.0,-4.090301515731439,124.10249451617436,0.02622348630291742,44.18740959732075
17.0,18.0,75.30364523186395,20.77587627362285,0.0,-2.367563437267534,147.72027718256177,0.3318028466182669,74.29195409494011
31.0,36.0,75.97775291402478,121.73763038765188,1.0,-1.2866664157265384,131.43045615622225,0.067782283656151,107.30032777929702
21.0,38.0,34.51117682388477,153.69603553347483,0.0,3.5186417451414984,92.50889239640688,0.01498936997487647,23.838942567742926
37.0,23.0,67.8932708952808,88.52938666621095,0.0,2.925487412932214,89.77189317250783,0.09891927458483206,59.8029805343982
16.0,15.0,45.984470308673906,89.84420023227742,0.0,-0.5724571424938174,19.428919013132557,0.12027043176502515,35.98593092299606
22.0,32.0,75.05148363382088,26.773674731134122,1.0,2.245750577523875,108.35988733373516,0.35056031074584504,94.4403916154154
23.0,11.0,47.007456358114325,48.36876425727669,1.0,0.6864963617900499,90.03102863890071,0.08261922820775881,47.51097121316389
49.0,33.0,64.65822304024196,39.388307594303406,1.0,-1.5915814492193192,76.03981550939771,0.23750300367285412,83.35592204941125
7.0,6.0,48.01804454982787,101.52067604569221,0.0,2.258743434952848,103.99303088359329,0.035302149050657934,37.16147058964504
40.0,10.0,33.66804534277137,110.55855278064251,0.0,1.83499154466378,66.60717642569905,0.023657127486035035,23.37019487272745
5.0,30.0,31.96100773668118,190.29862494400942,1.0,1.19094442193602,78.57894936124293,0.01155041903195638,26.815037068247186
4.0,28.0,45.52587165538073,23.913985812674444,1.0,1.1795552104325058,59.75284572048845,0.22889796845810179,44.75767429377419
43.0,12.0,65.3296794208529,123.97491489945895,0.0,1.8298199232697676,107.60563400560348,0.05436347671371352,57.27793713190332
28.0,30.0,56.30428911084601,110.03472019236585,0.0,-1.1545448735746178,131.49164558218322,0.0404584477945245,47.946625671440955
27.0,1.0,61.3177573940326,108.08428860780754,0.0,3.6907581506770235,126.1267408698904,0.045526622459365895,51.353771082493566
10.0,38.0,36.93958104391655,175.90026460273702,0.0,-3.3769215450353918,117.90379080742032,0.012241489292159104,27.55003200465248
0.0,14.0,48.88612075745633,49.05230943214243,1.0,3.8388546323915405,2.0681556816826374,0.43945390318847827,46.97641350008801
42.0,10.0,22.66371589815962,17.74692212486058,0.0,-1.5771815696800562,136.7820695816189,0.0369229018386546,14.577066204074354
18.0,33.0,69.05194495748724,137.7315864504966,0.0,-3.7496838439137745,41.23135810850909,0.12125243512027235,66.61019267869239
8.0,38.0,79.39352973439247,75.57991818583622,1.0,1.000274026791299,133.19609144450638,0.11846913123165798,107.15831624622335
26.0,3.0,44.41274375748025,13.342084080379673,1.0,-1.2401333092959477,29.54521546340648,0.5753190680303819,45.83134156935047
33.0,10.0,20.6578191878926,57.76106138517862,1.0,3.1549972710351923,65.94686271371059,0.017123010906614906,14.471580012812261
43.0,28.0,30.18755837305684,68.77208710119426,1.0,-0.6921453147123269,112.40981914903705,0.021203872649490037,25.69947351083431
3.0,1.0,59.151612665025134,127.19929158900598,0.0,1.6856252556210982,96.04184179157588,0.04437202901926251,49.828631087472246
35.0,15.0,56.72475909223155,42.7913008693617,0.0,-1.9174201049517448,62.38829070441449,0.18528660249494375,48.887824986352
17.0,38.0,67.27188317513264,88.48032611114563,0.0,-2.905476249746599,101.79357851104176,0.09139075726140132,63.33603125817035
14.0,12.0,35.23304065766409,101.67033443938818,0.0,-1.1195096905117619,82.34242650699592,0.023725526424305362,25.36006524187018
50.0,36.0,65.81791493282805,97.25510435917728,0.0,1.0680783460243348,41.36044599532984,0.15721141124486282,58.388376143749824
12.0,16.0,61.279041291420185,195.04874566668855,1.0,1.5694673921135183,96.94941682457096,0.033241117307755925,69.77033748428468
18.0,20.0,39.3688698628306,18.64580518015626,1.0,0.7820666529801834,30.637062951678505,0.3372697115329205,36.44612164707598
48.0,18.0,52.72928888341772,190.68395542595587,0.0,4.880557186241089,104.09824263887482,0.024187513921111257,41.233688195303635
5.0,6.0,28.836428509899605,120.56807065886633,1.0,1.910901864951653,0.4666316434864204,0.06484242661461093,22.948581355300323
47.0,37.0,47.15387020613496,161.18826584426927,0.0,4.3151962759691775,82.31587706426546,0.02927006735235025,35.63059526488482
11.0,7.0,72.87184037333846,91.77459742305433,0.0,-3.820668051048255,60.16014413342115,0.1401906444669193,72.24430562229875
50.0,12.0,45.271482789523446,96.22919743882628,0.0,-4.386270701865211,45.4655660702921,0.06572960748484147,36.69515172715185
36.0,36.0,70.37400238852531,177.0720348130065,0.0,-1.8900529798804633,77.35619508519562,0.06219457726128188,66.75412877767238
16.0,1.0,55.41520191558166,180.2275542954614,0.0,-3.634110616235761,96.79674488038322,0.027648674116212184,48.29943326338564
22.0,10.0,31.512602786141407,55.35088747194655,1.0,0.25868528228267684,144.79683993201974,0.02156522040647949,26.772455512850208
25.0,23.0,54.866374681873786,47.85595693107745,1.0,0.1898125352327873,124.95967348321464,0.09025747735869379,60.94123101801391
28.0,5.0,50.35899974942381,104.28468303529071,0.0,0.7504716644395015,107.57248246257161,0.03711988022084937,40.22033136227434
32.0,25.0,43.91848011178304,181.05263515426142,0.0,2.4522788083107274,71.84503675187196,0.024317336062198106,32.9080297273163
26.0,6.0,27.17782637096422,71.2474677471735,1.0,4.713297002123199,58.82161794965314,0.025687325645407977,20.30615409174203
24.0,38.0,45.00251983083379,133.88277691443494,0.0,3.782586914391465,4.879448187899582,0.13232038291492515,33.623367324300006
54.0,18.0,24.365742574377627,144.5488206707142,0.0,-3.816327604244184,53.864535458857226,0.011464296050734084,16.185708313429327
9.0,5.0,25.926143083925076,157.9481863298896,0.0,-1.6148631122934276,127.25657080089248,0.005551712167244539,17.21431148568324
46.0,28.0,44.95499197596296,117.14564700498302,1.0,-2.4417697495195814,57.603687296443496,0.047119369365556836,48.33629612832577
22.0,38.0,38.32288891810782,86.46648387300422,0.0,-3.2318264222020723,69.23774985932197,0.041422391703297444,28.892653626705425
20.0,1.0,75.5326595517334,193.73303787180484,0.0,0.44724876655784507,40.77516360373571,0.09214967107960563,71.87522381018422
20.0,18.0,42.54234832281623,126.15284312754201,1.0,0.5326440203273053,41.11991382200501,0.047909457653613714,41.08123156460012
42.0,3.0,65.471487324326,148.42739021032145,0.0,-2.7275517211193865,9.28076413376226,0.19215430770770217,60.72200121511999
12.0,5.0,51.814851581974565,75.54674068221688,0.0,2.118972503066855,92.07058884297012,0.06106109893882192,41.27650424908828
36.0,36.0,62.24514011854013,137.2903443905852,1.0,2.3291429916950523,67.21041045680195,0.07005581027735823,70.12510236709863
32.0,27.0,35.60695898092395,58.981555811183924,1.0,-4.790200051660667,90.89412112361919,0.04088820793531107,36.534346394404295
23.0,29.0,76.51429837029974,56.56841433044087,0.0,-1.0424229627768344,82.03303500432791,0.21499346884838552,74.69884952194275
43.0,6.0,51.80530981486544,145.797218343791,1.0,3.9014064120162106,119.82668809457621,0.025959818754562908,51.14111074776751
10.0,8.0,69.87944427711498,109.06499988995766,0.0,0.20318608243838243,112.65178684672091,0.0658056725044137,64.32423754007168
16.0,24.0,41.90274160856681,139.82255598025404,0.0,-1.523721985610057,115.7180779706819,0.019269457300823835,32.02816891396738
3.0,32.0,26.012680943031473,61.19331324213742,1.0,-2.4632384840486985,74.88585104125133,0.02487943014152009,21.675030900664915
46.0,0.0,60.42269886325093,123.75743480077878,0.0,-2.5664548008171773,53.08220270308958,0.07790489891351217,53.93676727613958
24.0,5.0,20.465578900245468,94.34739344359139,1.0,-4.002319661491937,140.0154885799429,0.005388333012910031,16.114932999256595
29.0,17.0,48.517578593930494,123.4224545006503,1.0,3.172264190930921,8.140466057483092,0.1382685474840951,47.09298626405348
8.0,9.0,31.568114159987555,65.26714912640168,1.0,-4.133425946058288,22.89319617753455,0.0696249724001215,29.89533241946164
20.0,27.0,57.64253026612173,145.93568309333352,0.0,-2.077052341381842,62.93986382649596,0.0577916328252591,50.11259546104918
19.0,10.0,78.76519238827113,163.12657957029845,1.0,-4.543242614336468,92.09364788520168,0.06709794316231026,129.56774715940483
18.0,32.0,47.864174379238754,59.38413003296749,0.0,2.813865697237005,1.2300562210082466,0.3885295691410747,36.818923611819514
18.0,0.0,69.04989539154,67.117906372572,1.0,-4.607163177732096,107.89842289667129,0.10493973150677265,104.12323211676602
11.0,12.0,50.467051217067265,135.61931124662766,1.0,-1.9169889613179159,83.8089814184872,0.035918655098964886,56.87795964224708
36.0,36.0,49.75040186624145,142.1611831176734,0.0,0.7329737008666404,72.70541380153878,0.0406582468329419,39.56145170347256
41.0,19.0,75.82540959072666,143.77894003551552,0.0,-0.9043863970655619,63.52425582418023,0.09868605191991273,73.56517168146735
16.0,0.0,73.3979521248009,139.712715907409,1.0,-2.1772893275089955,77.92305476109368,0.07426416645843663,104.60932656784131
36.0,2.0,67.14802791127846,84.63346622098237,0.0,-2.2481092757245835,24.26786017226214,0.232639883005793,62.607826085807865
53.0,17.0,37.77534519900705,85.02219813669889,0.0,2.977903060062493,16.306760891547377,0.09499388783233062,26.881646682487823
47.0,13.0,52.700504943436435,58.41534849243247,1.0,4.739780950872451,43.44562181277576,0.15174498344613033,51.58063935633917
38.0,30.0,33.4338339983411,39.798402980308964,1.0,-1.519589295512066,106.42571879779871,0.04731339536896863,30.30730142326641
27.0,26.0,46.63500188279239,141.58970208541209,0.0,-4.6085448639098345,88.24318257532445,0.029815420817180662,38.338844488369716
40.0,16.0,49.052783945587436,27.70586933473944,1.0,-4.634342220908916,72.0184526428519,0.19258499959147904,59.71241237517584
34.0,28.0,69.89840241015986,188.1805344894885,1.0,2.592134152107181,85.72814488439406,0.05196991213326519,83.56016815595761
46.0,35.0,73.76170191949959,167.07039769757574,1.0,0.5236982160912695,83.88870195590148,0.06770657858818331,96.45988457332314
47.0,36.0,44.87720374378867,172.92609059187865,0.0,2.835926574173304,46.056288823488806,0.03818052779012565,33.760964468542966
17.0,25.0,21.062266704394233,182.26707477688615,0.0,1.974970102885748,14.618392086708877,0.014695172646265766,13.079977598821353
13.0,16.0,71.70643038736128,87.63494443741561,0.0,4.075063492653966,134.5173552994576,0.07670823840899521,63.89013655540164
34.0,21.0,30.45672071008164,170.8731374365762,1.0,3.8582429104662355,89.98668939358718,0.010221217178118263,23.96746949982478
43.0,24.0,57.31291783342361,40.03164705541337,0.0,2.8832739562117737,104.66219995212775,0.13784875687085393,47.10136758785369
40.0,1.0,21.49825402604787,14.111940975564778,1.0,-0.24810839957856268,69.59958365504326,0.07055354502387658,16.007375528204335
6.0,21.0,43.97038851563386,159.12936498613152,1.0,-1.9187359239614754,113.47208699648439,0.018699095398126718,46.00911919753845
40.0,4.0,79.157618126921,24.21136311941847,1.0,0.07026787444639915,87.67458959680008,0.46956154345846945,109.73956677918207
12.0,3.0,26.041616066228187,197.8196867919251,1.0,0.020716073198235874,8.070168314578535,0.023293074707022715,20.63309940119336
17.0,35.0,45.421589119978535,138.21132162429564,0.0,1.1027554888933766,133.51455530905366,0.02097733401446788,34.83442959790409
36.0,5.0,38.42899701139713,153.15544494600005,1.0,-3.1390243221709593,45.83042201818303,0.028661862435959758,38.891473966021636
12.0,20.0,74.30528740329585,56.70273269279453,1.0,1.5561988044498876,20.68361661320032,0.4907836464607114,94.72330247349649
35.0,12.0,72.16040647444132,138.03442484474076,0.0,-0.4339907579418423,13.206151155647367,0.2281788250097765,67.95675309799358
30.0,36.0,34.26192561837373,18.21178807844187,1.0,1.2020483194085918,108.06604707631662,0.10894466120607918,29.57512836984984
1.0,24.0,24.87126722302587,169.18688678548418,0.0,-2.603951770804543,105.59525502065397,0.006039136988657655,16.459840699101722
15.0,25.0,57.62830364366705,42.228577675998764,0.0,-0.6560510612264503,105.0243187219906,0.1314198800474171,49.267917153052366
8.0,38.0,40.182122713022586,142.4980326984164,0.0,-2.8979878554747973,137.3629159022349,0.015669082724428095,30.68509596963301
8.0,19.0,60.325063436363784,52.65129523421838,1.0,3.7530515675680167,52.341453299647725,0.1948952064915491,64.59904849574345
37.0,32.0,21.92718536406887,23.00610219094812,0.0,-0.12038954958462411,84.16995845383848,0.04296351152549894,13.882058384419741
10.0,13.0,28.003954110649364,101.48379892438491,1.0,-2.7501858442618787,92.92433744915242,0.013636857204506716,24.215616927030766
53.0,35.0,61.1823339663586,42.16437995182999,0.0,-4.587913042584537,146.92227428496938,0.1149040158255962,56.42926361686767
21.0,16.0,32.74223931814986,148.59435778204445,0.0,1.7573866465354182,46.85192155778877,0.02187293705748683,22.56508270994815
32.0,20.0,71.4552605457441,55.13751024286212,0.0,-2.853552860102443,143.44967998559108,0.11687898612802612,69.18571388074865
35.0,15.0,23.515453262608126,75.06978568480748,0.0,4.895821923187783,22.310149962357208,0.03534407723905079,14.713883382759201
44.0,15.0,32.92891896713448,117.81345774024986,1.0,0.33700373415171625,114.6002184041763,0.013924345787729886,28.446893625003174
22.0,19.0,79.91361490910411,64.1439727396892,1.0,-2.1102300375196794,94.93288500306191,0.17756608599908696,120.15805880520631
44.0,28.0,45.98456615520756,81.81774207989271,0.0,1.5767743379263033,122.53440559079812,0.03842400110343539,35.26649647387246
44.0,27.0,62.17793981267861,164.96813649767347,0.0,-2.2478007656191448,4.302836045977071,0.20376318689448897,55.98363907862044
33.0,7.0,30.959782931420822,44.04987141659488,0.0,3.202742939097465,11.719656440858373,0.1350736267720663,20.81955317435508
8.0,23.0,56.59212409913226,25.6183020015674,1.0,-1.9176394907005812,10.454366935371878,0.8501001053604813,68.08927982824778
23.0,2.0,63.56636410216511,72.38797917527366,0.0,4.882477323959092,88.94391832459317,0.09812936239525193,53.39115450874609
7.0,24.0,38.86859815199063,90.63158573263685,0.0,1.051447854452936,90.4404101363307,0.03136281280244067,28.324010474265656
6.0,18.0,69.73382671855266,113.10526360594785,1.0,3.4441114894266334,135.91573340324643,0.05598379793250454,81.49039582467897
35.0,32.0,56.205054708336995,80.76050227325133,0.0,-4.271845304215778,70.14052717776674,0.09291454562763311,49.697344047035955
17.0,1.0,43.34738057690181,160.08322304233297,0.0,-1.517005826138118,10.20735825074459,0.0737078859814168,33.52519159895793
2.0,14.0,53.458543600589515,17.47070265700992,0.0,2.3748708616614964,31.429410243377315,0.6338164445308476,42.983074014313836
27.0,21.0,54.605650846155456,92.03583225772601,0.0,1.550590173405827,1.210964222676436,0.31573645628632,44.6224276042074
5.0,9.0,29.932117561631962,82.62862378471688,1.0,-3.057568785662422,116.50717876926075,0.015504351427152735,26.846216889933558
43.0,17.0,44.16394219201797,133.0399132533032,1.0,-1.4379706949029014,122.33991553211618,0.0211058474082686,45.691396462454165
43.0,21.0,40.60583528116959,193.59248786050523,1.0,-2.365565925124591,149.6910624426204,0.010416236310954815,41.3092813001
20.0,26.0,44.054163354747566,106.97132725948381,0.0,1.13370169761843,61.829167357964145,0.046525153042535114,33.42253573162114
27.0,12.0,65.66663530911548,197.5066009189269,0.0,-1.5543177054122503,2.8947563102388774,0.19086509794917178,60.059787175489475
39.0,32.0,48.95230444800036,67.42738503350752,1.0,-1.909457579996502,35.20948222355583,0.13787390432384314,54.23713301534371
53.0,4.0,76.41896919435585,15.864945183067592,0.0,-2.926220195636583,88.16533014949438,0.6695619334322199,76.5586653981778
53.0,25.0,37.62058480150617,41.47600182051842,0.0,-0.9097287908535168,144.29144505791047,0.04369739770588753,27.587876730776507
0.0,12.0,44.942214697095736,85.0737281071678,1.0,-3.044974098034464,15.536782720619147,0.13178956796418853,49.23403356198125
35.0,26.0,67.21740862874249,70.10344274582492,1.0,4.625695873776323,18.235953024111417,0.3546464119466453,74.84441376957858
20.0,13.0,52.76147559924502,28.44028488684176,0.0,-3.454981885046966,105.26384779184144,0.15649402581402552,44.948229523486546
42.0,23.0,52.82168878546686,92.2054204612362,1.0,4.133047149587763,100.08105825323243,0.05260675893477401,52.396874481205224
34.0,2.0,23.200409780311013,74.24199661531692,0.0,-0.7152690184341803,37.57595329677496,0.024308968075362297,14.920651665479898
12.0,29.0,43.91597976310735,33.29765188691331,1.0,-1.2213400843827793,121.97171865217784,0.0863385661971677,45.03435423298707
48.0,34.0,36.24402394530395,66.2622548162627,1.0,-2.686801990951512,19.31681332161948,0.10863656329580933,35.16802900719628
53.0,13.0,79.96010736986692,178.42285051752418,0.0,1.357563343675191,138.86127671651397,0.04577094931913846,77.30311225476629
53.0,11.0,38.50130423793862,67.38928444297463,0.0,1.8552801501083638,30.15478954986321,0.08841234453250835,27.793701324531696
9.0,27.0,73.06979208763181,145.6515304159898,1.0,-0.32429037747582545,12.202855908450749,0.23916359260281553,97.5144519932703
52.0,28.0,60.574024102428645,126.28894513497357,0.0,-4.442931043065759,50.92831297107819,0.08688574151268702,55.501187971589076
43.0,16.0,40.45498455152543,91.16442085759064,0.0,4.185101506885499,28.176193280181742,0.0761100292548263,29.12764133618206
46.0,39.0,52.61206270244742,55.414870992697146,0.0,4.803291328763811,79.04118375540493,0.11004295804107787,41.13642666175476
52.0,20.0,70.43215279695163,80.11279287572964,1.0,-0.6895658478816502,103.02698060575891,0.10434843931336421,92.94150836888741
9.0,22.0,73.00209788185471,122.50037055949812,0.0,1.1366080740932716,73.63823677174368,0.09588843607231562,67.7903237536665
45.0,19.0,29.623632500368714,76.64311080237744,0.0,-0.49701373756253275,99.09109977164664,0.019838622626460318,20.193203864264916
12.0,10.0,40.374388472490175,50.83032237910405,1.0,-1.7812034911387942,54.73807715999766,0.08451443000878771,40.28971456130652
36.0,33.0,40.1133908128143,32.1279222894101,1.0,-4.226812071421923,4.188389585795998,0.4446159086439157,42.976854715584686
37.0,9.0,22.522687764556682,177.1557182028174,1.0,-0.43932269602701135,146.10961863377236,0.003427400608232666,17.08892930829854
23.0,9.0,55.89426559111379,93.65946539286207,1.0,3.183845563594515,122.9120256809993,0.046072564651361066,58.23752344982388
1.0,5.0,71.28920317953128,128.78958113115672,0.0,-4.829685389119964,11.012823612694211,0.24279292905287822,70.98784479249393
21.0,35.0,42.894463269531066,103.177968615993,0.0,0.8210768318022232,67.37645942345016,0.044037221676926835,32.33938235001297
16.0,23.0,64.40215669905062,175.78763848801304,1.0,3.8077210872668887,95.25286051078119,0.04248677386900978,71.35940937507215
35.0,11.0,57.662024816044394,113.91762196516005,1.0,-2.82450569985642,28.589140585895684,0.12021126867717062,72.32163621010163
13.0,22.0,42.538924129580046,101.34846941033153,0.0,-3.1674413531093784,86.69829170441572,0.03457762170916424,33.236848039632
9.0,26.0,28.463587969537826,185.67418818012538,0.0,2.722766257019431,80.04729271765305,0.009131589856479187,18.799472791770665
34.0,36.0,62.55943116655804,146.74102324861735,1.0,-2.449135688807067,31.239778280205716,0.11267942630358423,81.37768542243913
24.0,5.0,71.27391013647443,31.19448239590289,0.0,-3.0801573243935154,21.18154639161799,0.768031486289449,69.14684595485181
2.0,0.0,61.151269544089516,43.76384762739467,0.0,-1.2201074943076495,113.84434344279562,0.118718039309282,53.96735638136533
46.0,5.0,21.072709042089084,159.55334395849397,1.0,-1.0749798772978203,48.38796692244506,0.008007543571775865,15.808645718304236
37.0,21.0,32.973973663459475,168.81175102419132,1.0,3.74101063016566,36.6060800763365,0.023580146367408288,26.781049838664437
16.0,23.0,24.168799093011913,113.58625752715633,1.0,1.1844347193367688,110.6817529208983,0.008166996681079843,18.281842985671208
11.0,24.0,54.223165974573604,115.34649329466146,1.0,-0.9403854366041065,110.41030380344729,0.04065587018092141,61.773957318345616
53.0,14.0,65.38866073042475,130.06726294177446,0.0,0.3438796428576685,41.46024845043437,0.1088807894552128,58.327114505289266
51.0,25.0,26.634751224119565,93.4319971137015,1.0,4.539652333252741,130.88526918777805,0.010583695485131963,19.814679371462724
23.0,7.0,70.30026923560311,139.23783346194176,0.0,-3.8678532339010463,103.23752476085136,0.05638152913707629,68.52316897798622
28.0,23.0,53.33053870372899,30.61143893761898,0.0,-2.922844782753086,51.864632673230716,0.2690964035460666,45.340365696823966
42.0,37.0,61.39814072850349,192.64305604980342,0.0,4.625287065865553,64.12344752769883,0.05049808273634991,50.982766870204244
24.0,5.0,78.28411091651877,152.52941652103513,1.0,4.573248485272041,109.00645288959267,0.06048956940483065,95.19348875900789
35.0,34.0,25.02085929486184,129.92309876171132,0.0,-3.2283457873522736,31.7375749343238,0.020053075242753533,16.658156790062563
25.0,0.0,74.07344137866735,70.10119083180133,1.0,-3.548911828747018,70.31411887128361,0.16472544091362037,111.96711272484261
37.0,35.0,27.566161759244558,40.58154261677854,1.0,-0.7891486566138017,98.03375133871494,0.03425376006643665,22.671355171582924
0.0,11.0,43.57752839820093,87.77516312749948,1.0,-4.5028170751203085,80.92478220130698,0.042091157892327626,49.32175090508069
19.0,37.0,71.08632177986686,135.6995807090711,0.0,1.5490353228514009,91.24925188567398,0.07263929661850188,64.89614386734671
54.0,10.0,74.3752542042721,130.4048512503911,1.0,-4.225039783382578,81.93187492151695,0.08364431750341696,115.97323484203845
27.0,11.0,50.38230041270872,82.70181946245859,1.0,-4.4197037290571926,29.884116568503018,0.12267752733863684,61.7972702800822
15.0,38.0,55.64627829652551,126.52441482829465,0.0,-0.1481306379115077,61.53080174589321,0.06532489658030662,46.63300659700678
46.0,6.0,62.48884007591343,164.61217615783403,1.0,4.577866361101015,79.79782432163185,0.04694373741675701,66.95216991503948
16.0,10.0,69.96552010716285,14.994106744145343,0.0,-0.7320406393684042,117.00941135189191,0.47044164406256167,65.19429790874992
39.0,35.0,27.29067017225997,95.61799910675238,0.0,-1.4351884133944892,98.0856355754314,0.014243464471472962,18.332194281814623
27.0,30.0,68.60415849375366,154.1254934086903,1.0,4.97956715502286,63.988641777890216,0.07733947795229051,76.64559717785677
11.0,32.0,48.876569030697006,113.76744938804167,1.0,0.3196896077918343,146.15997482387183,0.02700170130684853,50.859966924265464
26.0,12.0,47.03740550649014,133.7804567065233,1.0,-1.2475859310975146,16.169328251958774,0.09147612307303404,50.029020023088265
53.0,17.0,45.433985119819894,108.16851459501498,1.0,-1.1413918665839817,31.020730283245257,0.0768621873486384,47.31179236729133
52.0,23.0,50.55269511476256,198.4561634896391,0.0,-3.050405039664895,51.1968915047496,0.03782991838223004,42.11941881193763
41.0,8.0,76.70303320367621,20.37809193291726,1.0,0.12223057447538932,34.28581154818652,1.055528599165989,104.05886465361186
46.0,30.0,52.8922263675291,103.29851613675169,1.0,-0.6114497183199419,93.8162995209017,0.05071573965902489,58.869641312123846
29.0,9.0,77.19065229578835,27.36914433175836,0.0,-2.292047036525866,5.932609400438288,1.662485437402168,77.01144331873626
40.0,1.0,30.817407836938436,40.35925680157838,1.0,-3.3945991339824024,26.61551764101239,0.09743696383754744,28.257652916742558
33.0,37.0,63.44815872995799,82.77728657946975,1.0,-1.8876113133244632,44.002085648790654,0.16493355948930385,81.66031655612053
36.0,14.0,68.73437231652483,39.55261738509259,1.0,0.08683327687729281,102.50186626189748,0.1973280606949815,87.22381045265436
5.0,2.0,60.74772988009171,193.1005615317637,1.0,-4.4166672771519835,131.3797323871692,0.023805209740568857,83.58137390578203
6.0,30.0,56.415336813592425,189.89005757778023,1.0,-3.4625597141604403,119.77376558295816,0.025439276367657367,71.44430648481651
31.0,5.0,53.888766865170936,73.86083278191472,0.0,4.476572669690953,27.31213998753823,0.16212690585742714,42.625896318090994
31.0,2.0,71.65582895472176,131.5520652871591,1.0,0.42855351031338973,84.81086376616037,0.07174086702461381,92.31478659413115
52.0,10.0,69.29879582987,111.41313091281935,0.0,-4.365506963399621,4.503396801703086,0.35329226838003586,67.57191219813407
24.0,14.0,27.33732327083597,164.96152629799604,0.0,1.9308775876957296,46.580516302929176,0.013704306017089928,17.96733232389468
32.0,27.0,70.91525942185268,129.21466586521902,0.0,-4.381971299209653,120.89756922424901,0.05826625938535916,69.95133784929058
54.0,9.0,44.84411716642655,10.0479663532068,0.0,2.3887422704637293,68.49985706150093,0.45301556634877854,33.85556365102646
6.0,37.0,35.22180979974865,155.00313326585038,1.0,2.4996272172002687,22.491198341375185,0.040865061248253835,30.004696626382675
51.0,6.0,72.18611408083555,151.90114304626243,1.0,1.5107897574925266,65.7830072232469,0.07917028117221749,90.54122641292025
11.0,14.0,45.9214879780245,106.8473140576314,0.0,2.322045446193497,29.70493881933424,0.07949786791706404,34.97046885515637
15.0,17.0,68.501881410609,181.55460491428022,1.0,-4.120342189869422,58.97871867959442,0.06642192871144893,100.64285579810122
15.0,17.0,35.80421671735067,182.6047790811763,1.0,2.267805523552676,73.1750209121765,0.015292572610408095,30.84239482061288
42.0,23.0,20.235759285333067,109.54321857383547,0.0,-3.6331168027611707,52.433716876654266,0.010773595901169412,12.863644019104742
52.0,1.0,49.727551574176665,125.51776392734216,1.0,-1.6049409272815618,140.54534256507912,0.02386328813358851,55.067443040755364
35.0,39.0,26.013695398573056,199.33919366568776,0.0,4.427452535006329,84.3795446334573,0.007096855467482957,16.665407881254243
12.0,19.0,65.26255733149458,66.77584461416933,0.0,0.02875477659140091,126.4339010920345,0.08898314034579652,58.38118327209271
6.0,33.0,36.56450816416462,71.6772760391807,1.0,4.674264320830138,114.10928205833703,0.029798955222602796,30.460094318076067
35.0,25.0,46.618738796208724,44.72704150606431,1.0,-4.110775411132624,99.17494639016648,0.08552358459543241,54.03983109609395
46.0,6.0,25.222013905493256,180.21471843999493,1.0,-0.22443400436819916,74.53331224538734,0.007374628627825346,19.839960205834416
50.0,37.0,37.19955490683516,151.45279409036058,0.0,-4.375976797231294,0.32606756723812524,0.09759511465782922,28.089560325853093
8.0,29.0,66.88941459551432,30.07214128534596,0.0,1.302102623992848,92.02014008281257,0.28090695379928066,59.600630926531565
31.0,4.0,29.09527471413917,196.53579672761347,1.0,-4.212929986314836,53.393617950374654,0.011402272990643836,26.595244100912765
10.0,10.0,58.829573667617446,148.88272455061204,0.0,-3.246321974596227,17.66432502019782,0.12141420430071777,52.356586373611094
7.0,0.0,75.04555116827007,171.59920082494517,1.0,-2.411696899307195,66.69393954181166,0.07077541101623504,109.46106175647515
32.0,33.0,60.79020558546322,19.148649942908175,1.0,2.487438516644832,110.33299834249571,0.3178749077459155,67.33394565518745
22.0,0.0,68.66130135753362,105.94257459901185,1.0,-3.3603788118192526,144.25166920480558,0.05136577063269176,97.98160787546428
24.0,18.0,26.538297758234947,142.73367447813746,1.0,3.466320532930678,56.1157336683123,0.013249530752881945,20.01523888809643
7.0,1.0,35.04390956012327,113.15985106864984,0.0,-3.680960611691991,81.4084948057465,0.0201137560169128,25.76847355676935
44.0,20.0,73.67233113443547,136.66301848286273,1.0,-4.647555509298437,127.68665750453775,0.05564840280908861,116.2738685605893
21.0,19.0,62.906336817085354,165.3960720821898,0.0,-1.0495458103033217,50.09991299250222,0.06993974564717184,56.09016225803599
3.0,22.0,58.37322958263867,81.12404196243727,0.0,4.7944164197129515,21.338586745622308,0.20931402529572327,47.44665857902187
39.0,20.0,59.826004167302,171.24704836755484,0.0,-3.8965777221122275,42.282274684903356,0.06935701749692728,54.103090122137814
2.0,23.0,44.8520332582786,40.95405990540524,0.0,-3.9828155596037096,134.8684244712582,0.0655699168667636,36.05777530133476
28.0,3.0,22.673397897059193,61.468350455011205,0.0,2.5116651079562393,23.908966269275663,0.036775494397105354,14.250462314139341
40.0,11.0,67.06649252424374,18.235667786191897,0.0,-1.878383060064347,49.38315915101731,0.7129678084538735,62.19338272536208
28.0,21.0,60.72279417292123,79.24109415369772,1.0,2.1728161722571695,69.69604657505108,0.10726596781302267,67.74092610899467
33.0,19.0,48.36826784676348,82.18281351658285,0.0,-2.9998941055663666,127.066983523638,0.03981054152210864,39.58023603733294
33.0,17.0,73.98557692209545,163.00141346937767,1.0,-0.39928005801837085,140.6569925479462,0.0427003821590171,99.74898057231056
27.0,0.0,40.16957989910593,134.09482735503462,0.0,-2.347101222510821,63.871546444988226,0.027314134759004974,30.50471082505004
12.0,29.0,37.65930465387415,92.97728604957666,1.0,-0.484717851209131,139.79310725302733,0.02020155566909192,35.16014071400721
14.0,32.0,72.36777950476657,133.90165593851216,1.0,2.690970925853038,24.218864228663183,0.18904189251582948,88.06330054829597
22.0,23.0,67.81925928553913,20.02883659798132,0.0,2.620099404776617,23.52784378445556,1.09654562199762,59.90774303576455
43.0,13.0,50.89878863890068,44.251591843491454,1.0,0.15772287673723628,142.38762294521968,0.07289838503280921,54.33226997121223
25.0,35.0,27.844084367470998,129.12009249593345,1.0,4.28371843721051,76.45202002924968,0.013434966525501881,21.09784397291893
3.0,4.0,32.90428828790315,131.85969565280743,0.0,-2.36215897551726,27.88617530309309,0.032609259096368984,23.44673979141803
25.0,10.0,59.3736794245284,157.08558515441115,0.0,-2.5968864888076695,73.19855558633428,0.047773818888015476,52.615762831759895
39.0,23.0,43.1024742704247,86.56995422018441,0.0,1.1380640117543372,117.48167330685773,0.03256699897906626,32.45842358872329
8.0,30.0,70.18839149995827,147.28527835706967,0.0,1.2129703421678906,124.03805485852855,0.0492780554694228,63.960539632762575
54.0,12.0,76.99730055993224,139.956263186436,0.0,-4.5345996043502605,129.59538849738635,0.05729149797606155,79.35374668943025
4.0,15.0,68.3382155164951,193.04474189027133,0.0,1.077777123868976,85.43563546311277,0.045968880023561254,61.630248345736334
31.0,23.0,42.65272537973343,50.87474302068904,0.0,-1.2556384265098564,130.04190215518204,0.04963931884631001,32.717670576605926
19.0,12.0,67.32118575388544,114.8191171130015,0.0,2.474425253205591,76.5045313204882,0.08155087504625506,59.37238502132884
49.0,23.0,41.08650040824101,124.33524400098916,1.0,3.081056645452729,91.0589853586616,0.0255554340150113,36.98316296111777
10.0,25.0,30.026005265938032,199.74309813750193,0.0,0.5215381954703657,113.80797034074679,0.007039480247669794,20.39245349696023
14.0,1.0,22.003592291951442,48.22498701166382,1.0,-4.982949684977349,63.81529390657627,0.02266151066992034,18.246811666994134
31.0,15.0,43.1430027656612,109.41142379378552,0.0,1.3636581016664207,11.037223070816216,0.11111140225682718,32.43532286678398
27.0,37.0,74.21355822183692,75.77520846559139,0.0,2.488812796659343,52.52495352865464,0.21751362083623849,68.34150927441158
21.0,0.0,34.33919526534059,109.91966403000997,0.0,-2.510167337684858,93.59163251939405,0.017890291251897165,24.82006632490712
40.0,10.0,32.39078989578704,54.104434399590126,0.0,-0.353539988592112,28.84985544592153,0.07932669531671127,22.604069412658106
16.0,34.0,78.18924711446242,19.046351901222742,1.0,4.657266234117882,22.257804524946007,1.6337002040174682,94.81901912839868
25.0,28.0,21.500246771035528,118.78743624056088,1.0,-2.0188444660589653,43.96208168871564,0.012859458458804615,16.52599120227056
43.0,36.0,67.14692902362526,73.81232001355811,0.0,-2.7684674895825925,4.8167193416732035,0.5329673355515924,63.045428959740846
6.0,16.0,39.28219734445222,44.5688663322024,1.0,-2.8914520952198988,111.51343471303797,0.05301651083132287,39.90404850361624
41.0,38.0,22.24927741217956,71.54775755482642,0.0,0.588008343539963,38.80734032825082,0.02560646601235384,14.073204540661088
25.0,27.0,75.06815241257502,19.363238275071534,1.0,4.497871013080065,18.63575949548993,1.587135064616122,89.23402515730999
24.0,28.0,28.378539812575017,190.58402447711964,0.0,1.086901292003547,104.8694123945153,0.007151577170575965,18.923702773387646
9.0,2.0,53.106757023541725,120.41810384491949,1.0,-1.9667687976234005,126.43920188149318,0.030272704589375,61.691303970685624
44.0,9.0,36.44325244577287,164.80604945593473,1.0,1.3856977806745407,2.9813393792667675,0.06994644313486315,32.18011556886458
18.0,13.0,23.911568131081463,90.39245753406877,1.0,1.2484229759778742,35.039965611183725,0.022994090310517662,18.003779299057534
10.0,11.0,22.995349139802745,181.6297868375753,0.0,0.9692513572965422,141.78484873043752,0.003555546223373854,14.61587060448495
12.0,29.0,26.933401930180327,101.83046209492814,1.0,-3.40573793111698,57.78812038991629,0.01938057063341126,23.287558168966797
52.0,31.0,24.282020833362804,119.04961121812718,0.0,1.3456679934499416,140.7888095072897,0.0065862318958181685,15.58398704933684
7.0,31.0,65.63348693119538,103.4408562119048,1.0,-0.6983554748550036,41.13188075560161,0.1450206575015553,82.96703114136763
39.0,31.0,49.13397213700575,149.3228762148538,0.0,-4.814079413769666,32.7101453357898,0.06551215240231142,41.34776103280316
3.0,25.0,40.573525480938784,117.66465474439185,0.0,0.3976448714749514,32.11626175919938,0.055928266405897,30.141738643009745
46.0,0.0,45.10213460792043,61.603795480275565,0.0,4.892667452184176,12.78429906374074,0.19438747421805758,33.42652856783002
30.0,1.0,75.7368041343574,37.652510951302794,1.0,-1.5026040915601646,134.46484327636884,0.18904144067581477,107.54312049104303
27.0,16.0,74.64510876428884,125.16363388776577,1.0,4.655592183186582,146.97525339493518,0.05415886496469516,88.11318670852387
10.0,29.0,62.940588807354615,102.94419269393688,0.0,-4.037942583374054,143.1763210907457,0.04989369510406579,58.359213150156066
42.0,38.0,73.08094264530126,28.23538237226146,0.0,2.3245011586730624,127.8042209740911,0.2785316910156858,66.95509424894767
0.0,6.0,39.178881655257484,85.167318500721,0.0,-3.8567000533716467,127.03318614764628,0.02348915511531662,29.951355038744808
48.0,26.0,42.866559560496974,107.80752018008619,1.0,-2.2642842644472583,99.16282007534815,0.0301554281680685,44.71029670973166
46.0,8.0,56.822730911253686,167.1097144268621,1.0,0.7084083532212437,123.93205679259204,0.0267054476390935,63.453804762161575
51.0,21.0,57.41755683783585,24.459200608338847,1.0,0.927796939767489,31.251354651457163,0.5467476447074746,64.11450932565471
37.0,33.0,48.901990280740456,76.21411616674055,1.0,2.7521131723417125,58.18689455806928,0.08618019185038713,48.0769390032169
23.0,0.0,44.039470906277195,166.30466331497323,1.0,1.1531140722743927,96.12544399421219,0.019056759484547187,42.627354808394124
53.0,8.0,79.1708186965217,133.20054703659997,0.0,0.9361470438056074,131.21569988423946,0.062099306561239756,76.57931510277731
46.0,19.0,69.26741756706346,65.0920811427195,0.0,4.123530869891383,99.07041935531755,0.12776853186140302,60.764973510411515
30.0,18.0,46.09881187328271,170.61367318430206,0.0,-0.4783924779084281,125.85329375013089,0.017488575383240886,36.07438609489338
40.0,35.0,63.637548634374106,103.72578030691155,0.0,-2.74734221304945,71.09242737739461,0.09255468513351019,58.27433523271384
45.0,39.0,36.17370159514757,104.6868593489875,1.0,-3.3821141497636975,107.59556065575664,0.021374455872488624,35.77713132845675
49.0,3.0,26.010159574239793,195.55159444807302,1.0,-1.0000540319050022,146.997120956263,0.004052307153606031,21.00587073812126
25.0,8.0,41.145861533164435,189.9521356149119,0.0,2.127527551936957,23.023283569463658,0.04077062203373515,30.262336041006865
48.0,21.0,44.178368007403655,78.12120984027034,1.0,-4.574565150700991,139.0381038473835,0.032637321171453675,50.518719296518796
49.0,17.0,20.99222747364025,36.71003444598564,0.0,-3.709466134905939,78.35459217628541,0.025053066527986126,13.457760247358124
4.0,11.0,68.88752009815376,71.87667913283788,1.0,-3.938865398963606,96.4827046095087,0.11158197552269175,100.82513279010607
19.0,38.0,41.55160414335089,15.791819459163728,1.0,0.8525015305145878,131.68035103657692,0.1568642263248756,39.38473447922574
51.0,8.0,54.82508994680882,13.945898474974328,0.0,-2.5713534946873375,61.44812588284754,0.5276133939517784,46.94846282051702
40.0,5.0,24.437791236257357,85.14920588776964,0.0,-3.337405716986035,62.8038862335076,0.016612237431255637,16.188334376630998
10.0,18.0,30.49980972503504,188.7937663124745,0.0,0.9277071974302231,79.07727545206505,0.010112962216903956,20.74139510530751
53.0,6.0,73.3816235196536,175.55789483411948,1.0,2.6130991545237925,2.865312674527587,0.2658301001719679,90.2176655290379
32.0,15.0,56.52125167296805,107.17413844434837,1.0,-1.6784508354733563,74.49992714150262,0.06396568014074064,67.43702103341244
49.0,4.0,77.01704301022913,117.39301242245783,1.0,0.7820460567659615,43.66308974913455,0.15583177912392618,102.65693697424209
37.0,15.0,79.92500206347901,11.12736438175073,0.0,-4.018755868005398,139.1931273587672,0.7326167804747299,83.29611140708397
26.0,0.0,42.311606919985664,50.94521960841544,0.0,4.3519103045757,13.160294812954698,0.2015892791654152,30.852362801315373
33.0,36.0,37.928183844996475,14.707084117532911,0.0,-1.6310381468522717,68.89806930297027,0.23818311977768944,28.066603982604278
14.0,38.0,71.50136330954581,153.36251121212362,1.0,4.975056931735012,142.12022555660414,0.044747925244402374,81.75446046169716
31.0,18.0,79.91668562224726,37.672701245034574,1.0,4.785877558497821,135.15528754777162,0.2238325295045235,97.86884605461276
20.0,36.0,57.77847405394744,175.11894947059523,0.0,2.788234493358115,105.20226635618253,0.032947735213378744,47.679633495120044
45.0,16.0,67.70844335069134,132.23161959839976,0.0,-4.799329045930333,88.40415779941121,0.06536259717316054,65.70609326165976
4.0,25.0,66.90475152891646,53.589548537985536,0.0,0.4347492038436329,42.10964056992602,0.2802517674730468,60.222850506562224
5.0,21.0,41.320382493172815,39.96686024581745,1.0,-4.131635795599885,55.04356691286822,0.11689870603586468,44.83419282229656
37.0,7.0,54.456222815425235,129.24869317538008,1.0,3.9513802596151617,13.520229713119086,0.13506544092120248,55.05727563745489
21.0,32.0,69.98341647585282,181.15902625364146,0.0,2.8963625264740287,117.91624466373565,0.04192351550296105,62.48455802913918
17.0,1.0,61.286832575663325,146.48844159373252,0.0,4.72340376595683,48.58046518557176,0.07092141168924387,50.80607946809823
13.0,29.0,21.269828838922294,76.22386380464175,0.0,1.083829531497954,100.1672848545311,0.010454202707814598,13.294724824964225
9.0,19.0,40.20234013385201,121.60288310104296,1.0,0.22172804484338005,53.63921657979201,0.03683103437047656,38.06318424003235
45.0,17.0,28.668541795676322,69.04472212076006,1.0,0.18973855944387608,69.6495662094394,0.02722464672254566,23.48275919582725
12.0,9.0,33.978332724682346,199.83841768794517,1.0,-1.1355162554565512,83.25037085645926,0.01097275497245233,30.740689336795036
30.0,23.0,74.32936864947955,152.27944580775173,0.0,-0.3130993277085903,120.27786125859053,0.05385686708617956,70.87556934152983
29.0,3.0,22.21359733464609,126.7325115537832,0.0,1.3541258313535032,31.67345663110206,0.014558364928738786,13.987558007824568
2.0,36.0,33.188042717715426,90.41923712550755,0.0,4.329476075562772,59.81480802447846,0.03300569201740411,22.56296541830129
29.0,3.0,38.57416113429389,127.44893514931589,0.0,0.9588433825603104,19.512235783772635,0.05708940695516142,28.06385064374369
5.0,12.0,57.01304431798369,74.9070518687936,0.0,3.571159423173672,11.364075738188895,0.2737573903839529,46.45034039846593
28.0,24.0,52.04610140515193,15.484319497025844,0.0,3.6277991130250067,90.70115342531878,0.3299859369479346,40.95574618039781
7.0,12.0,33.09616897120316,85.06681924776024,0.0,0.18832675848259206,28.3636566538354,0.05274202934834339,23.14206217901028
43.0,17.0,29.854464033389267,186.79135572017472,0.0,-1.525303585023784,8.969901288914823,0.03375130374112951,20.550220120497983
44.0,23.0,34.20788207576713,128.99720800703452,0.0,1.3957387333208104,134.5646896809608,0.012256902382550158,23.928165607280633
42.0,1.0,50.15177760209934,25.951583583471304,0.0,-0.5412265808515726,80.14716296780938,0.18704389229761312,40.518232927433935
43.0,32.0,36.27066714267221,178.14878654505492,0.0,-4.185591326780671,20.194231110447696,0.039362191614502516,27.104843498407185
32.0,18.0,76.85615009646334,61.08622137488782,1.0,-1.2219089956756635,8.013919117132456,0.7073216039295903,109.10743575240852
16.0,8.0,47.831913285730856,56.316203685718214,0.0,4.940721380493249,17.97900801204842,0.20938276737588238,36.13368479016819
47.0,27.0,23.527760992678225,66.44728406826096,0.0,-4.514881299737128,70.7005860480921,0.019416034789582877,15.576232408316649
10.0,34.0,63.755984350198005,119.66842486393192,1.0,1.9666691190092667,100.26978827533466,0.060720420893094165,73.47137066492033
12.0,38.0,39.730717292539374,113.49073775245556,0.0,3.411887050712471,96.19201124790683,0.0260503166797056,28.613654867168353
49.0,9.0,59.209335923494855,103.36861337834753,1.0,1.4872590347537873,21.663462939674776,0.16272733115595708,66.27634818675192
10.0,0.0,36.77566223139392,146.33200406739914,1.0,0.6974823116328999,95.02334277565632,0.01506772662909999,33.07370426496928
30.0,20.0,54.24462450399919,70.14216895364221,0.0,2.0755441697875754,60.72984363263991,0.10714224949369727,43.9852326651447
27.0,8.0,66.32915028844788,158.5922590987619,0.0,-0.7065726270034434,69.71156764491975,0.060927510569969937,60.298378806850316
43.0,14.0,75.68052450647323,43.31111889193384,1.0,-4.086382626911233,120.21456093679757,0.19135345320144087,118.70303630958233
5.0,34.0,35.66762866598462,158.69794992463176,0.0,4.623717543033817,49.87490590194575,0.02465680463276772,24.679256736369695
40.0,4.0,40.09141705993887,136.12391999755374,0.0,-0.6769923001580391,22.049857074503066,0.054858432653102425,29.95067701521147
15.0,21.0,47.85598521715638,139.80957881404143,0.0,1.6538923716801757,131.01797003495108,0.022345614346895394,37.19519683529822
3.0,22.0,75.63049026415933,101.4951454541794,1.0,0.31310436889295246,31.8195863799507,0.22404265512589397,101.09915142333782
34.0,6.0,74.08321140863943,136.73029120936428,1.0,-4.453269280224454,44.104480583196406,0.1228735666857066,116.36054413057315
47.0,22.0,25.39269680603828,25.161438846296907,0.0,4.527466009925385,105.98850883539336,0.04237688225036042,16.173923197232494
25.0,24.0,27.91578954522865,171.79471223937978,0.0,2.925372261143233,102.53254755864108,0.007725456721960157,18.329236416724203
11.0,26.0,49.7305506398383,20.553974362652742,1.0,-3.509021055306051,120.0600031925743,0.17994698722434666,58.557277824936044
10.0,5.0,26.39715636832541,38.26088687558452,1.0,4.816488762882668,27.57999621719116,0.07359031020016552,19.50899856656111
36.0,33.0,40.734852400921845,119.5900446144749,0.0,2.3690137217170792,52.84198399713049,0.04090264039499543,29.806238274229727
24.0,8.0,28.903122693048658,150.4881765367714,0.0,-0.2767834957169113,18.882485843439163,0.028081839805189864,19.543837134279052
17.0,32.0,58.16242130791315,24.487797225788157,0.0,1.1137005655957322,81.15587207529063,0.29196337703996333,48.95447317283169
18.0,5.0,76.9697259043497,184.94531468324075,1.0,-3.932633179854025,43.88558888080518,0.0969822198903123,121.32412479169626
22.0,36.0,79.8040262176629,194.98545327213273,1.0,0.6041151001561096,103.34034615128441,0.05730704747514342,109.37038190603843
54.0,30.0,42.514467949814886,125.13053287146509,0.0,-4.263389279829406,0.05165519768116078,0.15365223080292223,33.609887249094484
37.0,33.0,55.94075822687674,101.43625652159895,1.0,0.4485525711930194,8.952449768936887,0.2288241908020761,62.36395284707253
53.0,28.0,71.37605921144488,150.86504473315244,0.0,0.5269568876278541,64.8840450779015,0.08439193082305836,66.08187480928508
17.0,13.0,27.04772436778304,72.38789694216904,0.0,3.7443878516074394,143.72762339633528,0.012344511724070629,17.545298084597682
25.0,35.0,61.3738646631179,103.72024247997022,0.0,2.2505750027229396,133.62770810387744,0.05101639076237171,52.1778301818933
5.0,35.0,44.530619703504094,184.06869509473626,0.0,-2.5044760778487998,149.10135420929748,0.01373565001582762,35.12865715221605
3.0,14.0,32.36876961680984,191.57453079589138,0.0,3.884261421878569,62.52453372960673,0.01321356484200626,21.92404418308358
43.0,7.0,44.16521712484652,186.14313204972515,1.0,0.7324266484800579,6.985272941062731,0.07685967783794392,43.22765613439135
50.0,25.0,24.55761721789501,59.865132723129626,1.0,1.0637947857403374,45.89342130296436,0.03214927381324009,18.713827304014032
28.0,35.0,61.724428915358345,54.169117641185046,0.0,-3.310186307778217,101.36562782609272,0.1250830422867863,56.16507562353412
33.0,20.0,35.16456012490718,66.5562561265697,1.0,3.5777359596911396,20.274571465112288,0.09519350754914052,29.370726275216462
16.0,27.0,38.68433870269268,93.84911135380744,0.0,4.30965115016544,44.995826814000154,0.051612133645911364,27.45575604117277
42.0,3.0,27.264877894487764,69.69180843047309,1.0,2.7499064949490815,8.424924681728802,0.07310855933995186,20.977329511364665
42.0,15.0,71.8795468333935,81.10043119042102,1.0,4.407524526450062,71.24505575853513,0.14208590001663468,83.51704625383934
52.0,21.0,49.60665675696431,127.9210209029443,1.0,-1.9770009587765414,31.33810165426319,0.07791747712646822,55.47959715251555
15.0,11.0,54.32881266718402,154.8798786478554,1.0,3.6111916836277116,13.687204034850353,0.11209608013776566,55.263343998296705
1.0,15.0,54.16596098569128,149.75605767090423,0.0,-0.11106857136257475,61.68237142237186,0.047978919501357714,44.887599660952134
33.0,39.0,44.6295868724805,164.74047774503887,1.0,-3.360827970564151,52.68381065612324,0.036298162537931104,49.20773697588524
54.0,37.0,31.551794926288366,16.115036610926413,1.0,1.6880059903340117,80.62766054182384,0.13329249948601132,26.093218172247937
7.0,36.0,64.70796490990399,19.069420038963656,1.0,1.8412027070587889,112.35579829704587,0.35882654004364006,75.44453158686044
12.0,28.0,27.62337592146046,159.98276253083958,1.0,-2.1307548624330988,16.885310463975785,0.027274895737232765,23.40549255822929
41.0,17.0,26.23242741672863,111.28497624168006,1.0,-4.725066683724299,118.66883853150128,0.009132263386329179,23.239035599530332
7.0,9.0,62.608702255790206,119.84672801480286,1.0,-3.0015274091443667,3.943496981277017,0.26700216506364904,83.11068233238672
29.0,38.0,32.53022122711903,19.991503440731645,1.0,-1.0022245232611326,66.46528537437717,0.13323357015755197,28.781250678393043
31.0,17.0,38.40636508116994,58.509622222541466,1.0,-3.3243708894013144,88.1145430328823,0.0476033593580213,39.07548091656322
35.0,0.0,48.51364802010441,131.28731792824078,0.0,-3.0597005176039582,143.54980097096964,0.020995510639814224,39.772794840606295
46.0,38.0,46.961079003772774,173.24455912102846,0.0,-1.0860933561773045,86.08845403044745,0.02611565726513824,37.22456603669801
29.0,20.0,62.514747503899954,184.2268454644665,0.0,4.617866143085604,23.81237899070829,0.09980556096955948,52.289302204704356
0.0,0.0,57.40590760660166,105.07970420866553,1.0,2.6424351540764834,77.63127080158637,0.059601144973229714,61.41799005751992
42.0,14.0,58.663769736911945,113.64010422025754,0.0,-1.8025159877343588,59.36759207871243,0.07738788114107978,51.21329554150908
38.0,3.0,62.84325983932744,168.27942990310828,0.0,4.516040689185482,71.90333514003655,0.049629575127710636,52.72732760632112
16.0,19.0,37.55676364540792,112.14867414199738,0.0,1.4564679225873267,29.564552198863087,0.05191134070338909,26.99124856268189
19.0,9.0,39.33999870802842,108.2031198520903,1.0,-0.4455035535985985,75.12405634669078,0.0296124261408588,37.45499585782045
23.0,22.0,46.279864873733246,181.9659671745812,0.0,-0.31699801044852927,22.505964643631525,0.05737529180720352,36.21004368022755
49.0,33.0,38.447730382011564,160.08721700061722,0.0,-0.8925553216460813,111.60646210363048,0.015078139640163123,28.38733723521029
21.0,32.0,79.0962721382518,182.72378000864597,0.0,-2.670079474540603,89.08593903383968,0.06712603563085999,80.32635289734756
28.0,33.0,68.84311558528577,51.46694040841922,0.0,-1.133678077862943,11.779153738767494,0.6218896790225791,63.996986448480484
21.0,38.0,29.879281295361775,109.63134246451777,0.0,0.27896384043392564,133.44217018934697,0.01154979259367715,20.30108668376392
43.0,9.0,20.33564935291217,170.069704432738,0.0,0.28027350730221,92.45694069234575,0.004311099928477374,12.651201225792635
8.0,19.0,22.56699609483607,31.1180872187507,0.0,2.61736902212518,47.41605826917471,0.049519144054446136,14.162308466499034
36.0,0.0,34.64380706257552,160.98580931585275,1.0,-1.4120214284264743,6.846359929096546,0.053230951290039075,31.829505241041915
9.0,12.0,26.857477150211395,44.7649428488252,0.0,2.167980293039524,94.83400436574496,0.027829056194659307,17.5528330268997
35.0,0.0,52.000286893554325,163.54256344721102,0.0,0.7809183876868464,56.016039202250525,0.041662642639651144,42.024521251413574
36.0,4.0,71.47971336364152,126.28017813580495,1.0,4.6184540452683445,136.14271573177314,0.05050260625295736,82.38471547866439
27.0,15.0,64.20501325479364,46.71483838212475,1.0,-1.1471507396601732,5.231674907126182,0.7078757595684492,81.23307954674254
27.0,14.0,32.93654378493142,99.93729407323221,1.0,4.012164642607903,5.8653653013365,0.08463126557565287,26.6227554555154
41.0,27.0,43.95795536154715,139.5619816275466,1.0,3.2064254729828945,142.39489303604032,0.018007943793997068,40.69537591475513
42.0,30.0,50.473652571876656,130.43205116787306,1.0,1.376642845894569,144.73109185192592,0.025261427198327985,52.02340192380474
20.0,22.0,68.61235097020013,91.17696728402383,0.0,1.5451446674211722,4.16133401589579,0.4424224967537074,61.65435043582431
23.0,16.0,70.34729618636989,180.87964049497612,0.0,-4.153500653935893,107.40498524119913,0.0435574636260912,68.88131658241484
41.0,33.0,74.58309871446656,108.66004875269041,0.0,4.502246055934323,33.22422784932607,0.20660202364914065,67.31105578985202
39.0,12.0,50.55471503017251,106.1147867204508,1.0,-3.930639365042561,105.20891494291088,0.03870019130296761,61.01004569467767
1.0,13.0,61.65648478615178,21.82761208887631,0.0,0.6323330874350708,130.30991949869755,0.22974390666341366,53.44487364802417
54.0,10.0,26.708022274036228,185.20287406155106,0.0,-1.699291995508455,15.12472182934131,0.02203972241717821,17.87626071964391
7.0,27.0,53.91733759723893,43.65214804889087,1.0,-0.7014802171014822,35.8149625143063,0.25058730004936497,60.80795232223212
47.0,31.0,34.92150856826811,110.3854917529453,1.0,1.1018301083681703,3.6116502489742244,0.10000539759347199,30.449928952325855
26.0,34.0,45.90301310159666,162.6778442660589,0.0,4.088513778823216,6.574476816666119,0.10489269189201429,34.4371267884359
21.0,30.0,58.04303049840316,50.93612262157223,1.0,-0.4243287642769855,4.442678732666128,0.5751946599274034,67.69528342406801
36.0,16.0,35.41915627122687,110.2009250944598,0.0,4.877295553064411,120.10235346396217,0.016558323525255814,24.419067960249052
26.0,8.0,23.131103467805666,55.73013275243476,1.0,0.9281206535149977,44.7439017646165,0.029200750586782634,17.31161160165288
28.0,9.0,20.61403138452545,154.34204958198325,0.0,-3.394460573578255,73.98171593579836,0.0057983708102238565,13.1362253281663
2.0,7.0,21.32957213267129,117.22482189589863,0.0,-3.0999070516874774,118.17663953955245,0.005418174172788595,13.667597292742453
43.0,20.0,20.50098425082618,172.63541347507726,0.0,2.1611103558925104,74.2415494060077,0.005344507319391466,12.65387750923746
12.0,12.0,26.62130339347253,179.96602054670274,1.0,-4.496022057566183,64.37940939368941,0.009271074099341062,23.581250142712356
44.0,4.0,34.369322874207796,133.25936166462563,1.0,-0.1965842377777316,1.7359809734188214,0.07985379169422238,30.589089981471936
9.0,5.0,33.273290850937954,147.82433677019944,1.0,-3.517808901964834,85.20592538051342,0.013675581860987409,31.72714007027116
35.0,29.0,79.2077956507938,114.3518189785041,1.0,-0.6678136482215502,18.711461720562962,0.30086390577001676,112.52839884711291
8.0,30.0,38.36036631253659,83.04145928280275,0.0,2.499174220717195,114.69723611865393,0.027917170867966107,27.523203177197125
53.0,16.0,27.645247001563945,133.14240537395858,0.0,-0.4118707175856584,38.660658572252935,0.020046079403847856,18.498396196422867
54.0,10.0,52.733752650065476,182.57483846259248,0.0,-3.3654889101907304,101.12811162129826,0.02527404534079205,44.865682763551796
26.0,19.0,71.4774473238505,89.1692722819732,0.0,-2.480746296433576,96.93352917370191,0.10056586801753584,68.85774080604357
33.0,8.0,60.68362260726051,69.73790501102111,1.0,-1.324604113478176,92.50134043950301,0.0927821032348753,74.64697995239958
50.0,1.0,37.76492534812702,83.80301832498908,1.0,-4.304388165135853,40.042801130578894,0.05505347210694855,39.29810548758177
0.0,36.0,53.696969587487295,92.72554974020393,1.0,0.8433763608112188,40.06346657633522,0.11195063741486636,57.93951178379979
31.0,0.0,62.89135845202455,23.97659550576608,1.0,1.0753379127805018,129.45720651619948,0.2107918638175291,73.62716788200713
24.0,3.0,63.68626954206454,104.70394968264894,0.0,-4.378480728674326,1.921099894564049,0.34021981101159887,59.65984078108552
28.0,35.0,59.99230731786133,103.91970712951134,1.0,-0.9768867882583798,27.228395018093686,0.15827844413807776,72.50801492278192
6.0,24.0,72.24862548653708,121.8043272516994,1.0,-0.8599931711527509,91.52563764629775,0.07982376937022888,97.40511179169967
48.0,2.0,72.20632750064627,78.93580578955299,1.0,-1.661804314473988,122.55693816047547,0.09023505861341442,99.98212384179168
2.0,8.0,54.7361935644202,126.49044323156205,0.0,0.5773974033111184,53.7518263009288,0.06225586406015307,45.21858243625228
19.0,21.0,45.79138214667274,176.86109895209856,0.0,-1.5404250993988822,98.01651879162002,0.02072013575410598,36.129965978466096
19.0,22.0,58.49421773390599,191.5394881940812,0.0,-0.8359072052219396,83.57346294303545,0.03569778361693538,50.42428634834042
52.0,11.0,69.09272008222779,120.88632106679943,1.0,2.975235474416056,9.68101567230531,0.26810953045717034,81.25123386645396
29.0,9.0,20.339126290471082,18.092281254359488,0.0,-3.378906445697986,93.26252953960172,0.03997798173637648,12.92254659418299
34.0,33.0,79.51982054089106,194.1548394807507,0.0,1.191146953034209,122.08552084087403,0.04921437430830754,76.83298648022307
34.0,9.0,30.973626339751952,144.1137915702887,0.0,0.05594401690845574,148.8672480449114,0.007826597570472922,21.28263272261055
48.0,29.0,48.21493913959857,73.8330932251939,0.0,-1.9492836252065093,4.446010897758429,0.2738163665664577,38.9498270681303
38.0,21.0,72.32178409057201,37.95996318310744,0.0,2.2753465649041074,99.0087258875802,0.23999808097457873,65.98401644210526
26.0,5.0,33.50242394265196,37.24953632489224,0.0,0.5118835954114798,62.18243297219432,0.07130552862206833,23.450155949089048
25.0,1.0,48.60771343402299,41.871437166524515,1.0,-0.22638473039304663,1.4681833059307925,0.501889988347525,51.15538479389356
13.0,29.0,27.95493081087075,18.658779106625857,1.0,1.6766931477120006,92.1541415562767,0.07904209437472742,22.080764322821224
16.0,1.0,43.70457952329156,181.4092958440532,0.0,3.022903079813608,18.364094783345326,0.05201610129474309,32.54069247601133
17.0,31.0,30.628127287580153,112.7459642371939,1.0,4.726687900335762,56.78502752837049,0.02309414136978592,23.840471881342864
44.0,15.0,41.81766492626942,142.99228841562908,0.0,1.2935036837637348,39.20506387326034,0.042063809918517346,31.134031604224013
51.0,11.0,42.40785300756332,167.34061676097843,1.0,3.744399854003829,54.1745103406649,0.029186152896291746,38.228440170379955
28.0,0.0,79.59024737589996,160.39279120330804,0.0,-4.989084589770431,73.90433722514244,0.08013347096529908,84.06784742494884
19.0,7.0,79.68878175822634,177.6950685084799,1.0,0.30235692725891217,53.88142987342717,0.09445250148579068,110.13916930502094
52.0,12.0,26.887176719636745,193.77837827974085,0.0,-2.8535245122980193,82.90978058843088,0.007329459472073124,18.180798957938315
26.0,14.0,63.55812675970083,93.42341680096851,0.0,-4.058075429168628,35.79745353492807,0.15621148819078065,59.2149306562754
17.0,7.0,23.10472878014607,190.5637386669942,1.0,0.31971017064392093,95.30426511425723,0.004737831486513686,17.45655479541771
3.0,9.0,21.811520920231317,147.4250901851351,0.0,2.468265061490941,128.06445061872802,0.004248198311372033,13.60516655283946
0.0,4.0,26.32003365469786,23.42695615853491,1.0,-0.8772747752562027,33.61005703728186,0.10460754152023943,21.30011086816534
49.0,18.0,77.92913942047603,139.53879303034563,0.0,1.701074493444349,76.18158237834338,0.09317396692556432,74.1027862412299
0.0,37.0,76.45181287368185,140.47616532492123,0.0,-0.10280746159050058,97.3034676824833,0.07694423650555539,73.68754071409478
25.0,10.0,31.635669216840828,182.11350712058015,0.0,-0.62914134040574,84.69391968201242,0.010414489391589437,21.977204642351623
44.0,19.0,29.700340133222692,80.85710516931749,0.0,-2.0974335956413936,54.847416928833894,0.030067926687563987,20.50593949795292
19.0,19.0,34.43210519095682,121.13318505164538,1.0,-1.1740648549899546,96.32995620086226,0.01722917231770504,31.366169888480588
51.0,20.0,50.93281964450853,12.315634692231077,1.0,-1.5020436920557212,4.236930931511434,1.8013962803819235,56.976060030837644
22.0,17.0,54.18227792212459,73.09429601445385,1.0,1.461871840148815,55.48593479946496,0.10827899007227387,57.83634623345519
9.0,9.0,33.29560582636684,21.826307970168376,1.0,-3.839814887208605,79.89183219615047,0.0995181896473718,32.05999489588542
10.0,33.0,65.39736728539671,109.15586482533043,1.0,-4.0736363131219395,3.0919738253797013,0.3636482491151313,93.03133815111067
40.0,25.0,38.573190164159044,165.31505359632112,0.0,1.6001299420846038,76.14732445264497,0.019652755408723018,27.917954172390964
40.0,29.0,75.32787953176462,49.2241115045231,0.0,0.46298069878880743,98.13816911484425,0.20725962658079689,71.57398093081054
4.0,8.0,59.40336238740384,110.21379865597791,1.0,-0.6979990325734242,113.88115465695677,0.04642775101944234,70.78225771307397
0.0,30.0,46.1810716582167,48.76164093704574,0.0,-3.4755711559209646,17.00611221141456,0.250515452769968,37.32408221744329
16.0,3.0,67.39472010217072,32.930808890785684,1.0,-0.8897288813068849,148.58473123375424,0.15655498367097534,87.10341571246843
21.0,5.0,69.07487756279988,107.08939046752506,0.0,2.897317633200116,90.92515520026433,0.07785349864048478,61.32044774236251
33.0,13.0,37.42889633653662,25.03823798044825,1.0,3.89621235789257,54.479068891849494,0.15131239408166022,31.891639813685295
44.0,3.0,40.38287263016506,121.59737991621797,0.0,2.0257656996422013,37.36392816850707,0.04560212571959663,29.549040606489193
40.0,25.0,76.1573092237162,15.954117528577992,0.0,-4.400878241191192,85.93452925251219,0.7204681598590883,77.8834291636812
28.0,38.0,29.884462301796315,30.27584465499135,1.0,1.7040977660111856,132.2567470749856,0.04216414608561478,24.191088638952287
3.0,16.0,22.529025017776053,114.49952224259799,0.0,-2.590144104537054,78.08480942120471,0.009088306893668206,14.565134873047738
4.0,18.0,47.243319356572954,122.36740845079363,1.0,-1.8474875697359494,99.22080834074404,0.031034865064198842,51.24647202617945
10.0,5.0,68.07259401461774,15.507516717814035,0.0,-3.0412679204001547,53.654465931084026,0.7799900044707836,64.56869247223217
50.0,28.0,66.30008637864475,118.94158972029611,1.0,2.757557906202046,58.22284321334589,0.10018909415007038,76.56710026676316
20.0,10.0,75.17183773476995,169.31547981149103,0.0,1.48602122637279,42.9262658657838,0.10494656159330949,70.46328661866167
34.0,15.0,51.99203986214241,147.24007368585126,1.0,1.1183505459918086,105.84559415523596,0.029605522674702383,54.76537590844519
11.0,29.0,26.003880293991998,34.92516974495174,0.0,1.6797260966927607,53.87813301248476,0.05545380073410756,16.91660526983046
25.0,24.0,55.321338460160966,122.57018303708684,0.0,-2.632277385960966,28.607460606185885,0.10719713506657026,47.5869343931204
50.0,39.0,66.7037368611927,137.72797501410056,1.0,-0.5535558567463839,55.41008567493569,0.09346954487212678,84.76635043892159
18.0,10.0,25.599687216189583,17.073928332935438,1.0,1.3325372154898918,128.07408117491343,0.05123421108568186,19.704662376054216
44.0,6.0,30.359444065855385,172.5160570498883,1.0,1.3659402761830042,110.73780653653851,0.008062555783012768,24.875718045963715
6.0,25.0,20.737439669340255,182.19080548506773,1.0,2.9185186275513053,50.196126669534586,0.007010635888079259,14.586476690749599
46.0,21.0,55.61915476680862,171.58593193882913,0.0,-2.1289603331188944,136.02134472550534,0.023997031711620632,47.66174441968856
54.0,24.0,73.20406351675426,166.67997891793152,0.0,2.703361216968224,11.224895267620044,0.21604709152453627,66.82923969373552
6.0,18.0,60.23979896012597,151.5433877075697,0.0,-0.5981551938306429,7.463068712046484,0.17702275357407996,52.434125911119494
25.0,30.0,78.92240525545893,130.35208594357243,0.0,1.7017269205893482,19.120553217786192,0.25976044446986224,75.50024952068065
39.0,25.0,23.782019149985693,138.93913094776786,0.0,-0.44280619934713217,17.468213378790466,0.02280535663517124,15.354187841171063
4.0,35.0,74.18006510908978,163.2151057336468,1.0,4.486101697909433,13.175147251851078,0.21909719761912258,87.59830641944083
20.0,22.0,68.84409724320084,135.87470708864788,1.0,-3.2069773525835554,99.20139179969885,0.060583188263863025,97.82765224195165
13.0,12.0,38.85449122997029,72.26812176959348,1.0,1.7500508858235708,90.12635694831359,0.03770316245349649,35.02860906325964
3.0,24.0,78.4115931102351,81.43260941065725,1.0,0.7653500076815889,97.1408265872572,0.13378688448799853,105.75165332401784
22.0,1.0,37.2762648902849,180.44091899073553,1.0,-3.272689590522554,103.2549081243045,0.011901324890795085,37.30030185046828
41.0,1.0,73.3582834296931,13.253196301460761,0.0,-4.3399366418833205,113.53196287210197,0.5873315065909775,73.54295429100901
19.0,15.0,72.84491462445136,142.7759104364136,0.0,2.991443889716636,31.076539122961556,0.14680035450752188,66.13896393913801
14.0,8.0,65.45945699617835,191.40773496079095,1.0,-3.425486663537348,93.34552698521998,0.038610375101414234,90.81007873997166
49.0,27.0,53.80822842877111,144.183352292015,1.0,-3.13493317214224,87.007298900456,0.03967990718355048,65.47257134156983
51.0,12.0,27.200164977013284,198.8432777640386,1.0,4.784342239890393,141.54900387052106,0.004654961364718009,20.309000855835617
44.0,34.0,51.9183040697899,140.63353205038285,0.0,2.1726085147663077,34.855158635947284,0.075266192656917,41.36863607654657
28.0,12.0,41.40777533929607,16.528975551203605,1.0,-2.4951315839877752,8.808440156149711,0.7210262281324579,42.70966668039743
7.0,30.0,67.5330219893211,167.13187751291548,1.0,0.9094896015160125,98.02426045718148,0.049057005382096036,82.78904105067045
40.0,20.0,65.4877523898107,64.07968326847063,1.0,0.34111838402513306,111.02592603550677,0.10559667905128435,80.1268858858362
47.0,31.0,74.63675044235632,94.75087287624378,0.0,3.4447326751384755,42.4794008711326,0.20112273014183923,68.16617216324855
18.0,33.0,20.889809745902472,69.2974640223456,1.0,2.2932074783262433,85.62726464095034,0.012785616517872897,14.844875701636017
47.0,7.0,68.54619300938276,61.02528017983909,0.0,3.3172112549318578,8.930409830122588,0.5277828688285607,60.37386648802692
38.0,1.0,76.30772318748012,91.96708369725923,1.0,-2.884934120226376,144.00672617524336,0.07441617552087143,114.58718817190086
45.0,37.0,67.358026946489,81.96277520372801,1.0,1.402192043670052,16.48874599487529,0.32934912931863813,81.32745338458928
27.0,31.0,27.811667592222,130.33433055009198,0.0,-4.597591415816197,10.135580422799356,0.04201516285751211,19.2464590673346
45.0,39.0,24.876746290453266,164.49872818762702,0.0,-4.310593877207799,6.616523924192857,0.030839701980777918,16.67382386486215
26.0,27.0,21.25071438846205,66.44684410557575,1.0,2.1352703270459727,64.0907859755029,0.017031984052722406,15.211131285162757
3.0,36.0,57.72471354968426,50.60701903618331,1.0,-4.755798973560687,14.573961518578503,0.4118601852941476,77.97874496921244
14.0,0.0,57.780359111593235,136.71010146536503,0.0,0.7976500890050919,111.69723614333628,0.03490680419829554,48.6662075859921
34.0,9.0,79.21482285309274,137.36081250784852,0.0,3.4040509844453,134.83112409396085,0.05857761122021196,74.39045539472232
36.0,3.0,43.88259044624574,181.21493546437264,1.0,-1.200581915819714,39.03283984872856,0.03494108957151186,44.9572016455985
0.0,34.0,39.91437709384981,13.029680426129062,0.0,-4.551595631600872,94.31596788770983,0.2297962028444254,30.941710906567536
2.0,9.0,57.46549563106355,172.07772580213688,0.0,2.138474496287268,6.3507670517726655,0.1418537290973791,47.62736986920744
46.0,10.0,69.53652035045563,108.99041286018782,1.0,4.296864524641508,57.98467075391931,0.11397767998286434,79.49782700464067
23.0,13.0,76.20643697138011,128.04739694269878,1.0,2.1717139205826785,43.94131701415925,0.14225160475802154,96.97880024302304
26.0,37.0,68.18744997074232,27.360573706668806,1.0,0.7844724300277528,34.29286446605382,0.6793104682551543,84.37086554092726
39.0,11.0,45.600438836948285,92.19683724568867,0.0,-2.6997117012093996,96.70852344430486,0.03874092528065081,36.36545945822725
35.0,16.0,58.09485411872385,53.18745737531952,1.0,-4.84624375955503,19.534191953780443,0.3269771630084554,79.09391066345363
33.0,15.0,71.37795960296702,58.302755715676724,1.0,1.9467210847905325,129.10657849454824,0.11889051232190935,87.86904242358156
28.0,34.0,49.43658129870437,105.7780717884452,0.0,-2.6897382415570705,99.7253859553102,0.04153553675569782,40.65727479748261
23.0,1.0,33.001198622323564,164.36663057659135,1.0,3.581626771823575,106.6102768032087,0.009976954114699474,26.8814716662536
23.0,10.0,30.183406384872377,151.31837672752266,0.0,-0.3363588116738869,140.3016462986502,0.007443853693011367,20.654067117703605
41.0,2.0,20.009464674683404,122.28999222633122,0.0,0.30635582372456227,141.3559307253772,0.003934993671107574,12.407410715347096
3.0,28.0,63.09427969887706,112.48945662315873,1.0,2.5393654426636667,82.74784857288537,0.07253349133448767,71.24753793354732
2.0,17.0,26.66583253075943,91.1881482145531,1.0,2.794306078033432,74.30697259289707,0.016689650567963767,20.344915103491928
33.0,19.0,34.63034598175643,194.8148949766634,0.0,1.4265083308056814,50.30724123403652,0.01800796552486619,24.30342689148221
48.0,13.0,37.8725798913676,116.43658530450433,1.0,4.38431815412743,107.33574153037024,0.019596420879368467,32.15695089409529
22.0,33.0,53.6227916082061,58.2536156793222,0.0,4.822984363204194,80.73133304697194,0.10512061633578987,42.209815680038474
52.0,30.0,43.87743663774616,53.717250487607515,0.0,4.468854443746169,139.9312619610187,0.04778988673128721,32.33683751775327
51.0,39.0,60.480439521389705,126.15707584727694,1.0,3.241791853439435,35.793892306890804,0.11338353006178849,65.61675970764634
22.0,17.0,23.338319559722162,109.33723018907646,1.0,2.0562522024425145,46.53790293757361,0.015236358745208619,17.219966677704367
44.0,29.0,27.436351655866368,11.462582561395429,0.0,1.6332585788166754,47.41356711299531,0.20700920522235702,18.081226402911234
4.0,24.0,49.952690211996,167.71242071719809,0.0,-3.962498230794661,120.89976818350605,0.02192401833482603,41.8744823847218
30.0,18.0,40.21788727080979,143.7832473041626,1.0,-2.285156531808875,14.85604977632285,0.06609324773279208,40.62242019105693
52.0,7.0,37.74880176508158,135.74756503883967,0.0,-4.94311776470623,68.34736814834696,0.023617752989917137,28.819278709323346
40.0,27.0,24.021684742251363,23.068324962555202,0.0,-3.6259012976600813,64.1371105459571,0.06278708641501597,15.879297522315643
53.0,7.0,73.74315048488009,78.79061153277337,0.0,-0.6077052283081164,10.97094315206379,0.4431670185712735,70.31967078097485
5.0,30.0,61.50911516750305,187.7226295392294,1.0,-3.5346344921092667,61.61954978165207,0.05237750201855387,82.37656079855594
36.0,2.0,27.297089409178962,173.8919558548591,0.0,4.016634146767579,77.0066974925972,0.008538857704669528,17.717326241581368
9.0,2.0,23.902757464228436,64.25315819521136,0.0,3.0569918533528195,9.765703875736985,0.05654395344746623,15.145757378133787
39.0,21.0,78.49235200587458,39.84118797883635,1.0,-4.283880879104817,76.4793192667001,0.3323270421999672,127.32507353101688
6.0,16.0,60.87035302637029,95.32671186202964,0.0,-2.5108628453273396,143.88568570251016,0.04776142865842027,54.47482818568573
38.0,35.0,45.04736426562449,77.60777194685556,0.0,3.190718846115088,146.83714847422985,0.033841379387876076,33.831693202351524
37.0,16.0,62.10386244534709,139.6230115741383,1.0,3.030461265598735,79.75196678847168,0.056451348697668005,68.69559291216463
20.0,13.0,65.37990718880954,193.62261391602073,1.0,4.454505501177888,77.26453989044384,0.04545708379985877,71.97610235656951
19.0,8.0,66.79773214332675,78.97027549668668,1.0,4.9754776161736025,42.82622496245872,0.17636632077403647,73.54844049380846
2.0,29.0,48.67263833918346,21.822592803925982,1.0,4.762700632411219,149.56732075681523,0.13527169023188287,45.83739791540161
50.0,20.0,45.79296548749088,180.5466615850532,1.0,-0.8986201427855856,41.134375653783906,0.03937058938132608,47.564706896427545
21.0,11.0,20.66168505613402,17.21044874557545,0.0,-2.496715561979678,67.93519506599345,0.056073863864789686,13.099509952887553
46.0,36.0,75.59342690851028,191.02552045913328,0.0,2.584101904270625,0.44010867040147894,0.3169186337872986,70.1260635598802
3.0,31.0,56.198472703336584,136.27009132171756,1.0,-2.007271072559692,52.38484363637053,0.06812783871333151,67.5359225742367
